[2023-01-08 05:38:08] local.DEBUG: Process Apps dispatched  
[2023-01-08 05:38:08] local.DEBUG: Process Apps dispatched  
[2023-01-08 05:38:09] local.DEBUG: Update of all apps triggered!  
[2023-01-08 05:38:09] local.DEBUG: Update of all apps finished!  
[2023-01-08 05:38:09] local.DEBUG: Process Apps dispatched  
[2023-01-08 05:38:16] local.DEBUG: Process Apps dispatched  
[2023-01-08 05:39:24] local.DEBUG: Process Apps dispatched  
[2023-01-08 05:39:25] local.DEBUG: Get app triggered for: 07b796b3a10eaa8b6f485ed2379187a39400b459  
[2023-01-08 05:39:25] local.DEBUG: Download triggered for stdClass Object
(
    [appid] => 07b796b3a10eaa8b6f485ed2379187a39400b459
    [name] => Portainer
    [website] => https://portainer.io
    [license] => zlib License
    [description] => Portainer is a simple management solution for Docker. Easily manage your Docker hosts and Docker Swarm clusters via Portainer web user interface.
    [enhanced] => 1
    [tile_background] => dark
    [icon] => portainer.svg
    [sha] => dec280a9a04238ae205afb8b8f3f26d6fc658755
    [class] => \App\SupportedApps\Portainer\Portainer
)
  
[2023-01-08 05:40:12] local.DEBUG: Get app triggered for: 3ebd4dd8afe6308e392ccf09e3516eee99a1e8df  
[2023-01-08 05:40:12] local.DEBUG: Download triggered for stdClass Object
(
    [appid] => 3ebd4dd8afe6308e392ccf09e3516eee99a1e8df
    [name] => qBittorrent
    [website] => https://www.qbittorrent.org
    [license] => GNU General Public License v2.0 only
    [description] => The qBittorrent project aims to provide an open-source software alternative to µTorrent.
    [enhanced] => 1
    [tile_background] => dark
    [icon] => qbittorrent.svg
    [sha] => e4e9a2b23835f96582da71d499cd808412280771
    [class] => \App\SupportedApps\qBittorrent\qBittorrent
)
  
[2023-01-08 05:40:46] local.DEBUG: Get app triggered for: e4475bc2121ed1ffd1e742c7c2521ca0f16cef93  
[2023-01-08 05:40:46] local.DEBUG: Download triggered for stdClass Object
(
    [appid] => e4475bc2121ed1ffd1e742c7c2521ca0f16cef93
    [name] => Cockpit
    [website] => https://cockpit-project.org
    [license] => GNU Lesser General Public License v2.1 only
    [description] => Cockpit is an interactive server admin interface. It is easy to use and very lightweight. Cockpit interacts directly with the operating system from a real Linux session in a browser.
    [enhanced] => 
    [tile_background] => dark
    [icon] => cockpit.png
    [sha] => f4b9706005a04ff8df78653ebd0b8081997d610f
    [class] => \App\SupportedApps\Cockpit\Cockpit
)
  
[2023-01-08 05:41:22] local.DEBUG: Process Apps dispatched  
[2023-01-08 05:41:39] local.DEBUG: Get app triggered for: 8cdba423d7bb49fad21662247750cd715f08cdc5  
[2023-01-08 05:41:39] local.DEBUG: Download triggered for stdClass Object
(
    [appid] => 8cdba423d7bb49fad21662247750cd715f08cdc5
    [name] => UniFi
    [website] => https://unifi-sdn.ubnt.com
    [license] => Unknown
    [description] => The UniFi® Controller software is a powerful, enterprise wireless software engine ideal for high-density client deployments requiring low latency and high uptime performance.
    [enhanced] => 
    [tile_background] => light
    [icon] => unifi.png
    [sha] => c5b9087190125eb2533d06dbc6106e8b058ee869
    [class] => \App\SupportedApps\UniFi\UniFi
)
  
[2023-01-08 05:41:40] local.ERROR: Call to undefined method Illuminate\Support\Facades\Request::input() {"exception":"[object] (Error(code: 0): Call to undefined method Illuminate\\Support\\Facades\\Request::input() at /app/www/routes/web.php:86)
[stacktrace]
#0 /app/www/vendor/laravel/framework/src/Illuminate/Routing/Route.php(238): Illuminate\\Routing\\RouteFileRegistrar->{closure}()
#1 /app/www/vendor/laravel/framework/src/Illuminate/Routing/Route.php(208): Illuminate\\Routing\\Route->runCallable()
#2 /app/www/vendor/laravel/framework/src/Illuminate/Routing/Router.php(721): Illuminate\\Routing\\Route->run()
#3 /app/www/vendor/laravel/framework/src/Illuminate/Pipeline/Pipeline.php(128): Illuminate\\Routing\\Router->Illuminate\\Routing\\{closure}()
#4 /app/www/vendor/laravel/framework/src/Illuminate/Routing/Middleware/SubstituteBindings.php(50): Illuminate\\Pipeline\\Pipeline->Illuminate\\Pipeline\\{closure}()
#5 /app/www/vendor/laravel/framework/src/Illuminate/Pipeline/Pipeline.php(167): Illuminate\\Routing\\Middleware\\SubstituteBindings->handle()
#6 /app/www/vendor/laravel/framework/src/Illuminate/Foundation/Http/Middleware/VerifyCsrfToken.php(78): Illuminate\\Pipeline\\Pipeline->Illuminate\\Pipeline\\{closure}()
#7 /app/www/vendor/laravel/framework/src/Illuminate/Pipeline/Pipeline.php(167): Illuminate\\Foundation\\Http\\Middleware\\VerifyCsrfToken->handle()
#8 /app/www/vendor/laravel/framework/src/Illuminate/View/Middleware/ShareErrorsFromSession.php(49): Illuminate\\Pipeline\\Pipeline->Illuminate\\Pipeline\\{closure}()
#9 /app/www/vendor/laravel/framework/src/Illuminate/Pipeline/Pipeline.php(167): Illuminate\\View\\Middleware\\ShareErrorsFromSession->handle()
#10 /app/www/vendor/laravel/framework/src/Illuminate/Session/Middleware/StartSession.php(121): Illuminate\\Pipeline\\Pipeline->Illuminate\\Pipeline\\{closure}()
#11 /app/www/vendor/laravel/framework/src/Illuminate/Session/Middleware/StartSession.php(64): Illuminate\\Session\\Middleware\\StartSession->handleStatefulRequest()
#12 /app/www/vendor/laravel/framework/src/Illuminate/Pipeline/Pipeline.php(167): Illuminate\\Session\\Middleware\\StartSession->handle()
#13 /app/www/vendor/laravel/framework/src/Illuminate/Cookie/Middleware/AddQueuedCookiesToResponse.php(37): Illuminate\\Pipeline\\Pipeline->Illuminate\\Pipeline\\{closure}()
#14 /app/www/vendor/laravel/framework/src/Illuminate/Pipeline/Pipeline.php(167): Illuminate\\Cookie\\Middleware\\AddQueuedCookiesToResponse->handle()
#15 /app/www/vendor/laravel/framework/src/Illuminate/Cookie/Middleware/EncryptCookies.php(67): Illuminate\\Pipeline\\Pipeline->Illuminate\\Pipeline\\{closure}()
#16 /app/www/vendor/laravel/framework/src/Illuminate/Pipeline/Pipeline.php(167): Illuminate\\Cookie\\Middleware\\EncryptCookies->handle()
#17 /app/www/vendor/laravel/framework/src/Illuminate/Pipeline/Pipeline.php(103): Illuminate\\Pipeline\\Pipeline->Illuminate\\Pipeline\\{closure}()
#18 /app/www/vendor/laravel/framework/src/Illuminate/Routing/Router.php(723): Illuminate\\Pipeline\\Pipeline->then()
#19 /app/www/vendor/laravel/framework/src/Illuminate/Routing/Router.php(698): Illuminate\\Routing\\Router->runRouteWithinStack()
#20 /app/www/vendor/laravel/framework/src/Illuminate/Routing/Router.php(662): Illuminate\\Routing\\Router->runRoute()
#21 /app/www/vendor/laravel/framework/src/Illuminate/Routing/Router.php(651): Illuminate\\Routing\\Router->dispatchToRoute()
#22 /app/www/vendor/laravel/framework/src/Illuminate/Foundation/Http/Kernel.php(167): Illuminate\\Routing\\Router->dispatch()
#23 /app/www/vendor/laravel/framework/src/Illuminate/Pipeline/Pipeline.php(128): Illuminate\\Foundation\\Http\\Kernel->Illuminate\\Foundation\\Http\\{closure}()
#24 /app/www/vendor/fideloper/proxy/src/TrustProxies.php(57): Illuminate\\Pipeline\\Pipeline->Illuminate\\Pipeline\\{closure}()
#25 /app/www/vendor/laravel/framework/src/Illuminate/Pipeline/Pipeline.php(167): Fideloper\\Proxy\\TrustProxies->handle()
#26 /app/www/vendor/laravel/framework/src/Illuminate/Foundation/Http/Middleware/TransformsRequest.php(21): Illuminate\\Pipeline\\Pipeline->Illuminate\\Pipeline\\{closure}()
#27 /app/www/vendor/laravel/framework/src/Illuminate/Foundation/Http/Middleware/ConvertEmptyStringsToNull.php(31): Illuminate\\Foundation\\Http\\Middleware\\TransformsRequest->handle()
#28 /app/www/vendor/laravel/framework/src/Illuminate/Pipeline/Pipeline.php(167): Illuminate\\Foundation\\Http\\Middleware\\ConvertEmptyStringsToNull->handle()
#29 /app/www/vendor/laravel/framework/src/Illuminate/Foundation/Http/Middleware/TransformsRequest.php(21): Illuminate\\Pipeline\\Pipeline->Illuminate\\Pipeline\\{closure}()
#30 /app/www/vendor/laravel/framework/src/Illuminate/Foundation/Http/Middleware/TrimStrings.php(40): Illuminate\\Foundation\\Http\\Middleware\\TransformsRequest->handle()
#31 /app/www/vendor/laravel/framework/src/Illuminate/Pipeline/Pipeline.php(167): Illuminate\\Foundation\\Http\\Middleware\\TrimStrings->handle()
#32 /app/www/vendor/laravel/framework/src/Illuminate/Foundation/Http/Middleware/ValidatePostSize.php(27): Illuminate\\Pipeline\\Pipeline->Illuminate\\Pipeline\\{closure}()
#33 /app/www/vendor/laravel/framework/src/Illuminate/Pipeline/Pipeline.php(167): Illuminate\\Foundation\\Http\\Middleware\\ValidatePostSize->handle()
#34 /app/www/vendor/laravel/framework/src/Illuminate/Foundation/Http/Middleware/PreventRequestsDuringMaintenance.php(86): Illuminate\\Pipeline\\Pipeline->Illuminate\\Pipeline\\{closure}()
#35 /app/www/vendor/laravel/framework/src/Illuminate/Pipeline/Pipeline.php(167): Illuminate\\Foundation\\Http\\Middleware\\PreventRequestsDuringMaintenance->handle()
#36 /app/www/vendor/laravel/framework/src/Illuminate/Pipeline/Pipeline.php(103): Illuminate\\Pipeline\\Pipeline->Illuminate\\Pipeline\\{closure}()
#37 /app/www/vendor/laravel/framework/src/Illuminate/Foundation/Http/Kernel.php(142): Illuminate\\Pipeline\\Pipeline->then()
#38 /app/www/vendor/laravel/framework/src/Illuminate/Foundation/Http/Kernel.php(111): Illuminate\\Foundation\\Http\\Kernel->sendRequestThroughRouter()
#39 /app/www/public/index.php(55): Illuminate\\Foundation\\Http\\Kernel->handle()
#40 {main}
"} 
[2023-01-08 05:42:21] local.DEBUG: Get app triggered for: b89920409bdce40e08ba1023480b0546061cd577  
[2023-01-08 05:42:21] local.DEBUG: Download triggered for stdClass Object
(
    [appid] => b89920409bdce40e08ba1023480b0546061cd577
    [name] => Pi-hole
    [website] => https://pi-hole.net
    [license] => European Union Public License 1.2
    [description] => Pi-hole is a Linux network-level advertisement and internet tracker blocking application which acts as a DNS sinkhole, intended for use on a private network.
    [enhanced] => 1
    [tile_background] => dark
    [icon] => pihole.svg
    [sha] => 110b4bed78a5bf60b44c747b7d26d62a4df2ce84
    [class] => \App\SupportedApps\Pihole\Pihole
)
  
[2023-01-08 05:42:41] local.DEBUG: Get app triggered for: b89920409bdce40e08ba1023480b0546061cd577  
[2023-01-08 05:43:13] local.DEBUG: Get app triggered for: 5c81a4f5ee23ebffa0724a22a040c54e6cb9d7c5  
[2023-01-08 05:43:13] local.DEBUG: Download triggered for stdClass Object
(
    [appid] => 5c81a4f5ee23ebffa0724a22a040c54e6cb9d7c5
    [name] => HomeAssistant
    [website] => https://www.home-assistant.io
    [license] => Apache License 2.0
    [description] => Open source home automation that puts local control and privacy first. Powered by a worldwide community of tinkerers and DIY enthusiasts.
    [enhanced] => 1
    [tile_background] => dark
    [icon] => homeassistant.svg
    [sha] => 53580b25cf28e06e914fe133cc50032cb8089ac4
    [class] => \App\SupportedApps\HomeAssistant\HomeAssistant
)
  
[2023-01-08 05:48:17] local.DEBUG: Get app triggered for: 391f2b7f3fe853e1ea09723eeafc354fa291ab48  
[2023-01-08 05:48:17] local.DEBUG: Download triggered for stdClass Object
(
    [appid] => 391f2b7f3fe853e1ea09723eeafc354fa291ab48
    [name] => Proxmox
    [website] => https://www.proxmox.com/en/
    [license] => GNU Affero General Public License v3.0 only
    [description] => Proxmox Virtual Environment is an open-source server virtualization environment. It allows deployment and management of virtual machines and containers
    [enhanced] => 1
    [tile_background] => light
    [icon] => proxmox.svg
    [sha] => 98ad9b1045c76a332b05f8500dae8ab476fe7041
    [class] => \App\SupportedApps\Proxmox\Proxmox
)
  
[2023-01-08 05:48:17] local.ERROR: Call to undefined method Illuminate\Support\Facades\Request::input() {"exception":"[object] (Error(code: 0): Call to undefined method Illuminate\\Support\\Facades\\Request::input() at /app/www/routes/web.php:86)
[stacktrace]
#0 /app/www/vendor/laravel/framework/src/Illuminate/Routing/Route.php(238): Illuminate\\Routing\\RouteFileRegistrar->{closure}()
#1 /app/www/vendor/laravel/framework/src/Illuminate/Routing/Route.php(208): Illuminate\\Routing\\Route->runCallable()
#2 /app/www/vendor/laravel/framework/src/Illuminate/Routing/Router.php(721): Illuminate\\Routing\\Route->run()
#3 /app/www/vendor/laravel/framework/src/Illuminate/Pipeline/Pipeline.php(128): Illuminate\\Routing\\Router->Illuminate\\Routing\\{closure}()
#4 /app/www/vendor/laravel/framework/src/Illuminate/Routing/Middleware/SubstituteBindings.php(50): Illuminate\\Pipeline\\Pipeline->Illuminate\\Pipeline\\{closure}()
#5 /app/www/vendor/laravel/framework/src/Illuminate/Pipeline/Pipeline.php(167): Illuminate\\Routing\\Middleware\\SubstituteBindings->handle()
#6 /app/www/vendor/laravel/framework/src/Illuminate/Foundation/Http/Middleware/VerifyCsrfToken.php(78): Illuminate\\Pipeline\\Pipeline->Illuminate\\Pipeline\\{closure}()
#7 /app/www/vendor/laravel/framework/src/Illuminate/Pipeline/Pipeline.php(167): Illuminate\\Foundation\\Http\\Middleware\\VerifyCsrfToken->handle()
#8 /app/www/vendor/laravel/framework/src/Illuminate/View/Middleware/ShareErrorsFromSession.php(49): Illuminate\\Pipeline\\Pipeline->Illuminate\\Pipeline\\{closure}()
#9 /app/www/vendor/laravel/framework/src/Illuminate/Pipeline/Pipeline.php(167): Illuminate\\View\\Middleware\\ShareErrorsFromSession->handle()
#10 /app/www/vendor/laravel/framework/src/Illuminate/Session/Middleware/StartSession.php(121): Illuminate\\Pipeline\\Pipeline->Illuminate\\Pipeline\\{closure}()
#11 /app/www/vendor/laravel/framework/src/Illuminate/Session/Middleware/StartSession.php(64): Illuminate\\Session\\Middleware\\StartSession->handleStatefulRequest()
#12 /app/www/vendor/laravel/framework/src/Illuminate/Pipeline/Pipeline.php(167): Illuminate\\Session\\Middleware\\StartSession->handle()
#13 /app/www/vendor/laravel/framework/src/Illuminate/Cookie/Middleware/AddQueuedCookiesToResponse.php(37): Illuminate\\Pipeline\\Pipeline->Illuminate\\Pipeline\\{closure}()
#14 /app/www/vendor/laravel/framework/src/Illuminate/Pipeline/Pipeline.php(167): Illuminate\\Cookie\\Middleware\\AddQueuedCookiesToResponse->handle()
#15 /app/www/vendor/laravel/framework/src/Illuminate/Cookie/Middleware/EncryptCookies.php(67): Illuminate\\Pipeline\\Pipeline->Illuminate\\Pipeline\\{closure}()
#16 /app/www/vendor/laravel/framework/src/Illuminate/Pipeline/Pipeline.php(167): Illuminate\\Cookie\\Middleware\\EncryptCookies->handle()
#17 /app/www/vendor/laravel/framework/src/Illuminate/Pipeline/Pipeline.php(103): Illuminate\\Pipeline\\Pipeline->Illuminate\\Pipeline\\{closure}()
#18 /app/www/vendor/laravel/framework/src/Illuminate/Routing/Router.php(723): Illuminate\\Pipeline\\Pipeline->then()
#19 /app/www/vendor/laravel/framework/src/Illuminate/Routing/Router.php(698): Illuminate\\Routing\\Router->runRouteWithinStack()
#20 /app/www/vendor/laravel/framework/src/Illuminate/Routing/Router.php(662): Illuminate\\Routing\\Router->runRoute()
#21 /app/www/vendor/laravel/framework/src/Illuminate/Routing/Router.php(651): Illuminate\\Routing\\Router->dispatchToRoute()
#22 /app/www/vendor/laravel/framework/src/Illuminate/Foundation/Http/Kernel.php(167): Illuminate\\Routing\\Router->dispatch()
#23 /app/www/vendor/laravel/framework/src/Illuminate/Pipeline/Pipeline.php(128): Illuminate\\Foundation\\Http\\Kernel->Illuminate\\Foundation\\Http\\{closure}()
#24 /app/www/vendor/fideloper/proxy/src/TrustProxies.php(57): Illuminate\\Pipeline\\Pipeline->Illuminate\\Pipeline\\{closure}()
#25 /app/www/vendor/laravel/framework/src/Illuminate/Pipeline/Pipeline.php(167): Fideloper\\Proxy\\TrustProxies->handle()
#26 /app/www/vendor/laravel/framework/src/Illuminate/Foundation/Http/Middleware/TransformsRequest.php(21): Illuminate\\Pipeline\\Pipeline->Illuminate\\Pipeline\\{closure}()
#27 /app/www/vendor/laravel/framework/src/Illuminate/Foundation/Http/Middleware/ConvertEmptyStringsToNull.php(31): Illuminate\\Foundation\\Http\\Middleware\\TransformsRequest->handle()
#28 /app/www/vendor/laravel/framework/src/Illuminate/Pipeline/Pipeline.php(167): Illuminate\\Foundation\\Http\\Middleware\\ConvertEmptyStringsToNull->handle()
#29 /app/www/vendor/laravel/framework/src/Illuminate/Foundation/Http/Middleware/TransformsRequest.php(21): Illuminate\\Pipeline\\Pipeline->Illuminate\\Pipeline\\{closure}()
#30 /app/www/vendor/laravel/framework/src/Illuminate/Foundation/Http/Middleware/TrimStrings.php(40): Illuminate\\Foundation\\Http\\Middleware\\TransformsRequest->handle()
#31 /app/www/vendor/laravel/framework/src/Illuminate/Pipeline/Pipeline.php(167): Illuminate\\Foundation\\Http\\Middleware\\TrimStrings->handle()
#32 /app/www/vendor/laravel/framework/src/Illuminate/Foundation/Http/Middleware/ValidatePostSize.php(27): Illuminate\\Pipeline\\Pipeline->Illuminate\\Pipeline\\{closure}()
#33 /app/www/vendor/laravel/framework/src/Illuminate/Pipeline/Pipeline.php(167): Illuminate\\Foundation\\Http\\Middleware\\ValidatePostSize->handle()
#34 /app/www/vendor/laravel/framework/src/Illuminate/Foundation/Http/Middleware/PreventRequestsDuringMaintenance.php(86): Illuminate\\Pipeline\\Pipeline->Illuminate\\Pipeline\\{closure}()
#35 /app/www/vendor/laravel/framework/src/Illuminate/Pipeline/Pipeline.php(167): Illuminate\\Foundation\\Http\\Middleware\\PreventRequestsDuringMaintenance->handle()
#36 /app/www/vendor/laravel/framework/src/Illuminate/Pipeline/Pipeline.php(103): Illuminate\\Pipeline\\Pipeline->Illuminate\\Pipeline\\{closure}()
#37 /app/www/vendor/laravel/framework/src/Illuminate/Foundation/Http/Kernel.php(142): Illuminate\\Pipeline\\Pipeline->then()
#38 /app/www/vendor/laravel/framework/src/Illuminate/Foundation/Http/Kernel.php(111): Illuminate\\Foundation\\Http\\Kernel->sendRequestThroughRouter()
#39 /app/www/public/index.php(55): Illuminate\\Foundation\\Http\\Kernel->handle()
#40 {main}
"} 
[2023-01-08 05:49:21] local.ERROR: Attempt to read property "cpu" on null {"exception":"[object] (ErrorException(code: 0): Attempt to read property \"cpu\" on null at /config/www/SupportedApps/Proxmox/Proxmox.php:59)
[stacktrace]
#0 /config/www/SupportedApps/Proxmox/Proxmox.php(59): Illuminate\\Foundation\\Bootstrap\\HandleExceptions->handleError()
#1 /app/www/app/Http/Controllers/ItemController.php(503): App\\SupportedApps\\Proxmox\\Proxmox->livestats()
#2 /app/www/vendor/laravel/framework/src/Illuminate/Routing/Controller.php(54): App\\Http\\Controllers\\ItemController->getStats()
#3 /app/www/vendor/laravel/framework/src/Illuminate/Routing/ControllerDispatcher.php(45): Illuminate\\Routing\\Controller->callAction()
#4 /app/www/vendor/laravel/framework/src/Illuminate/Routing/Route.php(262): Illuminate\\Routing\\ControllerDispatcher->dispatch()
#5 /app/www/vendor/laravel/framework/src/Illuminate/Routing/Route.php(205): Illuminate\\Routing\\Route->runController()
#6 /app/www/vendor/laravel/framework/src/Illuminate/Routing/Router.php(721): Illuminate\\Routing\\Route->run()
#7 /app/www/vendor/laravel/framework/src/Illuminate/Pipeline/Pipeline.php(128): Illuminate\\Routing\\Router->Illuminate\\Routing\\{closure}()
#8 /app/www/app/Http/Middleware/CheckAllowed.php(46): Illuminate\\Pipeline\\Pipeline->Illuminate\\Pipeline\\{closure}()
#9 /app/www/vendor/laravel/framework/src/Illuminate/Pipeline/Pipeline.php(167): App\\Http\\Middleware\\CheckAllowed->handle()
#10 /app/www/app/Http/Controllers/Controller.php(22): Illuminate\\Pipeline\\Pipeline->Illuminate\\Pipeline\\{closure}()
#11 /app/www/vendor/laravel/framework/src/Illuminate/Pipeline/Pipeline.php(149): App\\Http\\Controllers\\Controller->App\\Http\\Controllers\\{closure}()
#12 /app/www/vendor/laravel/framework/src/Illuminate/Routing/Middleware/SubstituteBindings.php(50): Illuminate\\Pipeline\\Pipeline->Illuminate\\Pipeline\\{closure}()
#13 /app/www/vendor/laravel/framework/src/Illuminate/Pipeline/Pipeline.php(167): Illuminate\\Routing\\Middleware\\SubstituteBindings->handle()
#14 /app/www/vendor/laravel/framework/src/Illuminate/Foundation/Http/Middleware/VerifyCsrfToken.php(78): Illuminate\\Pipeline\\Pipeline->Illuminate\\Pipeline\\{closure}()
#15 /app/www/vendor/laravel/framework/src/Illuminate/Pipeline/Pipeline.php(167): Illuminate\\Foundation\\Http\\Middleware\\VerifyCsrfToken->handle()
#16 /app/www/vendor/laravel/framework/src/Illuminate/View/Middleware/ShareErrorsFromSession.php(49): Illuminate\\Pipeline\\Pipeline->Illuminate\\Pipeline\\{closure}()
#17 /app/www/vendor/laravel/framework/src/Illuminate/Pipeline/Pipeline.php(167): Illuminate\\View\\Middleware\\ShareErrorsFromSession->handle()
#18 /app/www/vendor/laravel/framework/src/Illuminate/Session/Middleware/StartSession.php(121): Illuminate\\Pipeline\\Pipeline->Illuminate\\Pipeline\\{closure}()
#19 /app/www/vendor/laravel/framework/src/Illuminate/Session/Middleware/StartSession.php(64): Illuminate\\Session\\Middleware\\StartSession->handleStatefulRequest()
#20 /app/www/vendor/laravel/framework/src/Illuminate/Pipeline/Pipeline.php(167): Illuminate\\Session\\Middleware\\StartSession->handle()
#21 /app/www/vendor/laravel/framework/src/Illuminate/Cookie/Middleware/AddQueuedCookiesToResponse.php(37): Illuminate\\Pipeline\\Pipeline->Illuminate\\Pipeline\\{closure}()
#22 /app/www/vendor/laravel/framework/src/Illuminate/Pipeline/Pipeline.php(167): Illuminate\\Cookie\\Middleware\\AddQueuedCookiesToResponse->handle()
#23 /app/www/vendor/laravel/framework/src/Illuminate/Cookie/Middleware/EncryptCookies.php(67): Illuminate\\Pipeline\\Pipeline->Illuminate\\Pipeline\\{closure}()
#24 /app/www/vendor/laravel/framework/src/Illuminate/Pipeline/Pipeline.php(167): Illuminate\\Cookie\\Middleware\\EncryptCookies->handle()
#25 /app/www/vendor/laravel/framework/src/Illuminate/Pipeline/Pipeline.php(103): Illuminate\\Pipeline\\Pipeline->Illuminate\\Pipeline\\{closure}()
#26 /app/www/vendor/laravel/framework/src/Illuminate/Routing/Router.php(723): Illuminate\\Pipeline\\Pipeline->then()
#27 /app/www/vendor/laravel/framework/src/Illuminate/Routing/Router.php(698): Illuminate\\Routing\\Router->runRouteWithinStack()
#28 /app/www/vendor/laravel/framework/src/Illuminate/Routing/Router.php(662): Illuminate\\Routing\\Router->runRoute()
#29 /app/www/vendor/laravel/framework/src/Illuminate/Routing/Router.php(651): Illuminate\\Routing\\Router->dispatchToRoute()
#30 /app/www/vendor/laravel/framework/src/Illuminate/Foundation/Http/Kernel.php(167): Illuminate\\Routing\\Router->dispatch()
#31 /app/www/vendor/laravel/framework/src/Illuminate/Pipeline/Pipeline.php(128): Illuminate\\Foundation\\Http\\Kernel->Illuminate\\Foundation\\Http\\{closure}()
#32 /app/www/vendor/fideloper/proxy/src/TrustProxies.php(57): Illuminate\\Pipeline\\Pipeline->Illuminate\\Pipeline\\{closure}()
#33 /app/www/vendor/laravel/framework/src/Illuminate/Pipeline/Pipeline.php(167): Fideloper\\Proxy\\TrustProxies->handle()
#34 /app/www/vendor/laravel/framework/src/Illuminate/Foundation/Http/Middleware/TransformsRequest.php(21): Illuminate\\Pipeline\\Pipeline->Illuminate\\Pipeline\\{closure}()
#35 /app/www/vendor/laravel/framework/src/Illuminate/Foundation/Http/Middleware/ConvertEmptyStringsToNull.php(31): Illuminate\\Foundation\\Http\\Middleware\\TransformsRequest->handle()
#36 /app/www/vendor/laravel/framework/src/Illuminate/Pipeline/Pipeline.php(167): Illuminate\\Foundation\\Http\\Middleware\\ConvertEmptyStringsToNull->handle()
#37 /app/www/vendor/laravel/framework/src/Illuminate/Foundation/Http/Middleware/TransformsRequest.php(21): Illuminate\\Pipeline\\Pipeline->Illuminate\\Pipeline\\{closure}()
#38 /app/www/vendor/laravel/framework/src/Illuminate/Foundation/Http/Middleware/TrimStrings.php(40): Illuminate\\Foundation\\Http\\Middleware\\TransformsRequest->handle()
#39 /app/www/vendor/laravel/framework/src/Illuminate/Pipeline/Pipeline.php(167): Illuminate\\Foundation\\Http\\Middleware\\TrimStrings->handle()
#40 /app/www/vendor/laravel/framework/src/Illuminate/Foundation/Http/Middleware/ValidatePostSize.php(27): Illuminate\\Pipeline\\Pipeline->Illuminate\\Pipeline\\{closure}()
#41 /app/www/vendor/laravel/framework/src/Illuminate/Pipeline/Pipeline.php(167): Illuminate\\Foundation\\Http\\Middleware\\ValidatePostSize->handle()
#42 /app/www/vendor/laravel/framework/src/Illuminate/Foundation/Http/Middleware/PreventRequestsDuringMaintenance.php(86): Illuminate\\Pipeline\\Pipeline->Illuminate\\Pipeline\\{closure}()
#43 /app/www/vendor/laravel/framework/src/Illuminate/Pipeline/Pipeline.php(167): Illuminate\\Foundation\\Http\\Middleware\\PreventRequestsDuringMaintenance->handle()
#44 /app/www/vendor/laravel/framework/src/Illuminate/Pipeline/Pipeline.php(103): Illuminate\\Pipeline\\Pipeline->Illuminate\\Pipeline\\{closure}()
#45 /app/www/vendor/laravel/framework/src/Illuminate/Foundation/Http/Kernel.php(142): Illuminate\\Pipeline\\Pipeline->then()
#46 /app/www/vendor/laravel/framework/src/Illuminate/Foundation/Http/Kernel.php(111): Illuminate\\Foundation\\Http\\Kernel->sendRequestThroughRouter()
#47 /app/www/public/index.php(55): Illuminate\\Foundation\\Http\\Kernel->handle()
#48 {main}
"} 
[2023-01-08 05:49:40] local.ERROR: Attempt to read property "cpu" on null {"exception":"[object] (ErrorException(code: 0): Attempt to read property \"cpu\" on null at /config/www/SupportedApps/Proxmox/Proxmox.php:59)
[stacktrace]
#0 /config/www/SupportedApps/Proxmox/Proxmox.php(59): Illuminate\\Foundation\\Bootstrap\\HandleExceptions->handleError()
#1 /app/www/app/Http/Controllers/ItemController.php(503): App\\SupportedApps\\Proxmox\\Proxmox->livestats()
#2 /app/www/vendor/laravel/framework/src/Illuminate/Routing/Controller.php(54): App\\Http\\Controllers\\ItemController->getStats()
#3 /app/www/vendor/laravel/framework/src/Illuminate/Routing/ControllerDispatcher.php(45): Illuminate\\Routing\\Controller->callAction()
#4 /app/www/vendor/laravel/framework/src/Illuminate/Routing/Route.php(262): Illuminate\\Routing\\ControllerDispatcher->dispatch()
#5 /app/www/vendor/laravel/framework/src/Illuminate/Routing/Route.php(205): Illuminate\\Routing\\Route->runController()
#6 /app/www/vendor/laravel/framework/src/Illuminate/Routing/Router.php(721): Illuminate\\Routing\\Route->run()
#7 /app/www/vendor/laravel/framework/src/Illuminate/Pipeline/Pipeline.php(128): Illuminate\\Routing\\Router->Illuminate\\Routing\\{closure}()
#8 /app/www/app/Http/Middleware/CheckAllowed.php(46): Illuminate\\Pipeline\\Pipeline->Illuminate\\Pipeline\\{closure}()
#9 /app/www/vendor/laravel/framework/src/Illuminate/Pipeline/Pipeline.php(167): App\\Http\\Middleware\\CheckAllowed->handle()
#10 /app/www/app/Http/Controllers/Controller.php(22): Illuminate\\Pipeline\\Pipeline->Illuminate\\Pipeline\\{closure}()
#11 /app/www/vendor/laravel/framework/src/Illuminate/Pipeline/Pipeline.php(149): App\\Http\\Controllers\\Controller->App\\Http\\Controllers\\{closure}()
#12 /app/www/vendor/laravel/framework/src/Illuminate/Routing/Middleware/SubstituteBindings.php(50): Illuminate\\Pipeline\\Pipeline->Illuminate\\Pipeline\\{closure}()
#13 /app/www/vendor/laravel/framework/src/Illuminate/Pipeline/Pipeline.php(167): Illuminate\\Routing\\Middleware\\SubstituteBindings->handle()
#14 /app/www/vendor/laravel/framework/src/Illuminate/Foundation/Http/Middleware/VerifyCsrfToken.php(78): Illuminate\\Pipeline\\Pipeline->Illuminate\\Pipeline\\{closure}()
#15 /app/www/vendor/laravel/framework/src/Illuminate/Pipeline/Pipeline.php(167): Illuminate\\Foundation\\Http\\Middleware\\VerifyCsrfToken->handle()
#16 /app/www/vendor/laravel/framework/src/Illuminate/View/Middleware/ShareErrorsFromSession.php(49): Illuminate\\Pipeline\\Pipeline->Illuminate\\Pipeline\\{closure}()
#17 /app/www/vendor/laravel/framework/src/Illuminate/Pipeline/Pipeline.php(167): Illuminate\\View\\Middleware\\ShareErrorsFromSession->handle()
#18 /app/www/vendor/laravel/framework/src/Illuminate/Session/Middleware/StartSession.php(121): Illuminate\\Pipeline\\Pipeline->Illuminate\\Pipeline\\{closure}()
#19 /app/www/vendor/laravel/framework/src/Illuminate/Session/Middleware/StartSession.php(64): Illuminate\\Session\\Middleware\\StartSession->handleStatefulRequest()
#20 /app/www/vendor/laravel/framework/src/Illuminate/Pipeline/Pipeline.php(167): Illuminate\\Session\\Middleware\\StartSession->handle()
#21 /app/www/vendor/laravel/framework/src/Illuminate/Cookie/Middleware/AddQueuedCookiesToResponse.php(37): Illuminate\\Pipeline\\Pipeline->Illuminate\\Pipeline\\{closure}()
#22 /app/www/vendor/laravel/framework/src/Illuminate/Pipeline/Pipeline.php(167): Illuminate\\Cookie\\Middleware\\AddQueuedCookiesToResponse->handle()
#23 /app/www/vendor/laravel/framework/src/Illuminate/Cookie/Middleware/EncryptCookies.php(67): Illuminate\\Pipeline\\Pipeline->Illuminate\\Pipeline\\{closure}()
#24 /app/www/vendor/laravel/framework/src/Illuminate/Pipeline/Pipeline.php(167): Illuminate\\Cookie\\Middleware\\EncryptCookies->handle()
#25 /app/www/vendor/laravel/framework/src/Illuminate/Pipeline/Pipeline.php(103): Illuminate\\Pipeline\\Pipeline->Illuminate\\Pipeline\\{closure}()
#26 /app/www/vendor/laravel/framework/src/Illuminate/Routing/Router.php(723): Illuminate\\Pipeline\\Pipeline->then()
#27 /app/www/vendor/laravel/framework/src/Illuminate/Routing/Router.php(698): Illuminate\\Routing\\Router->runRouteWithinStack()
#28 /app/www/vendor/laravel/framework/src/Illuminate/Routing/Router.php(662): Illuminate\\Routing\\Router->runRoute()
#29 /app/www/vendor/laravel/framework/src/Illuminate/Routing/Router.php(651): Illuminate\\Routing\\Router->dispatchToRoute()
#30 /app/www/vendor/laravel/framework/src/Illuminate/Foundation/Http/Kernel.php(167): Illuminate\\Routing\\Router->dispatch()
#31 /app/www/vendor/laravel/framework/src/Illuminate/Pipeline/Pipeline.php(128): Illuminate\\Foundation\\Http\\Kernel->Illuminate\\Foundation\\Http\\{closure}()
#32 /app/www/vendor/fideloper/proxy/src/TrustProxies.php(57): Illuminate\\Pipeline\\Pipeline->Illuminate\\Pipeline\\{closure}()
#33 /app/www/vendor/laravel/framework/src/Illuminate/Pipeline/Pipeline.php(167): Fideloper\\Proxy\\TrustProxies->handle()
#34 /app/www/vendor/laravel/framework/src/Illuminate/Foundation/Http/Middleware/TransformsRequest.php(21): Illuminate\\Pipeline\\Pipeline->Illuminate\\Pipeline\\{closure}()
#35 /app/www/vendor/laravel/framework/src/Illuminate/Foundation/Http/Middleware/ConvertEmptyStringsToNull.php(31): Illuminate\\Foundation\\Http\\Middleware\\TransformsRequest->handle()
#36 /app/www/vendor/laravel/framework/src/Illuminate/Pipeline/Pipeline.php(167): Illuminate\\Foundation\\Http\\Middleware\\ConvertEmptyStringsToNull->handle()
#37 /app/www/vendor/laravel/framework/src/Illuminate/Foundation/Http/Middleware/TransformsRequest.php(21): Illuminate\\Pipeline\\Pipeline->Illuminate\\Pipeline\\{closure}()
#38 /app/www/vendor/laravel/framework/src/Illuminate/Foundation/Http/Middleware/TrimStrings.php(40): Illuminate\\Foundation\\Http\\Middleware\\TransformsRequest->handle()
#39 /app/www/vendor/laravel/framework/src/Illuminate/Pipeline/Pipeline.php(167): Illuminate\\Foundation\\Http\\Middleware\\TrimStrings->handle()
#40 /app/www/vendor/laravel/framework/src/Illuminate/Foundation/Http/Middleware/ValidatePostSize.php(27): Illuminate\\Pipeline\\Pipeline->Illuminate\\Pipeline\\{closure}()
#41 /app/www/vendor/laravel/framework/src/Illuminate/Pipeline/Pipeline.php(167): Illuminate\\Foundation\\Http\\Middleware\\ValidatePostSize->handle()
#42 /app/www/vendor/laravel/framework/src/Illuminate/Foundation/Http/Middleware/PreventRequestsDuringMaintenance.php(86): Illuminate\\Pipeline\\Pipeline->Illuminate\\Pipeline\\{closure}()
#43 /app/www/vendor/laravel/framework/src/Illuminate/Pipeline/Pipeline.php(167): Illuminate\\Foundation\\Http\\Middleware\\PreventRequestsDuringMaintenance->handle()
#44 /app/www/vendor/laravel/framework/src/Illuminate/Pipeline/Pipeline.php(103): Illuminate\\Pipeline\\Pipeline->Illuminate\\Pipeline\\{closure}()
#45 /app/www/vendor/laravel/framework/src/Illuminate/Foundation/Http/Kernel.php(142): Illuminate\\Pipeline\\Pipeline->then()
#46 /app/www/vendor/laravel/framework/src/Illuminate/Foundation/Http/Kernel.php(111): Illuminate\\Foundation\\Http\\Kernel->sendRequestThroughRouter()
#47 /app/www/public/index.php(55): Illuminate\\Foundation\\Http\\Kernel->handle()
#48 {main}
"} 
[2023-01-08 05:50:12] local.DEBUG: Get app triggered for: 391f2b7f3fe853e1ea09723eeafc354fa291ab48  
[2023-01-08 05:50:12] local.ERROR: Call to undefined method Illuminate\Support\Facades\Request::input() {"exception":"[object] (Error(code: 0): Call to undefined method Illuminate\\Support\\Facades\\Request::input() at /app/www/routes/web.php:86)
[stacktrace]
#0 /app/www/vendor/laravel/framework/src/Illuminate/Routing/Route.php(238): Illuminate\\Routing\\RouteFileRegistrar->{closure}()
#1 /app/www/vendor/laravel/framework/src/Illuminate/Routing/Route.php(208): Illuminate\\Routing\\Route->runCallable()
#2 /app/www/vendor/laravel/framework/src/Illuminate/Routing/Router.php(721): Illuminate\\Routing\\Route->run()
#3 /app/www/vendor/laravel/framework/src/Illuminate/Pipeline/Pipeline.php(128): Illuminate\\Routing\\Router->Illuminate\\Routing\\{closure}()
#4 /app/www/vendor/laravel/framework/src/Illuminate/Routing/Middleware/SubstituteBindings.php(50): Illuminate\\Pipeline\\Pipeline->Illuminate\\Pipeline\\{closure}()
#5 /app/www/vendor/laravel/framework/src/Illuminate/Pipeline/Pipeline.php(167): Illuminate\\Routing\\Middleware\\SubstituteBindings->handle()
#6 /app/www/vendor/laravel/framework/src/Illuminate/Foundation/Http/Middleware/VerifyCsrfToken.php(78): Illuminate\\Pipeline\\Pipeline->Illuminate\\Pipeline\\{closure}()
#7 /app/www/vendor/laravel/framework/src/Illuminate/Pipeline/Pipeline.php(167): Illuminate\\Foundation\\Http\\Middleware\\VerifyCsrfToken->handle()
#8 /app/www/vendor/laravel/framework/src/Illuminate/View/Middleware/ShareErrorsFromSession.php(49): Illuminate\\Pipeline\\Pipeline->Illuminate\\Pipeline\\{closure}()
#9 /app/www/vendor/laravel/framework/src/Illuminate/Pipeline/Pipeline.php(167): Illuminate\\View\\Middleware\\ShareErrorsFromSession->handle()
#10 /app/www/vendor/laravel/framework/src/Illuminate/Session/Middleware/StartSession.php(121): Illuminate\\Pipeline\\Pipeline->Illuminate\\Pipeline\\{closure}()
#11 /app/www/vendor/laravel/framework/src/Illuminate/Session/Middleware/StartSession.php(64): Illuminate\\Session\\Middleware\\StartSession->handleStatefulRequest()
#12 /app/www/vendor/laravel/framework/src/Illuminate/Pipeline/Pipeline.php(167): Illuminate\\Session\\Middleware\\StartSession->handle()
#13 /app/www/vendor/laravel/framework/src/Illuminate/Cookie/Middleware/AddQueuedCookiesToResponse.php(37): Illuminate\\Pipeline\\Pipeline->Illuminate\\Pipeline\\{closure}()
#14 /app/www/vendor/laravel/framework/src/Illuminate/Pipeline/Pipeline.php(167): Illuminate\\Cookie\\Middleware\\AddQueuedCookiesToResponse->handle()
#15 /app/www/vendor/laravel/framework/src/Illuminate/Cookie/Middleware/EncryptCookies.php(67): Illuminate\\Pipeline\\Pipeline->Illuminate\\Pipeline\\{closure}()
#16 /app/www/vendor/laravel/framework/src/Illuminate/Pipeline/Pipeline.php(167): Illuminate\\Cookie\\Middleware\\EncryptCookies->handle()
#17 /app/www/vendor/laravel/framework/src/Illuminate/Pipeline/Pipeline.php(103): Illuminate\\Pipeline\\Pipeline->Illuminate\\Pipeline\\{closure}()
#18 /app/www/vendor/laravel/framework/src/Illuminate/Routing/Router.php(723): Illuminate\\Pipeline\\Pipeline->then()
#19 /app/www/vendor/laravel/framework/src/Illuminate/Routing/Router.php(698): Illuminate\\Routing\\Router->runRouteWithinStack()
#20 /app/www/vendor/laravel/framework/src/Illuminate/Routing/Router.php(662): Illuminate\\Routing\\Router->runRoute()
#21 /app/www/vendor/laravel/framework/src/Illuminate/Routing/Router.php(651): Illuminate\\Routing\\Router->dispatchToRoute()
#22 /app/www/vendor/laravel/framework/src/Illuminate/Foundation/Http/Kernel.php(167): Illuminate\\Routing\\Router->dispatch()
#23 /app/www/vendor/laravel/framework/src/Illuminate/Pipeline/Pipeline.php(128): Illuminate\\Foundation\\Http\\Kernel->Illuminate\\Foundation\\Http\\{closure}()
#24 /app/www/vendor/fideloper/proxy/src/TrustProxies.php(57): Illuminate\\Pipeline\\Pipeline->Illuminate\\Pipeline\\{closure}()
#25 /app/www/vendor/laravel/framework/src/Illuminate/Pipeline/Pipeline.php(167): Fideloper\\Proxy\\TrustProxies->handle()
#26 /app/www/vendor/laravel/framework/src/Illuminate/Foundation/Http/Middleware/TransformsRequest.php(21): Illuminate\\Pipeline\\Pipeline->Illuminate\\Pipeline\\{closure}()
#27 /app/www/vendor/laravel/framework/src/Illuminate/Foundation/Http/Middleware/ConvertEmptyStringsToNull.php(31): Illuminate\\Foundation\\Http\\Middleware\\TransformsRequest->handle()
#28 /app/www/vendor/laravel/framework/src/Illuminate/Pipeline/Pipeline.php(167): Illuminate\\Foundation\\Http\\Middleware\\ConvertEmptyStringsToNull->handle()
#29 /app/www/vendor/laravel/framework/src/Illuminate/Foundation/Http/Middleware/TransformsRequest.php(21): Illuminate\\Pipeline\\Pipeline->Illuminate\\Pipeline\\{closure}()
#30 /app/www/vendor/laravel/framework/src/Illuminate/Foundation/Http/Middleware/TrimStrings.php(40): Illuminate\\Foundation\\Http\\Middleware\\TransformsRequest->handle()
#31 /app/www/vendor/laravel/framework/src/Illuminate/Pipeline/Pipeline.php(167): Illuminate\\Foundation\\Http\\Middleware\\TrimStrings->handle()
#32 /app/www/vendor/laravel/framework/src/Illuminate/Foundation/Http/Middleware/ValidatePostSize.php(27): Illuminate\\Pipeline\\Pipeline->Illuminate\\Pipeline\\{closure}()
#33 /app/www/vendor/laravel/framework/src/Illuminate/Pipeline/Pipeline.php(167): Illuminate\\Foundation\\Http\\Middleware\\ValidatePostSize->handle()
#34 /app/www/vendor/laravel/framework/src/Illuminate/Foundation/Http/Middleware/PreventRequestsDuringMaintenance.php(86): Illuminate\\Pipeline\\Pipeline->Illuminate\\Pipeline\\{closure}()
#35 /app/www/vendor/laravel/framework/src/Illuminate/Pipeline/Pipeline.php(167): Illuminate\\Foundation\\Http\\Middleware\\PreventRequestsDuringMaintenance->handle()
#36 /app/www/vendor/laravel/framework/src/Illuminate/Pipeline/Pipeline.php(103): Illuminate\\Pipeline\\Pipeline->Illuminate\\Pipeline\\{closure}()
#37 /app/www/vendor/laravel/framework/src/Illuminate/Foundation/Http/Kernel.php(142): Illuminate\\Pipeline\\Pipeline->then()
#38 /app/www/vendor/laravel/framework/src/Illuminate/Foundation/Http/Kernel.php(111): Illuminate\\Foundation\\Http\\Kernel->sendRequestThroughRouter()
#39 /app/www/public/index.php(55): Illuminate\\Foundation\\Http\\Kernel->handle()
#40 {main}
"} 
[2023-01-08 05:50:36] local.ERROR: Attempt to read property "cpu" on null {"exception":"[object] (ErrorException(code: 0): Attempt to read property \"cpu\" on null at /config/www/SupportedApps/Proxmox/Proxmox.php:59)
[stacktrace]
#0 /config/www/SupportedApps/Proxmox/Proxmox.php(59): Illuminate\\Foundation\\Bootstrap\\HandleExceptions->handleError()
#1 /app/www/app/Http/Controllers/ItemController.php(503): App\\SupportedApps\\Proxmox\\Proxmox->livestats()
#2 /app/www/vendor/laravel/framework/src/Illuminate/Routing/Controller.php(54): App\\Http\\Controllers\\ItemController->getStats()
#3 /app/www/vendor/laravel/framework/src/Illuminate/Routing/ControllerDispatcher.php(45): Illuminate\\Routing\\Controller->callAction()
#4 /app/www/vendor/laravel/framework/src/Illuminate/Routing/Route.php(262): Illuminate\\Routing\\ControllerDispatcher->dispatch()
#5 /app/www/vendor/laravel/framework/src/Illuminate/Routing/Route.php(205): Illuminate\\Routing\\Route->runController()
#6 /app/www/vendor/laravel/framework/src/Illuminate/Routing/Router.php(721): Illuminate\\Routing\\Route->run()
#7 /app/www/vendor/laravel/framework/src/Illuminate/Pipeline/Pipeline.php(128): Illuminate\\Routing\\Router->Illuminate\\Routing\\{closure}()
#8 /app/www/app/Http/Middleware/CheckAllowed.php(46): Illuminate\\Pipeline\\Pipeline->Illuminate\\Pipeline\\{closure}()
#9 /app/www/vendor/laravel/framework/src/Illuminate/Pipeline/Pipeline.php(167): App\\Http\\Middleware\\CheckAllowed->handle()
#10 /app/www/app/Http/Controllers/Controller.php(22): Illuminate\\Pipeline\\Pipeline->Illuminate\\Pipeline\\{closure}()
#11 /app/www/vendor/laravel/framework/src/Illuminate/Pipeline/Pipeline.php(149): App\\Http\\Controllers\\Controller->App\\Http\\Controllers\\{closure}()
#12 /app/www/vendor/laravel/framework/src/Illuminate/Routing/Middleware/SubstituteBindings.php(50): Illuminate\\Pipeline\\Pipeline->Illuminate\\Pipeline\\{closure}()
#13 /app/www/vendor/laravel/framework/src/Illuminate/Pipeline/Pipeline.php(167): Illuminate\\Routing\\Middleware\\SubstituteBindings->handle()
#14 /app/www/vendor/laravel/framework/src/Illuminate/Foundation/Http/Middleware/VerifyCsrfToken.php(78): Illuminate\\Pipeline\\Pipeline->Illuminate\\Pipeline\\{closure}()
#15 /app/www/vendor/laravel/framework/src/Illuminate/Pipeline/Pipeline.php(167): Illuminate\\Foundation\\Http\\Middleware\\VerifyCsrfToken->handle()
#16 /app/www/vendor/laravel/framework/src/Illuminate/View/Middleware/ShareErrorsFromSession.php(49): Illuminate\\Pipeline\\Pipeline->Illuminate\\Pipeline\\{closure}()
#17 /app/www/vendor/laravel/framework/src/Illuminate/Pipeline/Pipeline.php(167): Illuminate\\View\\Middleware\\ShareErrorsFromSession->handle()
#18 /app/www/vendor/laravel/framework/src/Illuminate/Session/Middleware/StartSession.php(121): Illuminate\\Pipeline\\Pipeline->Illuminate\\Pipeline\\{closure}()
#19 /app/www/vendor/laravel/framework/src/Illuminate/Session/Middleware/StartSession.php(64): Illuminate\\Session\\Middleware\\StartSession->handleStatefulRequest()
#20 /app/www/vendor/laravel/framework/src/Illuminate/Pipeline/Pipeline.php(167): Illuminate\\Session\\Middleware\\StartSession->handle()
#21 /app/www/vendor/laravel/framework/src/Illuminate/Cookie/Middleware/AddQueuedCookiesToResponse.php(37): Illuminate\\Pipeline\\Pipeline->Illuminate\\Pipeline\\{closure}()
#22 /app/www/vendor/laravel/framework/src/Illuminate/Pipeline/Pipeline.php(167): Illuminate\\Cookie\\Middleware\\AddQueuedCookiesToResponse->handle()
#23 /app/www/vendor/laravel/framework/src/Illuminate/Cookie/Middleware/EncryptCookies.php(67): Illuminate\\Pipeline\\Pipeline->Illuminate\\Pipeline\\{closure}()
#24 /app/www/vendor/laravel/framework/src/Illuminate/Pipeline/Pipeline.php(167): Illuminate\\Cookie\\Middleware\\EncryptCookies->handle()
#25 /app/www/vendor/laravel/framework/src/Illuminate/Pipeline/Pipeline.php(103): Illuminate\\Pipeline\\Pipeline->Illuminate\\Pipeline\\{closure}()
#26 /app/www/vendor/laravel/framework/src/Illuminate/Routing/Router.php(723): Illuminate\\Pipeline\\Pipeline->then()
#27 /app/www/vendor/laravel/framework/src/Illuminate/Routing/Router.php(698): Illuminate\\Routing\\Router->runRouteWithinStack()
#28 /app/www/vendor/laravel/framework/src/Illuminate/Routing/Router.php(662): Illuminate\\Routing\\Router->runRoute()
#29 /app/www/vendor/laravel/framework/src/Illuminate/Routing/Router.php(651): Illuminate\\Routing\\Router->dispatchToRoute()
#30 /app/www/vendor/laravel/framework/src/Illuminate/Foundation/Http/Kernel.php(167): Illuminate\\Routing\\Router->dispatch()
#31 /app/www/vendor/laravel/framework/src/Illuminate/Pipeline/Pipeline.php(128): Illuminate\\Foundation\\Http\\Kernel->Illuminate\\Foundation\\Http\\{closure}()
#32 /app/www/vendor/fideloper/proxy/src/TrustProxies.php(57): Illuminate\\Pipeline\\Pipeline->Illuminate\\Pipeline\\{closure}()
#33 /app/www/vendor/laravel/framework/src/Illuminate/Pipeline/Pipeline.php(167): Fideloper\\Proxy\\TrustProxies->handle()
#34 /app/www/vendor/laravel/framework/src/Illuminate/Foundation/Http/Middleware/TransformsRequest.php(21): Illuminate\\Pipeline\\Pipeline->Illuminate\\Pipeline\\{closure}()
#35 /app/www/vendor/laravel/framework/src/Illuminate/Foundation/Http/Middleware/ConvertEmptyStringsToNull.php(31): Illuminate\\Foundation\\Http\\Middleware\\TransformsRequest->handle()
#36 /app/www/vendor/laravel/framework/src/Illuminate/Pipeline/Pipeline.php(167): Illuminate\\Foundation\\Http\\Middleware\\ConvertEmptyStringsToNull->handle()
#37 /app/www/vendor/laravel/framework/src/Illuminate/Foundation/Http/Middleware/TransformsRequest.php(21): Illuminate\\Pipeline\\Pipeline->Illuminate\\Pipeline\\{closure}()
#38 /app/www/vendor/laravel/framework/src/Illuminate/Foundation/Http/Middleware/TrimStrings.php(40): Illuminate\\Foundation\\Http\\Middleware\\TransformsRequest->handle()
#39 /app/www/vendor/laravel/framework/src/Illuminate/Pipeline/Pipeline.php(167): Illuminate\\Foundation\\Http\\Middleware\\TrimStrings->handle()
#40 /app/www/vendor/laravel/framework/src/Illuminate/Foundation/Http/Middleware/ValidatePostSize.php(27): Illuminate\\Pipeline\\Pipeline->Illuminate\\Pipeline\\{closure}()
#41 /app/www/vendor/laravel/framework/src/Illuminate/Pipeline/Pipeline.php(167): Illuminate\\Foundation\\Http\\Middleware\\ValidatePostSize->handle()
#42 /app/www/vendor/laravel/framework/src/Illuminate/Foundation/Http/Middleware/PreventRequestsDuringMaintenance.php(86): Illuminate\\Pipeline\\Pipeline->Illuminate\\Pipeline\\{closure}()
#43 /app/www/vendor/laravel/framework/src/Illuminate/Pipeline/Pipeline.php(167): Illuminate\\Foundation\\Http\\Middleware\\PreventRequestsDuringMaintenance->handle()
#44 /app/www/vendor/laravel/framework/src/Illuminate/Pipeline/Pipeline.php(103): Illuminate\\Pipeline\\Pipeline->Illuminate\\Pipeline\\{closure}()
#45 /app/www/vendor/laravel/framework/src/Illuminate/Foundation/Http/Kernel.php(142): Illuminate\\Pipeline\\Pipeline->then()
#46 /app/www/vendor/laravel/framework/src/Illuminate/Foundation/Http/Kernel.php(111): Illuminate\\Foundation\\Http\\Kernel->sendRequestThroughRouter()
#47 /app/www/public/index.php(55): Illuminate\\Foundation\\Http\\Kernel->handle()
#48 {main}
"} 
[2023-01-08 05:50:36] local.ERROR: Attempt to read property "cpu" on null {"exception":"[object] (ErrorException(code: 0): Attempt to read property \"cpu\" on null at /config/www/SupportedApps/Proxmox/Proxmox.php:59)
[stacktrace]
#0 /config/www/SupportedApps/Proxmox/Proxmox.php(59): Illuminate\\Foundation\\Bootstrap\\HandleExceptions->handleError()
#1 /app/www/app/Http/Controllers/ItemController.php(503): App\\SupportedApps\\Proxmox\\Proxmox->livestats()
#2 /app/www/vendor/laravel/framework/src/Illuminate/Routing/Controller.php(54): App\\Http\\Controllers\\ItemController->getStats()
#3 /app/www/vendor/laravel/framework/src/Illuminate/Routing/ControllerDispatcher.php(45): Illuminate\\Routing\\Controller->callAction()
#4 /app/www/vendor/laravel/framework/src/Illuminate/Routing/Route.php(262): Illuminate\\Routing\\ControllerDispatcher->dispatch()
#5 /app/www/vendor/laravel/framework/src/Illuminate/Routing/Route.php(205): Illuminate\\Routing\\Route->runController()
#6 /app/www/vendor/laravel/framework/src/Illuminate/Routing/Router.php(721): Illuminate\\Routing\\Route->run()
#7 /app/www/vendor/laravel/framework/src/Illuminate/Pipeline/Pipeline.php(128): Illuminate\\Routing\\Router->Illuminate\\Routing\\{closure}()
#8 /app/www/app/Http/Middleware/CheckAllowed.php(46): Illuminate\\Pipeline\\Pipeline->Illuminate\\Pipeline\\{closure}()
#9 /app/www/vendor/laravel/framework/src/Illuminate/Pipeline/Pipeline.php(167): App\\Http\\Middleware\\CheckAllowed->handle()
#10 /app/www/app/Http/Controllers/Controller.php(22): Illuminate\\Pipeline\\Pipeline->Illuminate\\Pipeline\\{closure}()
#11 /app/www/vendor/laravel/framework/src/Illuminate/Pipeline/Pipeline.php(149): App\\Http\\Controllers\\Controller->App\\Http\\Controllers\\{closure}()
#12 /app/www/vendor/laravel/framework/src/Illuminate/Routing/Middleware/SubstituteBindings.php(50): Illuminate\\Pipeline\\Pipeline->Illuminate\\Pipeline\\{closure}()
#13 /app/www/vendor/laravel/framework/src/Illuminate/Pipeline/Pipeline.php(167): Illuminate\\Routing\\Middleware\\SubstituteBindings->handle()
#14 /app/www/vendor/laravel/framework/src/Illuminate/Foundation/Http/Middleware/VerifyCsrfToken.php(78): Illuminate\\Pipeline\\Pipeline->Illuminate\\Pipeline\\{closure}()
#15 /app/www/vendor/laravel/framework/src/Illuminate/Pipeline/Pipeline.php(167): Illuminate\\Foundation\\Http\\Middleware\\VerifyCsrfToken->handle()
#16 /app/www/vendor/laravel/framework/src/Illuminate/View/Middleware/ShareErrorsFromSession.php(49): Illuminate\\Pipeline\\Pipeline->Illuminate\\Pipeline\\{closure}()
#17 /app/www/vendor/laravel/framework/src/Illuminate/Pipeline/Pipeline.php(167): Illuminate\\View\\Middleware\\ShareErrorsFromSession->handle()
#18 /app/www/vendor/laravel/framework/src/Illuminate/Session/Middleware/StartSession.php(121): Illuminate\\Pipeline\\Pipeline->Illuminate\\Pipeline\\{closure}()
#19 /app/www/vendor/laravel/framework/src/Illuminate/Session/Middleware/StartSession.php(64): Illuminate\\Session\\Middleware\\StartSession->handleStatefulRequest()
#20 /app/www/vendor/laravel/framework/src/Illuminate/Pipeline/Pipeline.php(167): Illuminate\\Session\\Middleware\\StartSession->handle()
#21 /app/www/vendor/laravel/framework/src/Illuminate/Cookie/Middleware/AddQueuedCookiesToResponse.php(37): Illuminate\\Pipeline\\Pipeline->Illuminate\\Pipeline\\{closure}()
#22 /app/www/vendor/laravel/framework/src/Illuminate/Pipeline/Pipeline.php(167): Illuminate\\Cookie\\Middleware\\AddQueuedCookiesToResponse->handle()
#23 /app/www/vendor/laravel/framework/src/Illuminate/Cookie/Middleware/EncryptCookies.php(67): Illuminate\\Pipeline\\Pipeline->Illuminate\\Pipeline\\{closure}()
#24 /app/www/vendor/laravel/framework/src/Illuminate/Pipeline/Pipeline.php(167): Illuminate\\Cookie\\Middleware\\EncryptCookies->handle()
#25 /app/www/vendor/laravel/framework/src/Illuminate/Pipeline/Pipeline.php(103): Illuminate\\Pipeline\\Pipeline->Illuminate\\Pipeline\\{closure}()
#26 /app/www/vendor/laravel/framework/src/Illuminate/Routing/Router.php(723): Illuminate\\Pipeline\\Pipeline->then()
#27 /app/www/vendor/laravel/framework/src/Illuminate/Routing/Router.php(698): Illuminate\\Routing\\Router->runRouteWithinStack()
#28 /app/www/vendor/laravel/framework/src/Illuminate/Routing/Router.php(662): Illuminate\\Routing\\Router->runRoute()
#29 /app/www/vendor/laravel/framework/src/Illuminate/Routing/Router.php(651): Illuminate\\Routing\\Router->dispatchToRoute()
#30 /app/www/vendor/laravel/framework/src/Illuminate/Foundation/Http/Kernel.php(167): Illuminate\\Routing\\Router->dispatch()
#31 /app/www/vendor/laravel/framework/src/Illuminate/Pipeline/Pipeline.php(128): Illuminate\\Foundation\\Http\\Kernel->Illuminate\\Foundation\\Http\\{closure}()
#32 /app/www/vendor/fideloper/proxy/src/TrustProxies.php(57): Illuminate\\Pipeline\\Pipeline->Illuminate\\Pipeline\\{closure}()
#33 /app/www/vendor/laravel/framework/src/Illuminate/Pipeline/Pipeline.php(167): Fideloper\\Proxy\\TrustProxies->handle()
#34 /app/www/vendor/laravel/framework/src/Illuminate/Foundation/Http/Middleware/TransformsRequest.php(21): Illuminate\\Pipeline\\Pipeline->Illuminate\\Pipeline\\{closure}()
#35 /app/www/vendor/laravel/framework/src/Illuminate/Foundation/Http/Middleware/ConvertEmptyStringsToNull.php(31): Illuminate\\Foundation\\Http\\Middleware\\TransformsRequest->handle()
#36 /app/www/vendor/laravel/framework/src/Illuminate/Pipeline/Pipeline.php(167): Illuminate\\Foundation\\Http\\Middleware\\ConvertEmptyStringsToNull->handle()
#37 /app/www/vendor/laravel/framework/src/Illuminate/Foundation/Http/Middleware/TransformsRequest.php(21): Illuminate\\Pipeline\\Pipeline->Illuminate\\Pipeline\\{closure}()
#38 /app/www/vendor/laravel/framework/src/Illuminate/Foundation/Http/Middleware/TrimStrings.php(40): Illuminate\\Foundation\\Http\\Middleware\\TransformsRequest->handle()
#39 /app/www/vendor/laravel/framework/src/Illuminate/Pipeline/Pipeline.php(167): Illuminate\\Foundation\\Http\\Middleware\\TrimStrings->handle()
#40 /app/www/vendor/laravel/framework/src/Illuminate/Foundation/Http/Middleware/ValidatePostSize.php(27): Illuminate\\Pipeline\\Pipeline->Illuminate\\Pipeline\\{closure}()
#41 /app/www/vendor/laravel/framework/src/Illuminate/Pipeline/Pipeline.php(167): Illuminate\\Foundation\\Http\\Middleware\\ValidatePostSize->handle()
#42 /app/www/vendor/laravel/framework/src/Illuminate/Foundation/Http/Middleware/PreventRequestsDuringMaintenance.php(86): Illuminate\\Pipeline\\Pipeline->Illuminate\\Pipeline\\{closure}()
#43 /app/www/vendor/laravel/framework/src/Illuminate/Pipeline/Pipeline.php(167): Illuminate\\Foundation\\Http\\Middleware\\PreventRequestsDuringMaintenance->handle()
#44 /app/www/vendor/laravel/framework/src/Illuminate/Pipeline/Pipeline.php(103): Illuminate\\Pipeline\\Pipeline->Illuminate\\Pipeline\\{closure}()
#45 /app/www/vendor/laravel/framework/src/Illuminate/Foundation/Http/Kernel.php(142): Illuminate\\Pipeline\\Pipeline->then()
#46 /app/www/vendor/laravel/framework/src/Illuminate/Foundation/Http/Kernel.php(111): Illuminate\\Foundation\\Http\\Kernel->sendRequestThroughRouter()
#47 /app/www/public/index.php(55): Illuminate\\Foundation\\Http\\Kernel->handle()
#48 {main}
"} 
[2023-01-08 05:50:54] local.ERROR: Attempt to read property "cpu" on null {"exception":"[object] (ErrorException(code: 0): Attempt to read property \"cpu\" on null at /config/www/SupportedApps/Proxmox/Proxmox.php:59)
[stacktrace]
#0 /config/www/SupportedApps/Proxmox/Proxmox.php(59): Illuminate\\Foundation\\Bootstrap\\HandleExceptions->handleError()
#1 /app/www/app/Http/Controllers/ItemController.php(503): App\\SupportedApps\\Proxmox\\Proxmox->livestats()
#2 /app/www/vendor/laravel/framework/src/Illuminate/Routing/Controller.php(54): App\\Http\\Controllers\\ItemController->getStats()
#3 /app/www/vendor/laravel/framework/src/Illuminate/Routing/ControllerDispatcher.php(45): Illuminate\\Routing\\Controller->callAction()
#4 /app/www/vendor/laravel/framework/src/Illuminate/Routing/Route.php(262): Illuminate\\Routing\\ControllerDispatcher->dispatch()
#5 /app/www/vendor/laravel/framework/src/Illuminate/Routing/Route.php(205): Illuminate\\Routing\\Route->runController()
#6 /app/www/vendor/laravel/framework/src/Illuminate/Routing/Router.php(721): Illuminate\\Routing\\Route->run()
#7 /app/www/vendor/laravel/framework/src/Illuminate/Pipeline/Pipeline.php(128): Illuminate\\Routing\\Router->Illuminate\\Routing\\{closure}()
#8 /app/www/app/Http/Middleware/CheckAllowed.php(46): Illuminate\\Pipeline\\Pipeline->Illuminate\\Pipeline\\{closure}()
#9 /app/www/vendor/laravel/framework/src/Illuminate/Pipeline/Pipeline.php(167): App\\Http\\Middleware\\CheckAllowed->handle()
#10 /app/www/app/Http/Controllers/Controller.php(22): Illuminate\\Pipeline\\Pipeline->Illuminate\\Pipeline\\{closure}()
#11 /app/www/vendor/laravel/framework/src/Illuminate/Pipeline/Pipeline.php(149): App\\Http\\Controllers\\Controller->App\\Http\\Controllers\\{closure}()
#12 /app/www/vendor/laravel/framework/src/Illuminate/Routing/Middleware/SubstituteBindings.php(50): Illuminate\\Pipeline\\Pipeline->Illuminate\\Pipeline\\{closure}()
#13 /app/www/vendor/laravel/framework/src/Illuminate/Pipeline/Pipeline.php(167): Illuminate\\Routing\\Middleware\\SubstituteBindings->handle()
#14 /app/www/vendor/laravel/framework/src/Illuminate/Foundation/Http/Middleware/VerifyCsrfToken.php(78): Illuminate\\Pipeline\\Pipeline->Illuminate\\Pipeline\\{closure}()
#15 /app/www/vendor/laravel/framework/src/Illuminate/Pipeline/Pipeline.php(167): Illuminate\\Foundation\\Http\\Middleware\\VerifyCsrfToken->handle()
#16 /app/www/vendor/laravel/framework/src/Illuminate/View/Middleware/ShareErrorsFromSession.php(49): Illuminate\\Pipeline\\Pipeline->Illuminate\\Pipeline\\{closure}()
#17 /app/www/vendor/laravel/framework/src/Illuminate/Pipeline/Pipeline.php(167): Illuminate\\View\\Middleware\\ShareErrorsFromSession->handle()
#18 /app/www/vendor/laravel/framework/src/Illuminate/Session/Middleware/StartSession.php(121): Illuminate\\Pipeline\\Pipeline->Illuminate\\Pipeline\\{closure}()
#19 /app/www/vendor/laravel/framework/src/Illuminate/Session/Middleware/StartSession.php(64): Illuminate\\Session\\Middleware\\StartSession->handleStatefulRequest()
#20 /app/www/vendor/laravel/framework/src/Illuminate/Pipeline/Pipeline.php(167): Illuminate\\Session\\Middleware\\StartSession->handle()
#21 /app/www/vendor/laravel/framework/src/Illuminate/Cookie/Middleware/AddQueuedCookiesToResponse.php(37): Illuminate\\Pipeline\\Pipeline->Illuminate\\Pipeline\\{closure}()
#22 /app/www/vendor/laravel/framework/src/Illuminate/Pipeline/Pipeline.php(167): Illuminate\\Cookie\\Middleware\\AddQueuedCookiesToResponse->handle()
#23 /app/www/vendor/laravel/framework/src/Illuminate/Cookie/Middleware/EncryptCookies.php(67): Illuminate\\Pipeline\\Pipeline->Illuminate\\Pipeline\\{closure}()
#24 /app/www/vendor/laravel/framework/src/Illuminate/Pipeline/Pipeline.php(167): Illuminate\\Cookie\\Middleware\\EncryptCookies->handle()
#25 /app/www/vendor/laravel/framework/src/Illuminate/Pipeline/Pipeline.php(103): Illuminate\\Pipeline\\Pipeline->Illuminate\\Pipeline\\{closure}()
#26 /app/www/vendor/laravel/framework/src/Illuminate/Routing/Router.php(723): Illuminate\\Pipeline\\Pipeline->then()
#27 /app/www/vendor/laravel/framework/src/Illuminate/Routing/Router.php(698): Illuminate\\Routing\\Router->runRouteWithinStack()
#28 /app/www/vendor/laravel/framework/src/Illuminate/Routing/Router.php(662): Illuminate\\Routing\\Router->runRoute()
#29 /app/www/vendor/laravel/framework/src/Illuminate/Routing/Router.php(651): Illuminate\\Routing\\Router->dispatchToRoute()
#30 /app/www/vendor/laravel/framework/src/Illuminate/Foundation/Http/Kernel.php(167): Illuminate\\Routing\\Router->dispatch()
#31 /app/www/vendor/laravel/framework/src/Illuminate/Pipeline/Pipeline.php(128): Illuminate\\Foundation\\Http\\Kernel->Illuminate\\Foundation\\Http\\{closure}()
#32 /app/www/vendor/fideloper/proxy/src/TrustProxies.php(57): Illuminate\\Pipeline\\Pipeline->Illuminate\\Pipeline\\{closure}()
#33 /app/www/vendor/laravel/framework/src/Illuminate/Pipeline/Pipeline.php(167): Fideloper\\Proxy\\TrustProxies->handle()
#34 /app/www/vendor/laravel/framework/src/Illuminate/Foundation/Http/Middleware/TransformsRequest.php(21): Illuminate\\Pipeline\\Pipeline->Illuminate\\Pipeline\\{closure}()
#35 /app/www/vendor/laravel/framework/src/Illuminate/Foundation/Http/Middleware/ConvertEmptyStringsToNull.php(31): Illuminate\\Foundation\\Http\\Middleware\\TransformsRequest->handle()
#36 /app/www/vendor/laravel/framework/src/Illuminate/Pipeline/Pipeline.php(167): Illuminate\\Foundation\\Http\\Middleware\\ConvertEmptyStringsToNull->handle()
#37 /app/www/vendor/laravel/framework/src/Illuminate/Foundation/Http/Middleware/TransformsRequest.php(21): Illuminate\\Pipeline\\Pipeline->Illuminate\\Pipeline\\{closure}()
#38 /app/www/vendor/laravel/framework/src/Illuminate/Foundation/Http/Middleware/TrimStrings.php(40): Illuminate\\Foundation\\Http\\Middleware\\TransformsRequest->handle()
#39 /app/www/vendor/laravel/framework/src/Illuminate/Pipeline/Pipeline.php(167): Illuminate\\Foundation\\Http\\Middleware\\TrimStrings->handle()
#40 /app/www/vendor/laravel/framework/src/Illuminate/Foundation/Http/Middleware/ValidatePostSize.php(27): Illuminate\\Pipeline\\Pipeline->Illuminate\\Pipeline\\{closure}()
#41 /app/www/vendor/laravel/framework/src/Illuminate/Pipeline/Pipeline.php(167): Illuminate\\Foundation\\Http\\Middleware\\ValidatePostSize->handle()
#42 /app/www/vendor/laravel/framework/src/Illuminate/Foundation/Http/Middleware/PreventRequestsDuringMaintenance.php(86): Illuminate\\Pipeline\\Pipeline->Illuminate\\Pipeline\\{closure}()
#43 /app/www/vendor/laravel/framework/src/Illuminate/Pipeline/Pipeline.php(167): Illuminate\\Foundation\\Http\\Middleware\\PreventRequestsDuringMaintenance->handle()
#44 /app/www/vendor/laravel/framework/src/Illuminate/Pipeline/Pipeline.php(103): Illuminate\\Pipeline\\Pipeline->Illuminate\\Pipeline\\{closure}()
#45 /app/www/vendor/laravel/framework/src/Illuminate/Foundation/Http/Kernel.php(142): Illuminate\\Pipeline\\Pipeline->then()
#46 /app/www/vendor/laravel/framework/src/Illuminate/Foundation/Http/Kernel.php(111): Illuminate\\Foundation\\Http\\Kernel->sendRequestThroughRouter()
#47 /app/www/public/index.php(55): Illuminate\\Foundation\\Http\\Kernel->handle()
#48 {main}
"} 
[2023-01-08 05:50:55] local.ERROR: Attempt to read property "cpu" on null {"exception":"[object] (ErrorException(code: 0): Attempt to read property \"cpu\" on null at /config/www/SupportedApps/Proxmox/Proxmox.php:59)
[stacktrace]
#0 /config/www/SupportedApps/Proxmox/Proxmox.php(59): Illuminate\\Foundation\\Bootstrap\\HandleExceptions->handleError()
#1 /app/www/app/Http/Controllers/ItemController.php(503): App\\SupportedApps\\Proxmox\\Proxmox->livestats()
#2 /app/www/vendor/laravel/framework/src/Illuminate/Routing/Controller.php(54): App\\Http\\Controllers\\ItemController->getStats()
#3 /app/www/vendor/laravel/framework/src/Illuminate/Routing/ControllerDispatcher.php(45): Illuminate\\Routing\\Controller->callAction()
#4 /app/www/vendor/laravel/framework/src/Illuminate/Routing/Route.php(262): Illuminate\\Routing\\ControllerDispatcher->dispatch()
#5 /app/www/vendor/laravel/framework/src/Illuminate/Routing/Route.php(205): Illuminate\\Routing\\Route->runController()
#6 /app/www/vendor/laravel/framework/src/Illuminate/Routing/Router.php(721): Illuminate\\Routing\\Route->run()
#7 /app/www/vendor/laravel/framework/src/Illuminate/Pipeline/Pipeline.php(128): Illuminate\\Routing\\Router->Illuminate\\Routing\\{closure}()
#8 /app/www/app/Http/Middleware/CheckAllowed.php(46): Illuminate\\Pipeline\\Pipeline->Illuminate\\Pipeline\\{closure}()
#9 /app/www/vendor/laravel/framework/src/Illuminate/Pipeline/Pipeline.php(167): App\\Http\\Middleware\\CheckAllowed->handle()
#10 /app/www/app/Http/Controllers/Controller.php(22): Illuminate\\Pipeline\\Pipeline->Illuminate\\Pipeline\\{closure}()
#11 /app/www/vendor/laravel/framework/src/Illuminate/Pipeline/Pipeline.php(149): App\\Http\\Controllers\\Controller->App\\Http\\Controllers\\{closure}()
#12 /app/www/vendor/laravel/framework/src/Illuminate/Routing/Middleware/SubstituteBindings.php(50): Illuminate\\Pipeline\\Pipeline->Illuminate\\Pipeline\\{closure}()
#13 /app/www/vendor/laravel/framework/src/Illuminate/Pipeline/Pipeline.php(167): Illuminate\\Routing\\Middleware\\SubstituteBindings->handle()
#14 /app/www/vendor/laravel/framework/src/Illuminate/Foundation/Http/Middleware/VerifyCsrfToken.php(78): Illuminate\\Pipeline\\Pipeline->Illuminate\\Pipeline\\{closure}()
#15 /app/www/vendor/laravel/framework/src/Illuminate/Pipeline/Pipeline.php(167): Illuminate\\Foundation\\Http\\Middleware\\VerifyCsrfToken->handle()
#16 /app/www/vendor/laravel/framework/src/Illuminate/View/Middleware/ShareErrorsFromSession.php(49): Illuminate\\Pipeline\\Pipeline->Illuminate\\Pipeline\\{closure}()
#17 /app/www/vendor/laravel/framework/src/Illuminate/Pipeline/Pipeline.php(167): Illuminate\\View\\Middleware\\ShareErrorsFromSession->handle()
#18 /app/www/vendor/laravel/framework/src/Illuminate/Session/Middleware/StartSession.php(121): Illuminate\\Pipeline\\Pipeline->Illuminate\\Pipeline\\{closure}()
#19 /app/www/vendor/laravel/framework/src/Illuminate/Session/Middleware/StartSession.php(64): Illuminate\\Session\\Middleware\\StartSession->handleStatefulRequest()
#20 /app/www/vendor/laravel/framework/src/Illuminate/Pipeline/Pipeline.php(167): Illuminate\\Session\\Middleware\\StartSession->handle()
#21 /app/www/vendor/laravel/framework/src/Illuminate/Cookie/Middleware/AddQueuedCookiesToResponse.php(37): Illuminate\\Pipeline\\Pipeline->Illuminate\\Pipeline\\{closure}()
#22 /app/www/vendor/laravel/framework/src/Illuminate/Pipeline/Pipeline.php(167): Illuminate\\Cookie\\Middleware\\AddQueuedCookiesToResponse->handle()
#23 /app/www/vendor/laravel/framework/src/Illuminate/Cookie/Middleware/EncryptCookies.php(67): Illuminate\\Pipeline\\Pipeline->Illuminate\\Pipeline\\{closure}()
#24 /app/www/vendor/laravel/framework/src/Illuminate/Pipeline/Pipeline.php(167): Illuminate\\Cookie\\Middleware\\EncryptCookies->handle()
#25 /app/www/vendor/laravel/framework/src/Illuminate/Pipeline/Pipeline.php(103): Illuminate\\Pipeline\\Pipeline->Illuminate\\Pipeline\\{closure}()
#26 /app/www/vendor/laravel/framework/src/Illuminate/Routing/Router.php(723): Illuminate\\Pipeline\\Pipeline->then()
#27 /app/www/vendor/laravel/framework/src/Illuminate/Routing/Router.php(698): Illuminate\\Routing\\Router->runRouteWithinStack()
#28 /app/www/vendor/laravel/framework/src/Illuminate/Routing/Router.php(662): Illuminate\\Routing\\Router->runRoute()
#29 /app/www/vendor/laravel/framework/src/Illuminate/Routing/Router.php(651): Illuminate\\Routing\\Router->dispatchToRoute()
#30 /app/www/vendor/laravel/framework/src/Illuminate/Foundation/Http/Kernel.php(167): Illuminate\\Routing\\Router->dispatch()
#31 /app/www/vendor/laravel/framework/src/Illuminate/Pipeline/Pipeline.php(128): Illuminate\\Foundation\\Http\\Kernel->Illuminate\\Foundation\\Http\\{closure}()
#32 /app/www/vendor/fideloper/proxy/src/TrustProxies.php(57): Illuminate\\Pipeline\\Pipeline->Illuminate\\Pipeline\\{closure}()
#33 /app/www/vendor/laravel/framework/src/Illuminate/Pipeline/Pipeline.php(167): Fideloper\\Proxy\\TrustProxies->handle()
#34 /app/www/vendor/laravel/framework/src/Illuminate/Foundation/Http/Middleware/TransformsRequest.php(21): Illuminate\\Pipeline\\Pipeline->Illuminate\\Pipeline\\{closure}()
#35 /app/www/vendor/laravel/framework/src/Illuminate/Foundation/Http/Middleware/ConvertEmptyStringsToNull.php(31): Illuminate\\Foundation\\Http\\Middleware\\TransformsRequest->handle()
#36 /app/www/vendor/laravel/framework/src/Illuminate/Pipeline/Pipeline.php(167): Illuminate\\Foundation\\Http\\Middleware\\ConvertEmptyStringsToNull->handle()
#37 /app/www/vendor/laravel/framework/src/Illuminate/Foundation/Http/Middleware/TransformsRequest.php(21): Illuminate\\Pipeline\\Pipeline->Illuminate\\Pipeline\\{closure}()
#38 /app/www/vendor/laravel/framework/src/Illuminate/Foundation/Http/Middleware/TrimStrings.php(40): Illuminate\\Foundation\\Http\\Middleware\\TransformsRequest->handle()
#39 /app/www/vendor/laravel/framework/src/Illuminate/Pipeline/Pipeline.php(167): Illuminate\\Foundation\\Http\\Middleware\\TrimStrings->handle()
#40 /app/www/vendor/laravel/framework/src/Illuminate/Foundation/Http/Middleware/ValidatePostSize.php(27): Illuminate\\Pipeline\\Pipeline->Illuminate\\Pipeline\\{closure}()
#41 /app/www/vendor/laravel/framework/src/Illuminate/Pipeline/Pipeline.php(167): Illuminate\\Foundation\\Http\\Middleware\\ValidatePostSize->handle()
#42 /app/www/vendor/laravel/framework/src/Illuminate/Foundation/Http/Middleware/PreventRequestsDuringMaintenance.php(86): Illuminate\\Pipeline\\Pipeline->Illuminate\\Pipeline\\{closure}()
#43 /app/www/vendor/laravel/framework/src/Illuminate/Pipeline/Pipeline.php(167): Illuminate\\Foundation\\Http\\Middleware\\PreventRequestsDuringMaintenance->handle()
#44 /app/www/vendor/laravel/framework/src/Illuminate/Pipeline/Pipeline.php(103): Illuminate\\Pipeline\\Pipeline->Illuminate\\Pipeline\\{closure}()
#45 /app/www/vendor/laravel/framework/src/Illuminate/Foundation/Http/Kernel.php(142): Illuminate\\Pipeline\\Pipeline->then()
#46 /app/www/vendor/laravel/framework/src/Illuminate/Foundation/Http/Kernel.php(111): Illuminate\\Foundation\\Http\\Kernel->sendRequestThroughRouter()
#47 /app/www/public/index.php(55): Illuminate\\Foundation\\Http\\Kernel->handle()
#48 {main}
"} 
[2023-01-08 05:51:26] local.ERROR: Attempt to read property "cpu" on null {"exception":"[object] (ErrorException(code: 0): Attempt to read property \"cpu\" on null at /config/www/SupportedApps/Proxmox/Proxmox.php:59)
[stacktrace]
#0 /config/www/SupportedApps/Proxmox/Proxmox.php(59): Illuminate\\Foundation\\Bootstrap\\HandleExceptions->handleError()
#1 /app/www/app/Http/Controllers/ItemController.php(503): App\\SupportedApps\\Proxmox\\Proxmox->livestats()
#2 /app/www/vendor/laravel/framework/src/Illuminate/Routing/Controller.php(54): App\\Http\\Controllers\\ItemController->getStats()
#3 /app/www/vendor/laravel/framework/src/Illuminate/Routing/ControllerDispatcher.php(45): Illuminate\\Routing\\Controller->callAction()
#4 /app/www/vendor/laravel/framework/src/Illuminate/Routing/Route.php(262): Illuminate\\Routing\\ControllerDispatcher->dispatch()
#5 /app/www/vendor/laravel/framework/src/Illuminate/Routing/Route.php(205): Illuminate\\Routing\\Route->runController()
#6 /app/www/vendor/laravel/framework/src/Illuminate/Routing/Router.php(721): Illuminate\\Routing\\Route->run()
#7 /app/www/vendor/laravel/framework/src/Illuminate/Pipeline/Pipeline.php(128): Illuminate\\Routing\\Router->Illuminate\\Routing\\{closure}()
#8 /app/www/app/Http/Middleware/CheckAllowed.php(46): Illuminate\\Pipeline\\Pipeline->Illuminate\\Pipeline\\{closure}()
#9 /app/www/vendor/laravel/framework/src/Illuminate/Pipeline/Pipeline.php(167): App\\Http\\Middleware\\CheckAllowed->handle()
#10 /app/www/app/Http/Controllers/Controller.php(22): Illuminate\\Pipeline\\Pipeline->Illuminate\\Pipeline\\{closure}()
#11 /app/www/vendor/laravel/framework/src/Illuminate/Pipeline/Pipeline.php(149): App\\Http\\Controllers\\Controller->App\\Http\\Controllers\\{closure}()
#12 /app/www/vendor/laravel/framework/src/Illuminate/Routing/Middleware/SubstituteBindings.php(50): Illuminate\\Pipeline\\Pipeline->Illuminate\\Pipeline\\{closure}()
#13 /app/www/vendor/laravel/framework/src/Illuminate/Pipeline/Pipeline.php(167): Illuminate\\Routing\\Middleware\\SubstituteBindings->handle()
#14 /app/www/vendor/laravel/framework/src/Illuminate/Foundation/Http/Middleware/VerifyCsrfToken.php(78): Illuminate\\Pipeline\\Pipeline->Illuminate\\Pipeline\\{closure}()
#15 /app/www/vendor/laravel/framework/src/Illuminate/Pipeline/Pipeline.php(167): Illuminate\\Foundation\\Http\\Middleware\\VerifyCsrfToken->handle()
#16 /app/www/vendor/laravel/framework/src/Illuminate/View/Middleware/ShareErrorsFromSession.php(49): Illuminate\\Pipeline\\Pipeline->Illuminate\\Pipeline\\{closure}()
#17 /app/www/vendor/laravel/framework/src/Illuminate/Pipeline/Pipeline.php(167): Illuminate\\View\\Middleware\\ShareErrorsFromSession->handle()
#18 /app/www/vendor/laravel/framework/src/Illuminate/Session/Middleware/StartSession.php(121): Illuminate\\Pipeline\\Pipeline->Illuminate\\Pipeline\\{closure}()
#19 /app/www/vendor/laravel/framework/src/Illuminate/Session/Middleware/StartSession.php(64): Illuminate\\Session\\Middleware\\StartSession->handleStatefulRequest()
#20 /app/www/vendor/laravel/framework/src/Illuminate/Pipeline/Pipeline.php(167): Illuminate\\Session\\Middleware\\StartSession->handle()
#21 /app/www/vendor/laravel/framework/src/Illuminate/Cookie/Middleware/AddQueuedCookiesToResponse.php(37): Illuminate\\Pipeline\\Pipeline->Illuminate\\Pipeline\\{closure}()
#22 /app/www/vendor/laravel/framework/src/Illuminate/Pipeline/Pipeline.php(167): Illuminate\\Cookie\\Middleware\\AddQueuedCookiesToResponse->handle()
#23 /app/www/vendor/laravel/framework/src/Illuminate/Cookie/Middleware/EncryptCookies.php(67): Illuminate\\Pipeline\\Pipeline->Illuminate\\Pipeline\\{closure}()
#24 /app/www/vendor/laravel/framework/src/Illuminate/Pipeline/Pipeline.php(167): Illuminate\\Cookie\\Middleware\\EncryptCookies->handle()
#25 /app/www/vendor/laravel/framework/src/Illuminate/Pipeline/Pipeline.php(103): Illuminate\\Pipeline\\Pipeline->Illuminate\\Pipeline\\{closure}()
#26 /app/www/vendor/laravel/framework/src/Illuminate/Routing/Router.php(723): Illuminate\\Pipeline\\Pipeline->then()
#27 /app/www/vendor/laravel/framework/src/Illuminate/Routing/Router.php(698): Illuminate\\Routing\\Router->runRouteWithinStack()
#28 /app/www/vendor/laravel/framework/src/Illuminate/Routing/Router.php(662): Illuminate\\Routing\\Router->runRoute()
#29 /app/www/vendor/laravel/framework/src/Illuminate/Routing/Router.php(651): Illuminate\\Routing\\Router->dispatchToRoute()
#30 /app/www/vendor/laravel/framework/src/Illuminate/Foundation/Http/Kernel.php(167): Illuminate\\Routing\\Router->dispatch()
#31 /app/www/vendor/laravel/framework/src/Illuminate/Pipeline/Pipeline.php(128): Illuminate\\Foundation\\Http\\Kernel->Illuminate\\Foundation\\Http\\{closure}()
#32 /app/www/vendor/fideloper/proxy/src/TrustProxies.php(57): Illuminate\\Pipeline\\Pipeline->Illuminate\\Pipeline\\{closure}()
#33 /app/www/vendor/laravel/framework/src/Illuminate/Pipeline/Pipeline.php(167): Fideloper\\Proxy\\TrustProxies->handle()
#34 /app/www/vendor/laravel/framework/src/Illuminate/Foundation/Http/Middleware/TransformsRequest.php(21): Illuminate\\Pipeline\\Pipeline->Illuminate\\Pipeline\\{closure}()
#35 /app/www/vendor/laravel/framework/src/Illuminate/Foundation/Http/Middleware/ConvertEmptyStringsToNull.php(31): Illuminate\\Foundation\\Http\\Middleware\\TransformsRequest->handle()
#36 /app/www/vendor/laravel/framework/src/Illuminate/Pipeline/Pipeline.php(167): Illuminate\\Foundation\\Http\\Middleware\\ConvertEmptyStringsToNull->handle()
#37 /app/www/vendor/laravel/framework/src/Illuminate/Foundation/Http/Middleware/TransformsRequest.php(21): Illuminate\\Pipeline\\Pipeline->Illuminate\\Pipeline\\{closure}()
#38 /app/www/vendor/laravel/framework/src/Illuminate/Foundation/Http/Middleware/TrimStrings.php(40): Illuminate\\Foundation\\Http\\Middleware\\TransformsRequest->handle()
#39 /app/www/vendor/laravel/framework/src/Illuminate/Pipeline/Pipeline.php(167): Illuminate\\Foundation\\Http\\Middleware\\TrimStrings->handle()
#40 /app/www/vendor/laravel/framework/src/Illuminate/Foundation/Http/Middleware/ValidatePostSize.php(27): Illuminate\\Pipeline\\Pipeline->Illuminate\\Pipeline\\{closure}()
#41 /app/www/vendor/laravel/framework/src/Illuminate/Pipeline/Pipeline.php(167): Illuminate\\Foundation\\Http\\Middleware\\ValidatePostSize->handle()
#42 /app/www/vendor/laravel/framework/src/Illuminate/Foundation/Http/Middleware/PreventRequestsDuringMaintenance.php(86): Illuminate\\Pipeline\\Pipeline->Illuminate\\Pipeline\\{closure}()
#43 /app/www/vendor/laravel/framework/src/Illuminate/Pipeline/Pipeline.php(167): Illuminate\\Foundation\\Http\\Middleware\\PreventRequestsDuringMaintenance->handle()
#44 /app/www/vendor/laravel/framework/src/Illuminate/Pipeline/Pipeline.php(103): Illuminate\\Pipeline\\Pipeline->Illuminate\\Pipeline\\{closure}()
#45 /app/www/vendor/laravel/framework/src/Illuminate/Foundation/Http/Kernel.php(142): Illuminate\\Pipeline\\Pipeline->then()
#46 /app/www/vendor/laravel/framework/src/Illuminate/Foundation/Http/Kernel.php(111): Illuminate\\Foundation\\Http\\Kernel->sendRequestThroughRouter()
#47 /app/www/public/index.php(55): Illuminate\\Foundation\\Http\\Kernel->handle()
#48 {main}
"} 
[2023-01-08 05:51:27] local.ERROR: Attempt to read property "cpu" on null {"exception":"[object] (ErrorException(code: 0): Attempt to read property \"cpu\" on null at /config/www/SupportedApps/Proxmox/Proxmox.php:59)
[stacktrace]
#0 /config/www/SupportedApps/Proxmox/Proxmox.php(59): Illuminate\\Foundation\\Bootstrap\\HandleExceptions->handleError()
#1 /app/www/app/Http/Controllers/ItemController.php(503): App\\SupportedApps\\Proxmox\\Proxmox->livestats()
#2 /app/www/vendor/laravel/framework/src/Illuminate/Routing/Controller.php(54): App\\Http\\Controllers\\ItemController->getStats()
#3 /app/www/vendor/laravel/framework/src/Illuminate/Routing/ControllerDispatcher.php(45): Illuminate\\Routing\\Controller->callAction()
#4 /app/www/vendor/laravel/framework/src/Illuminate/Routing/Route.php(262): Illuminate\\Routing\\ControllerDispatcher->dispatch()
#5 /app/www/vendor/laravel/framework/src/Illuminate/Routing/Route.php(205): Illuminate\\Routing\\Route->runController()
#6 /app/www/vendor/laravel/framework/src/Illuminate/Routing/Router.php(721): Illuminate\\Routing\\Route->run()
#7 /app/www/vendor/laravel/framework/src/Illuminate/Pipeline/Pipeline.php(128): Illuminate\\Routing\\Router->Illuminate\\Routing\\{closure}()
#8 /app/www/app/Http/Middleware/CheckAllowed.php(46): Illuminate\\Pipeline\\Pipeline->Illuminate\\Pipeline\\{closure}()
#9 /app/www/vendor/laravel/framework/src/Illuminate/Pipeline/Pipeline.php(167): App\\Http\\Middleware\\CheckAllowed->handle()
#10 /app/www/app/Http/Controllers/Controller.php(22): Illuminate\\Pipeline\\Pipeline->Illuminate\\Pipeline\\{closure}()
#11 /app/www/vendor/laravel/framework/src/Illuminate/Pipeline/Pipeline.php(149): App\\Http\\Controllers\\Controller->App\\Http\\Controllers\\{closure}()
#12 /app/www/vendor/laravel/framework/src/Illuminate/Routing/Middleware/SubstituteBindings.php(50): Illuminate\\Pipeline\\Pipeline->Illuminate\\Pipeline\\{closure}()
#13 /app/www/vendor/laravel/framework/src/Illuminate/Pipeline/Pipeline.php(167): Illuminate\\Routing\\Middleware\\SubstituteBindings->handle()
#14 /app/www/vendor/laravel/framework/src/Illuminate/Foundation/Http/Middleware/VerifyCsrfToken.php(78): Illuminate\\Pipeline\\Pipeline->Illuminate\\Pipeline\\{closure}()
#15 /app/www/vendor/laravel/framework/src/Illuminate/Pipeline/Pipeline.php(167): Illuminate\\Foundation\\Http\\Middleware\\VerifyCsrfToken->handle()
#16 /app/www/vendor/laravel/framework/src/Illuminate/View/Middleware/ShareErrorsFromSession.php(49): Illuminate\\Pipeline\\Pipeline->Illuminate\\Pipeline\\{closure}()
#17 /app/www/vendor/laravel/framework/src/Illuminate/Pipeline/Pipeline.php(167): Illuminate\\View\\Middleware\\ShareErrorsFromSession->handle()
#18 /app/www/vendor/laravel/framework/src/Illuminate/Session/Middleware/StartSession.php(121): Illuminate\\Pipeline\\Pipeline->Illuminate\\Pipeline\\{closure}()
#19 /app/www/vendor/laravel/framework/src/Illuminate/Session/Middleware/StartSession.php(64): Illuminate\\Session\\Middleware\\StartSession->handleStatefulRequest()
#20 /app/www/vendor/laravel/framework/src/Illuminate/Pipeline/Pipeline.php(167): Illuminate\\Session\\Middleware\\StartSession->handle()
#21 /app/www/vendor/laravel/framework/src/Illuminate/Cookie/Middleware/AddQueuedCookiesToResponse.php(37): Illuminate\\Pipeline\\Pipeline->Illuminate\\Pipeline\\{closure}()
#22 /app/www/vendor/laravel/framework/src/Illuminate/Pipeline/Pipeline.php(167): Illuminate\\Cookie\\Middleware\\AddQueuedCookiesToResponse->handle()
#23 /app/www/vendor/laravel/framework/src/Illuminate/Cookie/Middleware/EncryptCookies.php(67): Illuminate\\Pipeline\\Pipeline->Illuminate\\Pipeline\\{closure}()
#24 /app/www/vendor/laravel/framework/src/Illuminate/Pipeline/Pipeline.php(167): Illuminate\\Cookie\\Middleware\\EncryptCookies->handle()
#25 /app/www/vendor/laravel/framework/src/Illuminate/Pipeline/Pipeline.php(103): Illuminate\\Pipeline\\Pipeline->Illuminate\\Pipeline\\{closure}()
#26 /app/www/vendor/laravel/framework/src/Illuminate/Routing/Router.php(723): Illuminate\\Pipeline\\Pipeline->then()
#27 /app/www/vendor/laravel/framework/src/Illuminate/Routing/Router.php(698): Illuminate\\Routing\\Router->runRouteWithinStack()
#28 /app/www/vendor/laravel/framework/src/Illuminate/Routing/Router.php(662): Illuminate\\Routing\\Router->runRoute()
#29 /app/www/vendor/laravel/framework/src/Illuminate/Routing/Router.php(651): Illuminate\\Routing\\Router->dispatchToRoute()
#30 /app/www/vendor/laravel/framework/src/Illuminate/Foundation/Http/Kernel.php(167): Illuminate\\Routing\\Router->dispatch()
#31 /app/www/vendor/laravel/framework/src/Illuminate/Pipeline/Pipeline.php(128): Illuminate\\Foundation\\Http\\Kernel->Illuminate\\Foundation\\Http\\{closure}()
#32 /app/www/vendor/fideloper/proxy/src/TrustProxies.php(57): Illuminate\\Pipeline\\Pipeline->Illuminate\\Pipeline\\{closure}()
#33 /app/www/vendor/laravel/framework/src/Illuminate/Pipeline/Pipeline.php(167): Fideloper\\Proxy\\TrustProxies->handle()
#34 /app/www/vendor/laravel/framework/src/Illuminate/Foundation/Http/Middleware/TransformsRequest.php(21): Illuminate\\Pipeline\\Pipeline->Illuminate\\Pipeline\\{closure}()
#35 /app/www/vendor/laravel/framework/src/Illuminate/Foundation/Http/Middleware/ConvertEmptyStringsToNull.php(31): Illuminate\\Foundation\\Http\\Middleware\\TransformsRequest->handle()
#36 /app/www/vendor/laravel/framework/src/Illuminate/Pipeline/Pipeline.php(167): Illuminate\\Foundation\\Http\\Middleware\\ConvertEmptyStringsToNull->handle()
#37 /app/www/vendor/laravel/framework/src/Illuminate/Foundation/Http/Middleware/TransformsRequest.php(21): Illuminate\\Pipeline\\Pipeline->Illuminate\\Pipeline\\{closure}()
#38 /app/www/vendor/laravel/framework/src/Illuminate/Foundation/Http/Middleware/TrimStrings.php(40): Illuminate\\Foundation\\Http\\Middleware\\TransformsRequest->handle()
#39 /app/www/vendor/laravel/framework/src/Illuminate/Pipeline/Pipeline.php(167): Illuminate\\Foundation\\Http\\Middleware\\TrimStrings->handle()
#40 /app/www/vendor/laravel/framework/src/Illuminate/Foundation/Http/Middleware/ValidatePostSize.php(27): Illuminate\\Pipeline\\Pipeline->Illuminate\\Pipeline\\{closure}()
#41 /app/www/vendor/laravel/framework/src/Illuminate/Pipeline/Pipeline.php(167): Illuminate\\Foundation\\Http\\Middleware\\ValidatePostSize->handle()
#42 /app/www/vendor/laravel/framework/src/Illuminate/Foundation/Http/Middleware/PreventRequestsDuringMaintenance.php(86): Illuminate\\Pipeline\\Pipeline->Illuminate\\Pipeline\\{closure}()
#43 /app/www/vendor/laravel/framework/src/Illuminate/Pipeline/Pipeline.php(167): Illuminate\\Foundation\\Http\\Middleware\\PreventRequestsDuringMaintenance->handle()
#44 /app/www/vendor/laravel/framework/src/Illuminate/Pipeline/Pipeline.php(103): Illuminate\\Pipeline\\Pipeline->Illuminate\\Pipeline\\{closure}()
#45 /app/www/vendor/laravel/framework/src/Illuminate/Foundation/Http/Kernel.php(142): Illuminate\\Pipeline\\Pipeline->then()
#46 /app/www/vendor/laravel/framework/src/Illuminate/Foundation/Http/Kernel.php(111): Illuminate\\Foundation\\Http\\Kernel->sendRequestThroughRouter()
#47 /app/www/public/index.php(55): Illuminate\\Foundation\\Http\\Kernel->handle()
#48 {main}
"} 
[2023-01-08 05:51:50] local.ERROR: Attempt to read property "cpu" on null {"exception":"[object] (ErrorException(code: 0): Attempt to read property \"cpu\" on null at /config/www/SupportedApps/Proxmox/Proxmox.php:59)
[stacktrace]
#0 /config/www/SupportedApps/Proxmox/Proxmox.php(59): Illuminate\\Foundation\\Bootstrap\\HandleExceptions->handleError()
#1 /app/www/app/Http/Controllers/ItemController.php(503): App\\SupportedApps\\Proxmox\\Proxmox->livestats()
#2 /app/www/vendor/laravel/framework/src/Illuminate/Routing/Controller.php(54): App\\Http\\Controllers\\ItemController->getStats()
#3 /app/www/vendor/laravel/framework/src/Illuminate/Routing/ControllerDispatcher.php(45): Illuminate\\Routing\\Controller->callAction()
#4 /app/www/vendor/laravel/framework/src/Illuminate/Routing/Route.php(262): Illuminate\\Routing\\ControllerDispatcher->dispatch()
#5 /app/www/vendor/laravel/framework/src/Illuminate/Routing/Route.php(205): Illuminate\\Routing\\Route->runController()
#6 /app/www/vendor/laravel/framework/src/Illuminate/Routing/Router.php(721): Illuminate\\Routing\\Route->run()
#7 /app/www/vendor/laravel/framework/src/Illuminate/Pipeline/Pipeline.php(128): Illuminate\\Routing\\Router->Illuminate\\Routing\\{closure}()
#8 /app/www/app/Http/Middleware/CheckAllowed.php(46): Illuminate\\Pipeline\\Pipeline->Illuminate\\Pipeline\\{closure}()
#9 /app/www/vendor/laravel/framework/src/Illuminate/Pipeline/Pipeline.php(167): App\\Http\\Middleware\\CheckAllowed->handle()
#10 /app/www/app/Http/Controllers/Controller.php(22): Illuminate\\Pipeline\\Pipeline->Illuminate\\Pipeline\\{closure}()
#11 /app/www/vendor/laravel/framework/src/Illuminate/Pipeline/Pipeline.php(149): App\\Http\\Controllers\\Controller->App\\Http\\Controllers\\{closure}()
#12 /app/www/vendor/laravel/framework/src/Illuminate/Routing/Middleware/SubstituteBindings.php(50): Illuminate\\Pipeline\\Pipeline->Illuminate\\Pipeline\\{closure}()
#13 /app/www/vendor/laravel/framework/src/Illuminate/Pipeline/Pipeline.php(167): Illuminate\\Routing\\Middleware\\SubstituteBindings->handle()
#14 /app/www/vendor/laravel/framework/src/Illuminate/Foundation/Http/Middleware/VerifyCsrfToken.php(78): Illuminate\\Pipeline\\Pipeline->Illuminate\\Pipeline\\{closure}()
#15 /app/www/vendor/laravel/framework/src/Illuminate/Pipeline/Pipeline.php(167): Illuminate\\Foundation\\Http\\Middleware\\VerifyCsrfToken->handle()
#16 /app/www/vendor/laravel/framework/src/Illuminate/View/Middleware/ShareErrorsFromSession.php(49): Illuminate\\Pipeline\\Pipeline->Illuminate\\Pipeline\\{closure}()
#17 /app/www/vendor/laravel/framework/src/Illuminate/Pipeline/Pipeline.php(167): Illuminate\\View\\Middleware\\ShareErrorsFromSession->handle()
#18 /app/www/vendor/laravel/framework/src/Illuminate/Session/Middleware/StartSession.php(121): Illuminate\\Pipeline\\Pipeline->Illuminate\\Pipeline\\{closure}()
#19 /app/www/vendor/laravel/framework/src/Illuminate/Session/Middleware/StartSession.php(64): Illuminate\\Session\\Middleware\\StartSession->handleStatefulRequest()
#20 /app/www/vendor/laravel/framework/src/Illuminate/Pipeline/Pipeline.php(167): Illuminate\\Session\\Middleware\\StartSession->handle()
#21 /app/www/vendor/laravel/framework/src/Illuminate/Cookie/Middleware/AddQueuedCookiesToResponse.php(37): Illuminate\\Pipeline\\Pipeline->Illuminate\\Pipeline\\{closure}()
#22 /app/www/vendor/laravel/framework/src/Illuminate/Pipeline/Pipeline.php(167): Illuminate\\Cookie\\Middleware\\AddQueuedCookiesToResponse->handle()
#23 /app/www/vendor/laravel/framework/src/Illuminate/Cookie/Middleware/EncryptCookies.php(67): Illuminate\\Pipeline\\Pipeline->Illuminate\\Pipeline\\{closure}()
#24 /app/www/vendor/laravel/framework/src/Illuminate/Pipeline/Pipeline.php(167): Illuminate\\Cookie\\Middleware\\EncryptCookies->handle()
#25 /app/www/vendor/laravel/framework/src/Illuminate/Pipeline/Pipeline.php(103): Illuminate\\Pipeline\\Pipeline->Illuminate\\Pipeline\\{closure}()
#26 /app/www/vendor/laravel/framework/src/Illuminate/Routing/Router.php(723): Illuminate\\Pipeline\\Pipeline->then()
#27 /app/www/vendor/laravel/framework/src/Illuminate/Routing/Router.php(698): Illuminate\\Routing\\Router->runRouteWithinStack()
#28 /app/www/vendor/laravel/framework/src/Illuminate/Routing/Router.php(662): Illuminate\\Routing\\Router->runRoute()
#29 /app/www/vendor/laravel/framework/src/Illuminate/Routing/Router.php(651): Illuminate\\Routing\\Router->dispatchToRoute()
#30 /app/www/vendor/laravel/framework/src/Illuminate/Foundation/Http/Kernel.php(167): Illuminate\\Routing\\Router->dispatch()
#31 /app/www/vendor/laravel/framework/src/Illuminate/Pipeline/Pipeline.php(128): Illuminate\\Foundation\\Http\\Kernel->Illuminate\\Foundation\\Http\\{closure}()
#32 /app/www/vendor/fideloper/proxy/src/TrustProxies.php(57): Illuminate\\Pipeline\\Pipeline->Illuminate\\Pipeline\\{closure}()
#33 /app/www/vendor/laravel/framework/src/Illuminate/Pipeline/Pipeline.php(167): Fideloper\\Proxy\\TrustProxies->handle()
#34 /app/www/vendor/laravel/framework/src/Illuminate/Foundation/Http/Middleware/TransformsRequest.php(21): Illuminate\\Pipeline\\Pipeline->Illuminate\\Pipeline\\{closure}()
#35 /app/www/vendor/laravel/framework/src/Illuminate/Foundation/Http/Middleware/ConvertEmptyStringsToNull.php(31): Illuminate\\Foundation\\Http\\Middleware\\TransformsRequest->handle()
#36 /app/www/vendor/laravel/framework/src/Illuminate/Pipeline/Pipeline.php(167): Illuminate\\Foundation\\Http\\Middleware\\ConvertEmptyStringsToNull->handle()
#37 /app/www/vendor/laravel/framework/src/Illuminate/Foundation/Http/Middleware/TransformsRequest.php(21): Illuminate\\Pipeline\\Pipeline->Illuminate\\Pipeline\\{closure}()
#38 /app/www/vendor/laravel/framework/src/Illuminate/Foundation/Http/Middleware/TrimStrings.php(40): Illuminate\\Foundation\\Http\\Middleware\\TransformsRequest->handle()
#39 /app/www/vendor/laravel/framework/src/Illuminate/Pipeline/Pipeline.php(167): Illuminate\\Foundation\\Http\\Middleware\\TrimStrings->handle()
#40 /app/www/vendor/laravel/framework/src/Illuminate/Foundation/Http/Middleware/ValidatePostSize.php(27): Illuminate\\Pipeline\\Pipeline->Illuminate\\Pipeline\\{closure}()
#41 /app/www/vendor/laravel/framework/src/Illuminate/Pipeline/Pipeline.php(167): Illuminate\\Foundation\\Http\\Middleware\\ValidatePostSize->handle()
#42 /app/www/vendor/laravel/framework/src/Illuminate/Foundation/Http/Middleware/PreventRequestsDuringMaintenance.php(86): Illuminate\\Pipeline\\Pipeline->Illuminate\\Pipeline\\{closure}()
#43 /app/www/vendor/laravel/framework/src/Illuminate/Pipeline/Pipeline.php(167): Illuminate\\Foundation\\Http\\Middleware\\PreventRequestsDuringMaintenance->handle()
#44 /app/www/vendor/laravel/framework/src/Illuminate/Pipeline/Pipeline.php(103): Illuminate\\Pipeline\\Pipeline->Illuminate\\Pipeline\\{closure}()
#45 /app/www/vendor/laravel/framework/src/Illuminate/Foundation/Http/Kernel.php(142): Illuminate\\Pipeline\\Pipeline->then()
#46 /app/www/vendor/laravel/framework/src/Illuminate/Foundation/Http/Kernel.php(111): Illuminate\\Foundation\\Http\\Kernel->sendRequestThroughRouter()
#47 /app/www/public/index.php(55): Illuminate\\Foundation\\Http\\Kernel->handle()
#48 {main}
"} 
[2023-01-08 05:51:51] local.ERROR: Attempt to read property "cpu" on null {"exception":"[object] (ErrorException(code: 0): Attempt to read property \"cpu\" on null at /config/www/SupportedApps/Proxmox/Proxmox.php:59)
[stacktrace]
#0 /config/www/SupportedApps/Proxmox/Proxmox.php(59): Illuminate\\Foundation\\Bootstrap\\HandleExceptions->handleError()
#1 /app/www/app/Http/Controllers/ItemController.php(503): App\\SupportedApps\\Proxmox\\Proxmox->livestats()
#2 /app/www/vendor/laravel/framework/src/Illuminate/Routing/Controller.php(54): App\\Http\\Controllers\\ItemController->getStats()
#3 /app/www/vendor/laravel/framework/src/Illuminate/Routing/ControllerDispatcher.php(45): Illuminate\\Routing\\Controller->callAction()
#4 /app/www/vendor/laravel/framework/src/Illuminate/Routing/Route.php(262): Illuminate\\Routing\\ControllerDispatcher->dispatch()
#5 /app/www/vendor/laravel/framework/src/Illuminate/Routing/Route.php(205): Illuminate\\Routing\\Route->runController()
#6 /app/www/vendor/laravel/framework/src/Illuminate/Routing/Router.php(721): Illuminate\\Routing\\Route->run()
#7 /app/www/vendor/laravel/framework/src/Illuminate/Pipeline/Pipeline.php(128): Illuminate\\Routing\\Router->Illuminate\\Routing\\{closure}()
#8 /app/www/app/Http/Middleware/CheckAllowed.php(46): Illuminate\\Pipeline\\Pipeline->Illuminate\\Pipeline\\{closure}()
#9 /app/www/vendor/laravel/framework/src/Illuminate/Pipeline/Pipeline.php(167): App\\Http\\Middleware\\CheckAllowed->handle()
#10 /app/www/app/Http/Controllers/Controller.php(22): Illuminate\\Pipeline\\Pipeline->Illuminate\\Pipeline\\{closure}()
#11 /app/www/vendor/laravel/framework/src/Illuminate/Pipeline/Pipeline.php(149): App\\Http\\Controllers\\Controller->App\\Http\\Controllers\\{closure}()
#12 /app/www/vendor/laravel/framework/src/Illuminate/Routing/Middleware/SubstituteBindings.php(50): Illuminate\\Pipeline\\Pipeline->Illuminate\\Pipeline\\{closure}()
#13 /app/www/vendor/laravel/framework/src/Illuminate/Pipeline/Pipeline.php(167): Illuminate\\Routing\\Middleware\\SubstituteBindings->handle()
#14 /app/www/vendor/laravel/framework/src/Illuminate/Foundation/Http/Middleware/VerifyCsrfToken.php(78): Illuminate\\Pipeline\\Pipeline->Illuminate\\Pipeline\\{closure}()
#15 /app/www/vendor/laravel/framework/src/Illuminate/Pipeline/Pipeline.php(167): Illuminate\\Foundation\\Http\\Middleware\\VerifyCsrfToken->handle()
#16 /app/www/vendor/laravel/framework/src/Illuminate/View/Middleware/ShareErrorsFromSession.php(49): Illuminate\\Pipeline\\Pipeline->Illuminate\\Pipeline\\{closure}()
#17 /app/www/vendor/laravel/framework/src/Illuminate/Pipeline/Pipeline.php(167): Illuminate\\View\\Middleware\\ShareErrorsFromSession->handle()
#18 /app/www/vendor/laravel/framework/src/Illuminate/Session/Middleware/StartSession.php(121): Illuminate\\Pipeline\\Pipeline->Illuminate\\Pipeline\\{closure}()
#19 /app/www/vendor/laravel/framework/src/Illuminate/Session/Middleware/StartSession.php(64): Illuminate\\Session\\Middleware\\StartSession->handleStatefulRequest()
#20 /app/www/vendor/laravel/framework/src/Illuminate/Pipeline/Pipeline.php(167): Illuminate\\Session\\Middleware\\StartSession->handle()
#21 /app/www/vendor/laravel/framework/src/Illuminate/Cookie/Middleware/AddQueuedCookiesToResponse.php(37): Illuminate\\Pipeline\\Pipeline->Illuminate\\Pipeline\\{closure}()
#22 /app/www/vendor/laravel/framework/src/Illuminate/Pipeline/Pipeline.php(167): Illuminate\\Cookie\\Middleware\\AddQueuedCookiesToResponse->handle()
#23 /app/www/vendor/laravel/framework/src/Illuminate/Cookie/Middleware/EncryptCookies.php(67): Illuminate\\Pipeline\\Pipeline->Illuminate\\Pipeline\\{closure}()
#24 /app/www/vendor/laravel/framework/src/Illuminate/Pipeline/Pipeline.php(167): Illuminate\\Cookie\\Middleware\\EncryptCookies->handle()
#25 /app/www/vendor/laravel/framework/src/Illuminate/Pipeline/Pipeline.php(103): Illuminate\\Pipeline\\Pipeline->Illuminate\\Pipeline\\{closure}()
#26 /app/www/vendor/laravel/framework/src/Illuminate/Routing/Router.php(723): Illuminate\\Pipeline\\Pipeline->then()
#27 /app/www/vendor/laravel/framework/src/Illuminate/Routing/Router.php(698): Illuminate\\Routing\\Router->runRouteWithinStack()
#28 /app/www/vendor/laravel/framework/src/Illuminate/Routing/Router.php(662): Illuminate\\Routing\\Router->runRoute()
#29 /app/www/vendor/laravel/framework/src/Illuminate/Routing/Router.php(651): Illuminate\\Routing\\Router->dispatchToRoute()
#30 /app/www/vendor/laravel/framework/src/Illuminate/Foundation/Http/Kernel.php(167): Illuminate\\Routing\\Router->dispatch()
#31 /app/www/vendor/laravel/framework/src/Illuminate/Pipeline/Pipeline.php(128): Illuminate\\Foundation\\Http\\Kernel->Illuminate\\Foundation\\Http\\{closure}()
#32 /app/www/vendor/fideloper/proxy/src/TrustProxies.php(57): Illuminate\\Pipeline\\Pipeline->Illuminate\\Pipeline\\{closure}()
#33 /app/www/vendor/laravel/framework/src/Illuminate/Pipeline/Pipeline.php(167): Fideloper\\Proxy\\TrustProxies->handle()
#34 /app/www/vendor/laravel/framework/src/Illuminate/Foundation/Http/Middleware/TransformsRequest.php(21): Illuminate\\Pipeline\\Pipeline->Illuminate\\Pipeline\\{closure}()
#35 /app/www/vendor/laravel/framework/src/Illuminate/Foundation/Http/Middleware/ConvertEmptyStringsToNull.php(31): Illuminate\\Foundation\\Http\\Middleware\\TransformsRequest->handle()
#36 /app/www/vendor/laravel/framework/src/Illuminate/Pipeline/Pipeline.php(167): Illuminate\\Foundation\\Http\\Middleware\\ConvertEmptyStringsToNull->handle()
#37 /app/www/vendor/laravel/framework/src/Illuminate/Foundation/Http/Middleware/TransformsRequest.php(21): Illuminate\\Pipeline\\Pipeline->Illuminate\\Pipeline\\{closure}()
#38 /app/www/vendor/laravel/framework/src/Illuminate/Foundation/Http/Middleware/TrimStrings.php(40): Illuminate\\Foundation\\Http\\Middleware\\TransformsRequest->handle()
#39 /app/www/vendor/laravel/framework/src/Illuminate/Pipeline/Pipeline.php(167): Illuminate\\Foundation\\Http\\Middleware\\TrimStrings->handle()
#40 /app/www/vendor/laravel/framework/src/Illuminate/Foundation/Http/Middleware/ValidatePostSize.php(27): Illuminate\\Pipeline\\Pipeline->Illuminate\\Pipeline\\{closure}()
#41 /app/www/vendor/laravel/framework/src/Illuminate/Pipeline/Pipeline.php(167): Illuminate\\Foundation\\Http\\Middleware\\ValidatePostSize->handle()
#42 /app/www/vendor/laravel/framework/src/Illuminate/Foundation/Http/Middleware/PreventRequestsDuringMaintenance.php(86): Illuminate\\Pipeline\\Pipeline->Illuminate\\Pipeline\\{closure}()
#43 /app/www/vendor/laravel/framework/src/Illuminate/Pipeline/Pipeline.php(167): Illuminate\\Foundation\\Http\\Middleware\\PreventRequestsDuringMaintenance->handle()
#44 /app/www/vendor/laravel/framework/src/Illuminate/Pipeline/Pipeline.php(103): Illuminate\\Pipeline\\Pipeline->Illuminate\\Pipeline\\{closure}()
#45 /app/www/vendor/laravel/framework/src/Illuminate/Foundation/Http/Kernel.php(142): Illuminate\\Pipeline\\Pipeline->then()
#46 /app/www/vendor/laravel/framework/src/Illuminate/Foundation/Http/Kernel.php(111): Illuminate\\Foundation\\Http\\Kernel->sendRequestThroughRouter()
#47 /app/www/public/index.php(55): Illuminate\\Foundation\\Http\\Kernel->handle()
#48 {main}
"} 
[2023-01-08 05:52:28] local.DEBUG: Get app triggered for: 391f2b7f3fe853e1ea09723eeafc354fa291ab48  
[2023-01-08 05:52:28] local.ERROR: Call to undefined method Illuminate\Support\Facades\Request::input() {"exception":"[object] (Error(code: 0): Call to undefined method Illuminate\\Support\\Facades\\Request::input() at /app/www/routes/web.php:86)
[stacktrace]
#0 /app/www/vendor/laravel/framework/src/Illuminate/Routing/Route.php(238): Illuminate\\Routing\\RouteFileRegistrar->{closure}()
#1 /app/www/vendor/laravel/framework/src/Illuminate/Routing/Route.php(208): Illuminate\\Routing\\Route->runCallable()
#2 /app/www/vendor/laravel/framework/src/Illuminate/Routing/Router.php(721): Illuminate\\Routing\\Route->run()
#3 /app/www/vendor/laravel/framework/src/Illuminate/Pipeline/Pipeline.php(128): Illuminate\\Routing\\Router->Illuminate\\Routing\\{closure}()
#4 /app/www/vendor/laravel/framework/src/Illuminate/Routing/Middleware/SubstituteBindings.php(50): Illuminate\\Pipeline\\Pipeline->Illuminate\\Pipeline\\{closure}()
#5 /app/www/vendor/laravel/framework/src/Illuminate/Pipeline/Pipeline.php(167): Illuminate\\Routing\\Middleware\\SubstituteBindings->handle()
#6 /app/www/vendor/laravel/framework/src/Illuminate/Foundation/Http/Middleware/VerifyCsrfToken.php(78): Illuminate\\Pipeline\\Pipeline->Illuminate\\Pipeline\\{closure}()
#7 /app/www/vendor/laravel/framework/src/Illuminate/Pipeline/Pipeline.php(167): Illuminate\\Foundation\\Http\\Middleware\\VerifyCsrfToken->handle()
#8 /app/www/vendor/laravel/framework/src/Illuminate/View/Middleware/ShareErrorsFromSession.php(49): Illuminate\\Pipeline\\Pipeline->Illuminate\\Pipeline\\{closure}()
#9 /app/www/vendor/laravel/framework/src/Illuminate/Pipeline/Pipeline.php(167): Illuminate\\View\\Middleware\\ShareErrorsFromSession->handle()
#10 /app/www/vendor/laravel/framework/src/Illuminate/Session/Middleware/StartSession.php(121): Illuminate\\Pipeline\\Pipeline->Illuminate\\Pipeline\\{closure}()
#11 /app/www/vendor/laravel/framework/src/Illuminate/Session/Middleware/StartSession.php(64): Illuminate\\Session\\Middleware\\StartSession->handleStatefulRequest()
#12 /app/www/vendor/laravel/framework/src/Illuminate/Pipeline/Pipeline.php(167): Illuminate\\Session\\Middleware\\StartSession->handle()
#13 /app/www/vendor/laravel/framework/src/Illuminate/Cookie/Middleware/AddQueuedCookiesToResponse.php(37): Illuminate\\Pipeline\\Pipeline->Illuminate\\Pipeline\\{closure}()
#14 /app/www/vendor/laravel/framework/src/Illuminate/Pipeline/Pipeline.php(167): Illuminate\\Cookie\\Middleware\\AddQueuedCookiesToResponse->handle()
#15 /app/www/vendor/laravel/framework/src/Illuminate/Cookie/Middleware/EncryptCookies.php(67): Illuminate\\Pipeline\\Pipeline->Illuminate\\Pipeline\\{closure}()
#16 /app/www/vendor/laravel/framework/src/Illuminate/Pipeline/Pipeline.php(167): Illuminate\\Cookie\\Middleware\\EncryptCookies->handle()
#17 /app/www/vendor/laravel/framework/src/Illuminate/Pipeline/Pipeline.php(103): Illuminate\\Pipeline\\Pipeline->Illuminate\\Pipeline\\{closure}()
#18 /app/www/vendor/laravel/framework/src/Illuminate/Routing/Router.php(723): Illuminate\\Pipeline\\Pipeline->then()
#19 /app/www/vendor/laravel/framework/src/Illuminate/Routing/Router.php(698): Illuminate\\Routing\\Router->runRouteWithinStack()
#20 /app/www/vendor/laravel/framework/src/Illuminate/Routing/Router.php(662): Illuminate\\Routing\\Router->runRoute()
#21 /app/www/vendor/laravel/framework/src/Illuminate/Routing/Router.php(651): Illuminate\\Routing\\Router->dispatchToRoute()
#22 /app/www/vendor/laravel/framework/src/Illuminate/Foundation/Http/Kernel.php(167): Illuminate\\Routing\\Router->dispatch()
#23 /app/www/vendor/laravel/framework/src/Illuminate/Pipeline/Pipeline.php(128): Illuminate\\Foundation\\Http\\Kernel->Illuminate\\Foundation\\Http\\{closure}()
#24 /app/www/vendor/fideloper/proxy/src/TrustProxies.php(57): Illuminate\\Pipeline\\Pipeline->Illuminate\\Pipeline\\{closure}()
#25 /app/www/vendor/laravel/framework/src/Illuminate/Pipeline/Pipeline.php(167): Fideloper\\Proxy\\TrustProxies->handle()
#26 /app/www/vendor/laravel/framework/src/Illuminate/Foundation/Http/Middleware/TransformsRequest.php(21): Illuminate\\Pipeline\\Pipeline->Illuminate\\Pipeline\\{closure}()
#27 /app/www/vendor/laravel/framework/src/Illuminate/Foundation/Http/Middleware/ConvertEmptyStringsToNull.php(31): Illuminate\\Foundation\\Http\\Middleware\\TransformsRequest->handle()
#28 /app/www/vendor/laravel/framework/src/Illuminate/Pipeline/Pipeline.php(167): Illuminate\\Foundation\\Http\\Middleware\\ConvertEmptyStringsToNull->handle()
#29 /app/www/vendor/laravel/framework/src/Illuminate/Foundation/Http/Middleware/TransformsRequest.php(21): Illuminate\\Pipeline\\Pipeline->Illuminate\\Pipeline\\{closure}()
#30 /app/www/vendor/laravel/framework/src/Illuminate/Foundation/Http/Middleware/TrimStrings.php(40): Illuminate\\Foundation\\Http\\Middleware\\TransformsRequest->handle()
#31 /app/www/vendor/laravel/framework/src/Illuminate/Pipeline/Pipeline.php(167): Illuminate\\Foundation\\Http\\Middleware\\TrimStrings->handle()
#32 /app/www/vendor/laravel/framework/src/Illuminate/Foundation/Http/Middleware/ValidatePostSize.php(27): Illuminate\\Pipeline\\Pipeline->Illuminate\\Pipeline\\{closure}()
#33 /app/www/vendor/laravel/framework/src/Illuminate/Pipeline/Pipeline.php(167): Illuminate\\Foundation\\Http\\Middleware\\ValidatePostSize->handle()
#34 /app/www/vendor/laravel/framework/src/Illuminate/Foundation/Http/Middleware/PreventRequestsDuringMaintenance.php(86): Illuminate\\Pipeline\\Pipeline->Illuminate\\Pipeline\\{closure}()
#35 /app/www/vendor/laravel/framework/src/Illuminate/Pipeline/Pipeline.php(167): Illuminate\\Foundation\\Http\\Middleware\\PreventRequestsDuringMaintenance->handle()
#36 /app/www/vendor/laravel/framework/src/Illuminate/Pipeline/Pipeline.php(103): Illuminate\\Pipeline\\Pipeline->Illuminate\\Pipeline\\{closure}()
#37 /app/www/vendor/laravel/framework/src/Illuminate/Foundation/Http/Kernel.php(142): Illuminate\\Pipeline\\Pipeline->then()
#38 /app/www/vendor/laravel/framework/src/Illuminate/Foundation/Http/Kernel.php(111): Illuminate\\Foundation\\Http\\Kernel->sendRequestThroughRouter()
#39 /app/www/public/index.php(55): Illuminate\\Foundation\\Http\\Kernel->handle()
#40 {main}
"} 
[2023-01-08 05:52:50] local.ERROR: Attempt to read property "cpu" on null {"exception":"[object] (ErrorException(code: 0): Attempt to read property \"cpu\" on null at /config/www/SupportedApps/Proxmox/Proxmox.php:59)
[stacktrace]
#0 /config/www/SupportedApps/Proxmox/Proxmox.php(59): Illuminate\\Foundation\\Bootstrap\\HandleExceptions->handleError()
#1 /app/www/app/Http/Controllers/ItemController.php(503): App\\SupportedApps\\Proxmox\\Proxmox->livestats()
#2 /app/www/vendor/laravel/framework/src/Illuminate/Routing/Controller.php(54): App\\Http\\Controllers\\ItemController->getStats()
#3 /app/www/vendor/laravel/framework/src/Illuminate/Routing/ControllerDispatcher.php(45): Illuminate\\Routing\\Controller->callAction()
#4 /app/www/vendor/laravel/framework/src/Illuminate/Routing/Route.php(262): Illuminate\\Routing\\ControllerDispatcher->dispatch()
#5 /app/www/vendor/laravel/framework/src/Illuminate/Routing/Route.php(205): Illuminate\\Routing\\Route->runController()
#6 /app/www/vendor/laravel/framework/src/Illuminate/Routing/Router.php(721): Illuminate\\Routing\\Route->run()
#7 /app/www/vendor/laravel/framework/src/Illuminate/Pipeline/Pipeline.php(128): Illuminate\\Routing\\Router->Illuminate\\Routing\\{closure}()
#8 /app/www/app/Http/Middleware/CheckAllowed.php(46): Illuminate\\Pipeline\\Pipeline->Illuminate\\Pipeline\\{closure}()
#9 /app/www/vendor/laravel/framework/src/Illuminate/Pipeline/Pipeline.php(167): App\\Http\\Middleware\\CheckAllowed->handle()
#10 /app/www/app/Http/Controllers/Controller.php(22): Illuminate\\Pipeline\\Pipeline->Illuminate\\Pipeline\\{closure}()
#11 /app/www/vendor/laravel/framework/src/Illuminate/Pipeline/Pipeline.php(149): App\\Http\\Controllers\\Controller->App\\Http\\Controllers\\{closure}()
#12 /app/www/vendor/laravel/framework/src/Illuminate/Routing/Middleware/SubstituteBindings.php(50): Illuminate\\Pipeline\\Pipeline->Illuminate\\Pipeline\\{closure}()
#13 /app/www/vendor/laravel/framework/src/Illuminate/Pipeline/Pipeline.php(167): Illuminate\\Routing\\Middleware\\SubstituteBindings->handle()
#14 /app/www/vendor/laravel/framework/src/Illuminate/Foundation/Http/Middleware/VerifyCsrfToken.php(78): Illuminate\\Pipeline\\Pipeline->Illuminate\\Pipeline\\{closure}()
#15 /app/www/vendor/laravel/framework/src/Illuminate/Pipeline/Pipeline.php(167): Illuminate\\Foundation\\Http\\Middleware\\VerifyCsrfToken->handle()
#16 /app/www/vendor/laravel/framework/src/Illuminate/View/Middleware/ShareErrorsFromSession.php(49): Illuminate\\Pipeline\\Pipeline->Illuminate\\Pipeline\\{closure}()
#17 /app/www/vendor/laravel/framework/src/Illuminate/Pipeline/Pipeline.php(167): Illuminate\\View\\Middleware\\ShareErrorsFromSession->handle()
#18 /app/www/vendor/laravel/framework/src/Illuminate/Session/Middleware/StartSession.php(121): Illuminate\\Pipeline\\Pipeline->Illuminate\\Pipeline\\{closure}()
#19 /app/www/vendor/laravel/framework/src/Illuminate/Session/Middleware/StartSession.php(64): Illuminate\\Session\\Middleware\\StartSession->handleStatefulRequest()
#20 /app/www/vendor/laravel/framework/src/Illuminate/Pipeline/Pipeline.php(167): Illuminate\\Session\\Middleware\\StartSession->handle()
#21 /app/www/vendor/laravel/framework/src/Illuminate/Cookie/Middleware/AddQueuedCookiesToResponse.php(37): Illuminate\\Pipeline\\Pipeline->Illuminate\\Pipeline\\{closure}()
#22 /app/www/vendor/laravel/framework/src/Illuminate/Pipeline/Pipeline.php(167): Illuminate\\Cookie\\Middleware\\AddQueuedCookiesToResponse->handle()
#23 /app/www/vendor/laravel/framework/src/Illuminate/Cookie/Middleware/EncryptCookies.php(67): Illuminate\\Pipeline\\Pipeline->Illuminate\\Pipeline\\{closure}()
#24 /app/www/vendor/laravel/framework/src/Illuminate/Pipeline/Pipeline.php(167): Illuminate\\Cookie\\Middleware\\EncryptCookies->handle()
#25 /app/www/vendor/laravel/framework/src/Illuminate/Pipeline/Pipeline.php(103): Illuminate\\Pipeline\\Pipeline->Illuminate\\Pipeline\\{closure}()
#26 /app/www/vendor/laravel/framework/src/Illuminate/Routing/Router.php(723): Illuminate\\Pipeline\\Pipeline->then()
#27 /app/www/vendor/laravel/framework/src/Illuminate/Routing/Router.php(698): Illuminate\\Routing\\Router->runRouteWithinStack()
#28 /app/www/vendor/laravel/framework/src/Illuminate/Routing/Router.php(662): Illuminate\\Routing\\Router->runRoute()
#29 /app/www/vendor/laravel/framework/src/Illuminate/Routing/Router.php(651): Illuminate\\Routing\\Router->dispatchToRoute()
#30 /app/www/vendor/laravel/framework/src/Illuminate/Foundation/Http/Kernel.php(167): Illuminate\\Routing\\Router->dispatch()
#31 /app/www/vendor/laravel/framework/src/Illuminate/Pipeline/Pipeline.php(128): Illuminate\\Foundation\\Http\\Kernel->Illuminate\\Foundation\\Http\\{closure}()
#32 /app/www/vendor/fideloper/proxy/src/TrustProxies.php(57): Illuminate\\Pipeline\\Pipeline->Illuminate\\Pipeline\\{closure}()
#33 /app/www/vendor/laravel/framework/src/Illuminate/Pipeline/Pipeline.php(167): Fideloper\\Proxy\\TrustProxies->handle()
#34 /app/www/vendor/laravel/framework/src/Illuminate/Foundation/Http/Middleware/TransformsRequest.php(21): Illuminate\\Pipeline\\Pipeline->Illuminate\\Pipeline\\{closure}()
#35 /app/www/vendor/laravel/framework/src/Illuminate/Foundation/Http/Middleware/ConvertEmptyStringsToNull.php(31): Illuminate\\Foundation\\Http\\Middleware\\TransformsRequest->handle()
#36 /app/www/vendor/laravel/framework/src/Illuminate/Pipeline/Pipeline.php(167): Illuminate\\Foundation\\Http\\Middleware\\ConvertEmptyStringsToNull->handle()
#37 /app/www/vendor/laravel/framework/src/Illuminate/Foundation/Http/Middleware/TransformsRequest.php(21): Illuminate\\Pipeline\\Pipeline->Illuminate\\Pipeline\\{closure}()
#38 /app/www/vendor/laravel/framework/src/Illuminate/Foundation/Http/Middleware/TrimStrings.php(40): Illuminate\\Foundation\\Http\\Middleware\\TransformsRequest->handle()
#39 /app/www/vendor/laravel/framework/src/Illuminate/Pipeline/Pipeline.php(167): Illuminate\\Foundation\\Http\\Middleware\\TrimStrings->handle()
#40 /app/www/vendor/laravel/framework/src/Illuminate/Foundation/Http/Middleware/ValidatePostSize.php(27): Illuminate\\Pipeline\\Pipeline->Illuminate\\Pipeline\\{closure}()
#41 /app/www/vendor/laravel/framework/src/Illuminate/Pipeline/Pipeline.php(167): Illuminate\\Foundation\\Http\\Middleware\\ValidatePostSize->handle()
#42 /app/www/vendor/laravel/framework/src/Illuminate/Foundation/Http/Middleware/PreventRequestsDuringMaintenance.php(86): Illuminate\\Pipeline\\Pipeline->Illuminate\\Pipeline\\{closure}()
#43 /app/www/vendor/laravel/framework/src/Illuminate/Pipeline/Pipeline.php(167): Illuminate\\Foundation\\Http\\Middleware\\PreventRequestsDuringMaintenance->handle()
#44 /app/www/vendor/laravel/framework/src/Illuminate/Pipeline/Pipeline.php(103): Illuminate\\Pipeline\\Pipeline->Illuminate\\Pipeline\\{closure}()
#45 /app/www/vendor/laravel/framework/src/Illuminate/Foundation/Http/Kernel.php(142): Illuminate\\Pipeline\\Pipeline->then()
#46 /app/www/vendor/laravel/framework/src/Illuminate/Foundation/Http/Kernel.php(111): Illuminate\\Foundation\\Http\\Kernel->sendRequestThroughRouter()
#47 /app/www/public/index.php(55): Illuminate\\Foundation\\Http\\Kernel->handle()
#48 {main}
"} 
[2023-01-08 05:52:50] local.ERROR: Attempt to read property "cpu" on null {"exception":"[object] (ErrorException(code: 0): Attempt to read property \"cpu\" on null at /config/www/SupportedApps/Proxmox/Proxmox.php:59)
[stacktrace]
#0 /config/www/SupportedApps/Proxmox/Proxmox.php(59): Illuminate\\Foundation\\Bootstrap\\HandleExceptions->handleError()
#1 /app/www/app/Http/Controllers/ItemController.php(503): App\\SupportedApps\\Proxmox\\Proxmox->livestats()
#2 /app/www/vendor/laravel/framework/src/Illuminate/Routing/Controller.php(54): App\\Http\\Controllers\\ItemController->getStats()
#3 /app/www/vendor/laravel/framework/src/Illuminate/Routing/ControllerDispatcher.php(45): Illuminate\\Routing\\Controller->callAction()
#4 /app/www/vendor/laravel/framework/src/Illuminate/Routing/Route.php(262): Illuminate\\Routing\\ControllerDispatcher->dispatch()
#5 /app/www/vendor/laravel/framework/src/Illuminate/Routing/Route.php(205): Illuminate\\Routing\\Route->runController()
#6 /app/www/vendor/laravel/framework/src/Illuminate/Routing/Router.php(721): Illuminate\\Routing\\Route->run()
#7 /app/www/vendor/laravel/framework/src/Illuminate/Pipeline/Pipeline.php(128): Illuminate\\Routing\\Router->Illuminate\\Routing\\{closure}()
#8 /app/www/app/Http/Middleware/CheckAllowed.php(46): Illuminate\\Pipeline\\Pipeline->Illuminate\\Pipeline\\{closure}()
#9 /app/www/vendor/laravel/framework/src/Illuminate/Pipeline/Pipeline.php(167): App\\Http\\Middleware\\CheckAllowed->handle()
#10 /app/www/app/Http/Controllers/Controller.php(22): Illuminate\\Pipeline\\Pipeline->Illuminate\\Pipeline\\{closure}()
#11 /app/www/vendor/laravel/framework/src/Illuminate/Pipeline/Pipeline.php(149): App\\Http\\Controllers\\Controller->App\\Http\\Controllers\\{closure}()
#12 /app/www/vendor/laravel/framework/src/Illuminate/Routing/Middleware/SubstituteBindings.php(50): Illuminate\\Pipeline\\Pipeline->Illuminate\\Pipeline\\{closure}()
#13 /app/www/vendor/laravel/framework/src/Illuminate/Pipeline/Pipeline.php(167): Illuminate\\Routing\\Middleware\\SubstituteBindings->handle()
#14 /app/www/vendor/laravel/framework/src/Illuminate/Foundation/Http/Middleware/VerifyCsrfToken.php(78): Illuminate\\Pipeline\\Pipeline->Illuminate\\Pipeline\\{closure}()
#15 /app/www/vendor/laravel/framework/src/Illuminate/Pipeline/Pipeline.php(167): Illuminate\\Foundation\\Http\\Middleware\\VerifyCsrfToken->handle()
#16 /app/www/vendor/laravel/framework/src/Illuminate/View/Middleware/ShareErrorsFromSession.php(49): Illuminate\\Pipeline\\Pipeline->Illuminate\\Pipeline\\{closure}()
#17 /app/www/vendor/laravel/framework/src/Illuminate/Pipeline/Pipeline.php(167): Illuminate\\View\\Middleware\\ShareErrorsFromSession->handle()
#18 /app/www/vendor/laravel/framework/src/Illuminate/Session/Middleware/StartSession.php(121): Illuminate\\Pipeline\\Pipeline->Illuminate\\Pipeline\\{closure}()
#19 /app/www/vendor/laravel/framework/src/Illuminate/Session/Middleware/StartSession.php(64): Illuminate\\Session\\Middleware\\StartSession->handleStatefulRequest()
#20 /app/www/vendor/laravel/framework/src/Illuminate/Pipeline/Pipeline.php(167): Illuminate\\Session\\Middleware\\StartSession->handle()
#21 /app/www/vendor/laravel/framework/src/Illuminate/Cookie/Middleware/AddQueuedCookiesToResponse.php(37): Illuminate\\Pipeline\\Pipeline->Illuminate\\Pipeline\\{closure}()
#22 /app/www/vendor/laravel/framework/src/Illuminate/Pipeline/Pipeline.php(167): Illuminate\\Cookie\\Middleware\\AddQueuedCookiesToResponse->handle()
#23 /app/www/vendor/laravel/framework/src/Illuminate/Cookie/Middleware/EncryptCookies.php(67): Illuminate\\Pipeline\\Pipeline->Illuminate\\Pipeline\\{closure}()
#24 /app/www/vendor/laravel/framework/src/Illuminate/Pipeline/Pipeline.php(167): Illuminate\\Cookie\\Middleware\\EncryptCookies->handle()
#25 /app/www/vendor/laravel/framework/src/Illuminate/Pipeline/Pipeline.php(103): Illuminate\\Pipeline\\Pipeline->Illuminate\\Pipeline\\{closure}()
#26 /app/www/vendor/laravel/framework/src/Illuminate/Routing/Router.php(723): Illuminate\\Pipeline\\Pipeline->then()
#27 /app/www/vendor/laravel/framework/src/Illuminate/Routing/Router.php(698): Illuminate\\Routing\\Router->runRouteWithinStack()
#28 /app/www/vendor/laravel/framework/src/Illuminate/Routing/Router.php(662): Illuminate\\Routing\\Router->runRoute()
#29 /app/www/vendor/laravel/framework/src/Illuminate/Routing/Router.php(651): Illuminate\\Routing\\Router->dispatchToRoute()
#30 /app/www/vendor/laravel/framework/src/Illuminate/Foundation/Http/Kernel.php(167): Illuminate\\Routing\\Router->dispatch()
#31 /app/www/vendor/laravel/framework/src/Illuminate/Pipeline/Pipeline.php(128): Illuminate\\Foundation\\Http\\Kernel->Illuminate\\Foundation\\Http\\{closure}()
#32 /app/www/vendor/fideloper/proxy/src/TrustProxies.php(57): Illuminate\\Pipeline\\Pipeline->Illuminate\\Pipeline\\{closure}()
#33 /app/www/vendor/laravel/framework/src/Illuminate/Pipeline/Pipeline.php(167): Fideloper\\Proxy\\TrustProxies->handle()
#34 /app/www/vendor/laravel/framework/src/Illuminate/Foundation/Http/Middleware/TransformsRequest.php(21): Illuminate\\Pipeline\\Pipeline->Illuminate\\Pipeline\\{closure}()
#35 /app/www/vendor/laravel/framework/src/Illuminate/Foundation/Http/Middleware/ConvertEmptyStringsToNull.php(31): Illuminate\\Foundation\\Http\\Middleware\\TransformsRequest->handle()
#36 /app/www/vendor/laravel/framework/src/Illuminate/Pipeline/Pipeline.php(167): Illuminate\\Foundation\\Http\\Middleware\\ConvertEmptyStringsToNull->handle()
#37 /app/www/vendor/laravel/framework/src/Illuminate/Foundation/Http/Middleware/TransformsRequest.php(21): Illuminate\\Pipeline\\Pipeline->Illuminate\\Pipeline\\{closure}()
#38 /app/www/vendor/laravel/framework/src/Illuminate/Foundation/Http/Middleware/TrimStrings.php(40): Illuminate\\Foundation\\Http\\Middleware\\TransformsRequest->handle()
#39 /app/www/vendor/laravel/framework/src/Illuminate/Pipeline/Pipeline.php(167): Illuminate\\Foundation\\Http\\Middleware\\TrimStrings->handle()
#40 /app/www/vendor/laravel/framework/src/Illuminate/Foundation/Http/Middleware/ValidatePostSize.php(27): Illuminate\\Pipeline\\Pipeline->Illuminate\\Pipeline\\{closure}()
#41 /app/www/vendor/laravel/framework/src/Illuminate/Pipeline/Pipeline.php(167): Illuminate\\Foundation\\Http\\Middleware\\ValidatePostSize->handle()
#42 /app/www/vendor/laravel/framework/src/Illuminate/Foundation/Http/Middleware/PreventRequestsDuringMaintenance.php(86): Illuminate\\Pipeline\\Pipeline->Illuminate\\Pipeline\\{closure}()
#43 /app/www/vendor/laravel/framework/src/Illuminate/Pipeline/Pipeline.php(167): Illuminate\\Foundation\\Http\\Middleware\\PreventRequestsDuringMaintenance->handle()
#44 /app/www/vendor/laravel/framework/src/Illuminate/Pipeline/Pipeline.php(103): Illuminate\\Pipeline\\Pipeline->Illuminate\\Pipeline\\{closure}()
#45 /app/www/vendor/laravel/framework/src/Illuminate/Foundation/Http/Kernel.php(142): Illuminate\\Pipeline\\Pipeline->then()
#46 /app/www/vendor/laravel/framework/src/Illuminate/Foundation/Http/Kernel.php(111): Illuminate\\Foundation\\Http\\Kernel->sendRequestThroughRouter()
#47 /app/www/public/index.php(55): Illuminate\\Foundation\\Http\\Kernel->handle()
#48 {main}
"} 
[2023-01-08 05:53:09] local.ERROR: Attempt to read property "cpu" on null {"exception":"[object] (ErrorException(code: 0): Attempt to read property \"cpu\" on null at /config/www/SupportedApps/Proxmox/Proxmox.php:59)
[stacktrace]
#0 /config/www/SupportedApps/Proxmox/Proxmox.php(59): Illuminate\\Foundation\\Bootstrap\\HandleExceptions->handleError()
#1 /app/www/app/Http/Controllers/ItemController.php(503): App\\SupportedApps\\Proxmox\\Proxmox->livestats()
#2 /app/www/vendor/laravel/framework/src/Illuminate/Routing/Controller.php(54): App\\Http\\Controllers\\ItemController->getStats()
#3 /app/www/vendor/laravel/framework/src/Illuminate/Routing/ControllerDispatcher.php(45): Illuminate\\Routing\\Controller->callAction()
#4 /app/www/vendor/laravel/framework/src/Illuminate/Routing/Route.php(262): Illuminate\\Routing\\ControllerDispatcher->dispatch()
#5 /app/www/vendor/laravel/framework/src/Illuminate/Routing/Route.php(205): Illuminate\\Routing\\Route->runController()
#6 /app/www/vendor/laravel/framework/src/Illuminate/Routing/Router.php(721): Illuminate\\Routing\\Route->run()
#7 /app/www/vendor/laravel/framework/src/Illuminate/Pipeline/Pipeline.php(128): Illuminate\\Routing\\Router->Illuminate\\Routing\\{closure}()
#8 /app/www/app/Http/Middleware/CheckAllowed.php(46): Illuminate\\Pipeline\\Pipeline->Illuminate\\Pipeline\\{closure}()
#9 /app/www/vendor/laravel/framework/src/Illuminate/Pipeline/Pipeline.php(167): App\\Http\\Middleware\\CheckAllowed->handle()
#10 /app/www/app/Http/Controllers/Controller.php(22): Illuminate\\Pipeline\\Pipeline->Illuminate\\Pipeline\\{closure}()
#11 /app/www/vendor/laravel/framework/src/Illuminate/Pipeline/Pipeline.php(149): App\\Http\\Controllers\\Controller->App\\Http\\Controllers\\{closure}()
#12 /app/www/vendor/laravel/framework/src/Illuminate/Routing/Middleware/SubstituteBindings.php(50): Illuminate\\Pipeline\\Pipeline->Illuminate\\Pipeline\\{closure}()
#13 /app/www/vendor/laravel/framework/src/Illuminate/Pipeline/Pipeline.php(167): Illuminate\\Routing\\Middleware\\SubstituteBindings->handle()
#14 /app/www/vendor/laravel/framework/src/Illuminate/Foundation/Http/Middleware/VerifyCsrfToken.php(78): Illuminate\\Pipeline\\Pipeline->Illuminate\\Pipeline\\{closure}()
#15 /app/www/vendor/laravel/framework/src/Illuminate/Pipeline/Pipeline.php(167): Illuminate\\Foundation\\Http\\Middleware\\VerifyCsrfToken->handle()
#16 /app/www/vendor/laravel/framework/src/Illuminate/View/Middleware/ShareErrorsFromSession.php(49): Illuminate\\Pipeline\\Pipeline->Illuminate\\Pipeline\\{closure}()
#17 /app/www/vendor/laravel/framework/src/Illuminate/Pipeline/Pipeline.php(167): Illuminate\\View\\Middleware\\ShareErrorsFromSession->handle()
#18 /app/www/vendor/laravel/framework/src/Illuminate/Session/Middleware/StartSession.php(121): Illuminate\\Pipeline\\Pipeline->Illuminate\\Pipeline\\{closure}()
#19 /app/www/vendor/laravel/framework/src/Illuminate/Session/Middleware/StartSession.php(64): Illuminate\\Session\\Middleware\\StartSession->handleStatefulRequest()
#20 /app/www/vendor/laravel/framework/src/Illuminate/Pipeline/Pipeline.php(167): Illuminate\\Session\\Middleware\\StartSession->handle()
#21 /app/www/vendor/laravel/framework/src/Illuminate/Cookie/Middleware/AddQueuedCookiesToResponse.php(37): Illuminate\\Pipeline\\Pipeline->Illuminate\\Pipeline\\{closure}()
#22 /app/www/vendor/laravel/framework/src/Illuminate/Pipeline/Pipeline.php(167): Illuminate\\Cookie\\Middleware\\AddQueuedCookiesToResponse->handle()
#23 /app/www/vendor/laravel/framework/src/Illuminate/Cookie/Middleware/EncryptCookies.php(67): Illuminate\\Pipeline\\Pipeline->Illuminate\\Pipeline\\{closure}()
#24 /app/www/vendor/laravel/framework/src/Illuminate/Pipeline/Pipeline.php(167): Illuminate\\Cookie\\Middleware\\EncryptCookies->handle()
#25 /app/www/vendor/laravel/framework/src/Illuminate/Pipeline/Pipeline.php(103): Illuminate\\Pipeline\\Pipeline->Illuminate\\Pipeline\\{closure}()
#26 /app/www/vendor/laravel/framework/src/Illuminate/Routing/Router.php(723): Illuminate\\Pipeline\\Pipeline->then()
#27 /app/www/vendor/laravel/framework/src/Illuminate/Routing/Router.php(698): Illuminate\\Routing\\Router->runRouteWithinStack()
#28 /app/www/vendor/laravel/framework/src/Illuminate/Routing/Router.php(662): Illuminate\\Routing\\Router->runRoute()
#29 /app/www/vendor/laravel/framework/src/Illuminate/Routing/Router.php(651): Illuminate\\Routing\\Router->dispatchToRoute()
#30 /app/www/vendor/laravel/framework/src/Illuminate/Foundation/Http/Kernel.php(167): Illuminate\\Routing\\Router->dispatch()
#31 /app/www/vendor/laravel/framework/src/Illuminate/Pipeline/Pipeline.php(128): Illuminate\\Foundation\\Http\\Kernel->Illuminate\\Foundation\\Http\\{closure}()
#32 /app/www/vendor/fideloper/proxy/src/TrustProxies.php(57): Illuminate\\Pipeline\\Pipeline->Illuminate\\Pipeline\\{closure}()
#33 /app/www/vendor/laravel/framework/src/Illuminate/Pipeline/Pipeline.php(167): Fideloper\\Proxy\\TrustProxies->handle()
#34 /app/www/vendor/laravel/framework/src/Illuminate/Foundation/Http/Middleware/TransformsRequest.php(21): Illuminate\\Pipeline\\Pipeline->Illuminate\\Pipeline\\{closure}()
#35 /app/www/vendor/laravel/framework/src/Illuminate/Foundation/Http/Middleware/ConvertEmptyStringsToNull.php(31): Illuminate\\Foundation\\Http\\Middleware\\TransformsRequest->handle()
#36 /app/www/vendor/laravel/framework/src/Illuminate/Pipeline/Pipeline.php(167): Illuminate\\Foundation\\Http\\Middleware\\ConvertEmptyStringsToNull->handle()
#37 /app/www/vendor/laravel/framework/src/Illuminate/Foundation/Http/Middleware/TransformsRequest.php(21): Illuminate\\Pipeline\\Pipeline->Illuminate\\Pipeline\\{closure}()
#38 /app/www/vendor/laravel/framework/src/Illuminate/Foundation/Http/Middleware/TrimStrings.php(40): Illuminate\\Foundation\\Http\\Middleware\\TransformsRequest->handle()
#39 /app/www/vendor/laravel/framework/src/Illuminate/Pipeline/Pipeline.php(167): Illuminate\\Foundation\\Http\\Middleware\\TrimStrings->handle()
#40 /app/www/vendor/laravel/framework/src/Illuminate/Foundation/Http/Middleware/ValidatePostSize.php(27): Illuminate\\Pipeline\\Pipeline->Illuminate\\Pipeline\\{closure}()
#41 /app/www/vendor/laravel/framework/src/Illuminate/Pipeline/Pipeline.php(167): Illuminate\\Foundation\\Http\\Middleware\\ValidatePostSize->handle()
#42 /app/www/vendor/laravel/framework/src/Illuminate/Foundation/Http/Middleware/PreventRequestsDuringMaintenance.php(86): Illuminate\\Pipeline\\Pipeline->Illuminate\\Pipeline\\{closure}()
#43 /app/www/vendor/laravel/framework/src/Illuminate/Pipeline/Pipeline.php(167): Illuminate\\Foundation\\Http\\Middleware\\PreventRequestsDuringMaintenance->handle()
#44 /app/www/vendor/laravel/framework/src/Illuminate/Pipeline/Pipeline.php(103): Illuminate\\Pipeline\\Pipeline->Illuminate\\Pipeline\\{closure}()
#45 /app/www/vendor/laravel/framework/src/Illuminate/Foundation/Http/Kernel.php(142): Illuminate\\Pipeline\\Pipeline->then()
#46 /app/www/vendor/laravel/framework/src/Illuminate/Foundation/Http/Kernel.php(111): Illuminate\\Foundation\\Http\\Kernel->sendRequestThroughRouter()
#47 /app/www/public/index.php(55): Illuminate\\Foundation\\Http\\Kernel->handle()
#48 {main}
"} 
[2023-01-08 05:53:09] local.ERROR: Attempt to read property "cpu" on null {"exception":"[object] (ErrorException(code: 0): Attempt to read property \"cpu\" on null at /config/www/SupportedApps/Proxmox/Proxmox.php:59)
[stacktrace]
#0 /config/www/SupportedApps/Proxmox/Proxmox.php(59): Illuminate\\Foundation\\Bootstrap\\HandleExceptions->handleError()
#1 /app/www/app/Http/Controllers/ItemController.php(503): App\\SupportedApps\\Proxmox\\Proxmox->livestats()
#2 /app/www/vendor/laravel/framework/src/Illuminate/Routing/Controller.php(54): App\\Http\\Controllers\\ItemController->getStats()
#3 /app/www/vendor/laravel/framework/src/Illuminate/Routing/ControllerDispatcher.php(45): Illuminate\\Routing\\Controller->callAction()
#4 /app/www/vendor/laravel/framework/src/Illuminate/Routing/Route.php(262): Illuminate\\Routing\\ControllerDispatcher->dispatch()
#5 /app/www/vendor/laravel/framework/src/Illuminate/Routing/Route.php(205): Illuminate\\Routing\\Route->runController()
#6 /app/www/vendor/laravel/framework/src/Illuminate/Routing/Router.php(721): Illuminate\\Routing\\Route->run()
#7 /app/www/vendor/laravel/framework/src/Illuminate/Pipeline/Pipeline.php(128): Illuminate\\Routing\\Router->Illuminate\\Routing\\{closure}()
#8 /app/www/app/Http/Middleware/CheckAllowed.php(46): Illuminate\\Pipeline\\Pipeline->Illuminate\\Pipeline\\{closure}()
#9 /app/www/vendor/laravel/framework/src/Illuminate/Pipeline/Pipeline.php(167): App\\Http\\Middleware\\CheckAllowed->handle()
#10 /app/www/app/Http/Controllers/Controller.php(22): Illuminate\\Pipeline\\Pipeline->Illuminate\\Pipeline\\{closure}()
#11 /app/www/vendor/laravel/framework/src/Illuminate/Pipeline/Pipeline.php(149): App\\Http\\Controllers\\Controller->App\\Http\\Controllers\\{closure}()
#12 /app/www/vendor/laravel/framework/src/Illuminate/Routing/Middleware/SubstituteBindings.php(50): Illuminate\\Pipeline\\Pipeline->Illuminate\\Pipeline\\{closure}()
#13 /app/www/vendor/laravel/framework/src/Illuminate/Pipeline/Pipeline.php(167): Illuminate\\Routing\\Middleware\\SubstituteBindings->handle()
#14 /app/www/vendor/laravel/framework/src/Illuminate/Foundation/Http/Middleware/VerifyCsrfToken.php(78): Illuminate\\Pipeline\\Pipeline->Illuminate\\Pipeline\\{closure}()
#15 /app/www/vendor/laravel/framework/src/Illuminate/Pipeline/Pipeline.php(167): Illuminate\\Foundation\\Http\\Middleware\\VerifyCsrfToken->handle()
#16 /app/www/vendor/laravel/framework/src/Illuminate/View/Middleware/ShareErrorsFromSession.php(49): Illuminate\\Pipeline\\Pipeline->Illuminate\\Pipeline\\{closure}()
#17 /app/www/vendor/laravel/framework/src/Illuminate/Pipeline/Pipeline.php(167): Illuminate\\View\\Middleware\\ShareErrorsFromSession->handle()
#18 /app/www/vendor/laravel/framework/src/Illuminate/Session/Middleware/StartSession.php(121): Illuminate\\Pipeline\\Pipeline->Illuminate\\Pipeline\\{closure}()
#19 /app/www/vendor/laravel/framework/src/Illuminate/Session/Middleware/StartSession.php(64): Illuminate\\Session\\Middleware\\StartSession->handleStatefulRequest()
#20 /app/www/vendor/laravel/framework/src/Illuminate/Pipeline/Pipeline.php(167): Illuminate\\Session\\Middleware\\StartSession->handle()
#21 /app/www/vendor/laravel/framework/src/Illuminate/Cookie/Middleware/AddQueuedCookiesToResponse.php(37): Illuminate\\Pipeline\\Pipeline->Illuminate\\Pipeline\\{closure}()
#22 /app/www/vendor/laravel/framework/src/Illuminate/Pipeline/Pipeline.php(167): Illuminate\\Cookie\\Middleware\\AddQueuedCookiesToResponse->handle()
#23 /app/www/vendor/laravel/framework/src/Illuminate/Cookie/Middleware/EncryptCookies.php(67): Illuminate\\Pipeline\\Pipeline->Illuminate\\Pipeline\\{closure}()
#24 /app/www/vendor/laravel/framework/src/Illuminate/Pipeline/Pipeline.php(167): Illuminate\\Cookie\\Middleware\\EncryptCookies->handle()
#25 /app/www/vendor/laravel/framework/src/Illuminate/Pipeline/Pipeline.php(103): Illuminate\\Pipeline\\Pipeline->Illuminate\\Pipeline\\{closure}()
#26 /app/www/vendor/laravel/framework/src/Illuminate/Routing/Router.php(723): Illuminate\\Pipeline\\Pipeline->then()
#27 /app/www/vendor/laravel/framework/src/Illuminate/Routing/Router.php(698): Illuminate\\Routing\\Router->runRouteWithinStack()
#28 /app/www/vendor/laravel/framework/src/Illuminate/Routing/Router.php(662): Illuminate\\Routing\\Router->runRoute()
#29 /app/www/vendor/laravel/framework/src/Illuminate/Routing/Router.php(651): Illuminate\\Routing\\Router->dispatchToRoute()
#30 /app/www/vendor/laravel/framework/src/Illuminate/Foundation/Http/Kernel.php(167): Illuminate\\Routing\\Router->dispatch()
#31 /app/www/vendor/laravel/framework/src/Illuminate/Pipeline/Pipeline.php(128): Illuminate\\Foundation\\Http\\Kernel->Illuminate\\Foundation\\Http\\{closure}()
#32 /app/www/vendor/fideloper/proxy/src/TrustProxies.php(57): Illuminate\\Pipeline\\Pipeline->Illuminate\\Pipeline\\{closure}()
#33 /app/www/vendor/laravel/framework/src/Illuminate/Pipeline/Pipeline.php(167): Fideloper\\Proxy\\TrustProxies->handle()
#34 /app/www/vendor/laravel/framework/src/Illuminate/Foundation/Http/Middleware/TransformsRequest.php(21): Illuminate\\Pipeline\\Pipeline->Illuminate\\Pipeline\\{closure}()
#35 /app/www/vendor/laravel/framework/src/Illuminate/Foundation/Http/Middleware/ConvertEmptyStringsToNull.php(31): Illuminate\\Foundation\\Http\\Middleware\\TransformsRequest->handle()
#36 /app/www/vendor/laravel/framework/src/Illuminate/Pipeline/Pipeline.php(167): Illuminate\\Foundation\\Http\\Middleware\\ConvertEmptyStringsToNull->handle()
#37 /app/www/vendor/laravel/framework/src/Illuminate/Foundation/Http/Middleware/TransformsRequest.php(21): Illuminate\\Pipeline\\Pipeline->Illuminate\\Pipeline\\{closure}()
#38 /app/www/vendor/laravel/framework/src/Illuminate/Foundation/Http/Middleware/TrimStrings.php(40): Illuminate\\Foundation\\Http\\Middleware\\TransformsRequest->handle()
#39 /app/www/vendor/laravel/framework/src/Illuminate/Pipeline/Pipeline.php(167): Illuminate\\Foundation\\Http\\Middleware\\TrimStrings->handle()
#40 /app/www/vendor/laravel/framework/src/Illuminate/Foundation/Http/Middleware/ValidatePostSize.php(27): Illuminate\\Pipeline\\Pipeline->Illuminate\\Pipeline\\{closure}()
#41 /app/www/vendor/laravel/framework/src/Illuminate/Pipeline/Pipeline.php(167): Illuminate\\Foundation\\Http\\Middleware\\ValidatePostSize->handle()
#42 /app/www/vendor/laravel/framework/src/Illuminate/Foundation/Http/Middleware/PreventRequestsDuringMaintenance.php(86): Illuminate\\Pipeline\\Pipeline->Illuminate\\Pipeline\\{closure}()
#43 /app/www/vendor/laravel/framework/src/Illuminate/Pipeline/Pipeline.php(167): Illuminate\\Foundation\\Http\\Middleware\\PreventRequestsDuringMaintenance->handle()
#44 /app/www/vendor/laravel/framework/src/Illuminate/Pipeline/Pipeline.php(103): Illuminate\\Pipeline\\Pipeline->Illuminate\\Pipeline\\{closure}()
#45 /app/www/vendor/laravel/framework/src/Illuminate/Foundation/Http/Kernel.php(142): Illuminate\\Pipeline\\Pipeline->then()
#46 /app/www/vendor/laravel/framework/src/Illuminate/Foundation/Http/Kernel.php(111): Illuminate\\Foundation\\Http\\Kernel->sendRequestThroughRouter()
#47 /app/www/public/index.php(55): Illuminate\\Foundation\\Http\\Kernel->handle()
#48 {main}
"} 
[2023-01-08 05:53:09] local.ERROR: Attempt to read property "cpu" on null {"exception":"[object] (ErrorException(code: 0): Attempt to read property \"cpu\" on null at /config/www/SupportedApps/Proxmox/Proxmox.php:59)
[stacktrace]
#0 /config/www/SupportedApps/Proxmox/Proxmox.php(59): Illuminate\\Foundation\\Bootstrap\\HandleExceptions->handleError()
#1 /app/www/app/Http/Controllers/ItemController.php(503): App\\SupportedApps\\Proxmox\\Proxmox->livestats()
#2 /app/www/vendor/laravel/framework/src/Illuminate/Routing/Controller.php(54): App\\Http\\Controllers\\ItemController->getStats()
#3 /app/www/vendor/laravel/framework/src/Illuminate/Routing/ControllerDispatcher.php(45): Illuminate\\Routing\\Controller->callAction()
#4 /app/www/vendor/laravel/framework/src/Illuminate/Routing/Route.php(262): Illuminate\\Routing\\ControllerDispatcher->dispatch()
#5 /app/www/vendor/laravel/framework/src/Illuminate/Routing/Route.php(205): Illuminate\\Routing\\Route->runController()
#6 /app/www/vendor/laravel/framework/src/Illuminate/Routing/Router.php(721): Illuminate\\Routing\\Route->run()
#7 /app/www/vendor/laravel/framework/src/Illuminate/Pipeline/Pipeline.php(128): Illuminate\\Routing\\Router->Illuminate\\Routing\\{closure}()
#8 /app/www/app/Http/Middleware/CheckAllowed.php(46): Illuminate\\Pipeline\\Pipeline->Illuminate\\Pipeline\\{closure}()
#9 /app/www/vendor/laravel/framework/src/Illuminate/Pipeline/Pipeline.php(167): App\\Http\\Middleware\\CheckAllowed->handle()
#10 /app/www/app/Http/Controllers/Controller.php(22): Illuminate\\Pipeline\\Pipeline->Illuminate\\Pipeline\\{closure}()
#11 /app/www/vendor/laravel/framework/src/Illuminate/Pipeline/Pipeline.php(149): App\\Http\\Controllers\\Controller->App\\Http\\Controllers\\{closure}()
#12 /app/www/vendor/laravel/framework/src/Illuminate/Routing/Middleware/SubstituteBindings.php(50): Illuminate\\Pipeline\\Pipeline->Illuminate\\Pipeline\\{closure}()
#13 /app/www/vendor/laravel/framework/src/Illuminate/Pipeline/Pipeline.php(167): Illuminate\\Routing\\Middleware\\SubstituteBindings->handle()
#14 /app/www/vendor/laravel/framework/src/Illuminate/Foundation/Http/Middleware/VerifyCsrfToken.php(78): Illuminate\\Pipeline\\Pipeline->Illuminate\\Pipeline\\{closure}()
#15 /app/www/vendor/laravel/framework/src/Illuminate/Pipeline/Pipeline.php(167): Illuminate\\Foundation\\Http\\Middleware\\VerifyCsrfToken->handle()
#16 /app/www/vendor/laravel/framework/src/Illuminate/View/Middleware/ShareErrorsFromSession.php(49): Illuminate\\Pipeline\\Pipeline->Illuminate\\Pipeline\\{closure}()
#17 /app/www/vendor/laravel/framework/src/Illuminate/Pipeline/Pipeline.php(167): Illuminate\\View\\Middleware\\ShareErrorsFromSession->handle()
#18 /app/www/vendor/laravel/framework/src/Illuminate/Session/Middleware/StartSession.php(121): Illuminate\\Pipeline\\Pipeline->Illuminate\\Pipeline\\{closure}()
#19 /app/www/vendor/laravel/framework/src/Illuminate/Session/Middleware/StartSession.php(64): Illuminate\\Session\\Middleware\\StartSession->handleStatefulRequest()
#20 /app/www/vendor/laravel/framework/src/Illuminate/Pipeline/Pipeline.php(167): Illuminate\\Session\\Middleware\\StartSession->handle()
#21 /app/www/vendor/laravel/framework/src/Illuminate/Cookie/Middleware/AddQueuedCookiesToResponse.php(37): Illuminate\\Pipeline\\Pipeline->Illuminate\\Pipeline\\{closure}()
#22 /app/www/vendor/laravel/framework/src/Illuminate/Pipeline/Pipeline.php(167): Illuminate\\Cookie\\Middleware\\AddQueuedCookiesToResponse->handle()
#23 /app/www/vendor/laravel/framework/src/Illuminate/Cookie/Middleware/EncryptCookies.php(67): Illuminate\\Pipeline\\Pipeline->Illuminate\\Pipeline\\{closure}()
#24 /app/www/vendor/laravel/framework/src/Illuminate/Pipeline/Pipeline.php(167): Illuminate\\Cookie\\Middleware\\EncryptCookies->handle()
#25 /app/www/vendor/laravel/framework/src/Illuminate/Pipeline/Pipeline.php(103): Illuminate\\Pipeline\\Pipeline->Illuminate\\Pipeline\\{closure}()
#26 /app/www/vendor/laravel/framework/src/Illuminate/Routing/Router.php(723): Illuminate\\Pipeline\\Pipeline->then()
#27 /app/www/vendor/laravel/framework/src/Illuminate/Routing/Router.php(698): Illuminate\\Routing\\Router->runRouteWithinStack()
#28 /app/www/vendor/laravel/framework/src/Illuminate/Routing/Router.php(662): Illuminate\\Routing\\Router->runRoute()
#29 /app/www/vendor/laravel/framework/src/Illuminate/Routing/Router.php(651): Illuminate\\Routing\\Router->dispatchToRoute()
#30 /app/www/vendor/laravel/framework/src/Illuminate/Foundation/Http/Kernel.php(167): Illuminate\\Routing\\Router->dispatch()
#31 /app/www/vendor/laravel/framework/src/Illuminate/Pipeline/Pipeline.php(128): Illuminate\\Foundation\\Http\\Kernel->Illuminate\\Foundation\\Http\\{closure}()
#32 /app/www/vendor/fideloper/proxy/src/TrustProxies.php(57): Illuminate\\Pipeline\\Pipeline->Illuminate\\Pipeline\\{closure}()
#33 /app/www/vendor/laravel/framework/src/Illuminate/Pipeline/Pipeline.php(167): Fideloper\\Proxy\\TrustProxies->handle()
#34 /app/www/vendor/laravel/framework/src/Illuminate/Foundation/Http/Middleware/TransformsRequest.php(21): Illuminate\\Pipeline\\Pipeline->Illuminate\\Pipeline\\{closure}()
#35 /app/www/vendor/laravel/framework/src/Illuminate/Foundation/Http/Middleware/ConvertEmptyStringsToNull.php(31): Illuminate\\Foundation\\Http\\Middleware\\TransformsRequest->handle()
#36 /app/www/vendor/laravel/framework/src/Illuminate/Pipeline/Pipeline.php(167): Illuminate\\Foundation\\Http\\Middleware\\ConvertEmptyStringsToNull->handle()
#37 /app/www/vendor/laravel/framework/src/Illuminate/Foundation/Http/Middleware/TransformsRequest.php(21): Illuminate\\Pipeline\\Pipeline->Illuminate\\Pipeline\\{closure}()
#38 /app/www/vendor/laravel/framework/src/Illuminate/Foundation/Http/Middleware/TrimStrings.php(40): Illuminate\\Foundation\\Http\\Middleware\\TransformsRequest->handle()
#39 /app/www/vendor/laravel/framework/src/Illuminate/Pipeline/Pipeline.php(167): Illuminate\\Foundation\\Http\\Middleware\\TrimStrings->handle()
#40 /app/www/vendor/laravel/framework/src/Illuminate/Foundation/Http/Middleware/ValidatePostSize.php(27): Illuminate\\Pipeline\\Pipeline->Illuminate\\Pipeline\\{closure}()
#41 /app/www/vendor/laravel/framework/src/Illuminate/Pipeline/Pipeline.php(167): Illuminate\\Foundation\\Http\\Middleware\\ValidatePostSize->handle()
#42 /app/www/vendor/laravel/framework/src/Illuminate/Foundation/Http/Middleware/PreventRequestsDuringMaintenance.php(86): Illuminate\\Pipeline\\Pipeline->Illuminate\\Pipeline\\{closure}()
#43 /app/www/vendor/laravel/framework/src/Illuminate/Pipeline/Pipeline.php(167): Illuminate\\Foundation\\Http\\Middleware\\PreventRequestsDuringMaintenance->handle()
#44 /app/www/vendor/laravel/framework/src/Illuminate/Pipeline/Pipeline.php(103): Illuminate\\Pipeline\\Pipeline->Illuminate\\Pipeline\\{closure}()
#45 /app/www/vendor/laravel/framework/src/Illuminate/Foundation/Http/Kernel.php(142): Illuminate\\Pipeline\\Pipeline->then()
#46 /app/www/vendor/laravel/framework/src/Illuminate/Foundation/Http/Kernel.php(111): Illuminate\\Foundation\\Http\\Kernel->sendRequestThroughRouter()
#47 /app/www/public/index.php(55): Illuminate\\Foundation\\Http\\Kernel->handle()
#48 {main}
"} 
[2023-01-08 05:53:17] local.ERROR: Attempt to read property "cpu" on null {"exception":"[object] (ErrorException(code: 0): Attempt to read property \"cpu\" on null at /config/www/SupportedApps/Proxmox/Proxmox.php:59)
[stacktrace]
#0 /config/www/SupportedApps/Proxmox/Proxmox.php(59): Illuminate\\Foundation\\Bootstrap\\HandleExceptions->handleError()
#1 /app/www/app/Http/Controllers/ItemController.php(503): App\\SupportedApps\\Proxmox\\Proxmox->livestats()
#2 /app/www/vendor/laravel/framework/src/Illuminate/Routing/Controller.php(54): App\\Http\\Controllers\\ItemController->getStats()
#3 /app/www/vendor/laravel/framework/src/Illuminate/Routing/ControllerDispatcher.php(45): Illuminate\\Routing\\Controller->callAction()
#4 /app/www/vendor/laravel/framework/src/Illuminate/Routing/Route.php(262): Illuminate\\Routing\\ControllerDispatcher->dispatch()
#5 /app/www/vendor/laravel/framework/src/Illuminate/Routing/Route.php(205): Illuminate\\Routing\\Route->runController()
#6 /app/www/vendor/laravel/framework/src/Illuminate/Routing/Router.php(721): Illuminate\\Routing\\Route->run()
#7 /app/www/vendor/laravel/framework/src/Illuminate/Pipeline/Pipeline.php(128): Illuminate\\Routing\\Router->Illuminate\\Routing\\{closure}()
#8 /app/www/app/Http/Middleware/CheckAllowed.php(46): Illuminate\\Pipeline\\Pipeline->Illuminate\\Pipeline\\{closure}()
#9 /app/www/vendor/laravel/framework/src/Illuminate/Pipeline/Pipeline.php(167): App\\Http\\Middleware\\CheckAllowed->handle()
#10 /app/www/app/Http/Controllers/Controller.php(22): Illuminate\\Pipeline\\Pipeline->Illuminate\\Pipeline\\{closure}()
#11 /app/www/vendor/laravel/framework/src/Illuminate/Pipeline/Pipeline.php(149): App\\Http\\Controllers\\Controller->App\\Http\\Controllers\\{closure}()
#12 /app/www/vendor/laravel/framework/src/Illuminate/Routing/Middleware/SubstituteBindings.php(50): Illuminate\\Pipeline\\Pipeline->Illuminate\\Pipeline\\{closure}()
#13 /app/www/vendor/laravel/framework/src/Illuminate/Pipeline/Pipeline.php(167): Illuminate\\Routing\\Middleware\\SubstituteBindings->handle()
#14 /app/www/vendor/laravel/framework/src/Illuminate/Foundation/Http/Middleware/VerifyCsrfToken.php(78): Illuminate\\Pipeline\\Pipeline->Illuminate\\Pipeline\\{closure}()
#15 /app/www/vendor/laravel/framework/src/Illuminate/Pipeline/Pipeline.php(167): Illuminate\\Foundation\\Http\\Middleware\\VerifyCsrfToken->handle()
#16 /app/www/vendor/laravel/framework/src/Illuminate/View/Middleware/ShareErrorsFromSession.php(49): Illuminate\\Pipeline\\Pipeline->Illuminate\\Pipeline\\{closure}()
#17 /app/www/vendor/laravel/framework/src/Illuminate/Pipeline/Pipeline.php(167): Illuminate\\View\\Middleware\\ShareErrorsFromSession->handle()
#18 /app/www/vendor/laravel/framework/src/Illuminate/Session/Middleware/StartSession.php(121): Illuminate\\Pipeline\\Pipeline->Illuminate\\Pipeline\\{closure}()
#19 /app/www/vendor/laravel/framework/src/Illuminate/Session/Middleware/StartSession.php(64): Illuminate\\Session\\Middleware\\StartSession->handleStatefulRequest()
#20 /app/www/vendor/laravel/framework/src/Illuminate/Pipeline/Pipeline.php(167): Illuminate\\Session\\Middleware\\StartSession->handle()
#21 /app/www/vendor/laravel/framework/src/Illuminate/Cookie/Middleware/AddQueuedCookiesToResponse.php(37): Illuminate\\Pipeline\\Pipeline->Illuminate\\Pipeline\\{closure}()
#22 /app/www/vendor/laravel/framework/src/Illuminate/Pipeline/Pipeline.php(167): Illuminate\\Cookie\\Middleware\\AddQueuedCookiesToResponse->handle()
#23 /app/www/vendor/laravel/framework/src/Illuminate/Cookie/Middleware/EncryptCookies.php(67): Illuminate\\Pipeline\\Pipeline->Illuminate\\Pipeline\\{closure}()
#24 /app/www/vendor/laravel/framework/src/Illuminate/Pipeline/Pipeline.php(167): Illuminate\\Cookie\\Middleware\\EncryptCookies->handle()
#25 /app/www/vendor/laravel/framework/src/Illuminate/Pipeline/Pipeline.php(103): Illuminate\\Pipeline\\Pipeline->Illuminate\\Pipeline\\{closure}()
#26 /app/www/vendor/laravel/framework/src/Illuminate/Routing/Router.php(723): Illuminate\\Pipeline\\Pipeline->then()
#27 /app/www/vendor/laravel/framework/src/Illuminate/Routing/Router.php(698): Illuminate\\Routing\\Router->runRouteWithinStack()
#28 /app/www/vendor/laravel/framework/src/Illuminate/Routing/Router.php(662): Illuminate\\Routing\\Router->runRoute()
#29 /app/www/vendor/laravel/framework/src/Illuminate/Routing/Router.php(651): Illuminate\\Routing\\Router->dispatchToRoute()
#30 /app/www/vendor/laravel/framework/src/Illuminate/Foundation/Http/Kernel.php(167): Illuminate\\Routing\\Router->dispatch()
#31 /app/www/vendor/laravel/framework/src/Illuminate/Pipeline/Pipeline.php(128): Illuminate\\Foundation\\Http\\Kernel->Illuminate\\Foundation\\Http\\{closure}()
#32 /app/www/vendor/fideloper/proxy/src/TrustProxies.php(57): Illuminate\\Pipeline\\Pipeline->Illuminate\\Pipeline\\{closure}()
#33 /app/www/vendor/laravel/framework/src/Illuminate/Pipeline/Pipeline.php(167): Fideloper\\Proxy\\TrustProxies->handle()
#34 /app/www/vendor/laravel/framework/src/Illuminate/Foundation/Http/Middleware/TransformsRequest.php(21): Illuminate\\Pipeline\\Pipeline->Illuminate\\Pipeline\\{closure}()
#35 /app/www/vendor/laravel/framework/src/Illuminate/Foundation/Http/Middleware/ConvertEmptyStringsToNull.php(31): Illuminate\\Foundation\\Http\\Middleware\\TransformsRequest->handle()
#36 /app/www/vendor/laravel/framework/src/Illuminate/Pipeline/Pipeline.php(167): Illuminate\\Foundation\\Http\\Middleware\\ConvertEmptyStringsToNull->handle()
#37 /app/www/vendor/laravel/framework/src/Illuminate/Foundation/Http/Middleware/TransformsRequest.php(21): Illuminate\\Pipeline\\Pipeline->Illuminate\\Pipeline\\{closure}()
#38 /app/www/vendor/laravel/framework/src/Illuminate/Foundation/Http/Middleware/TrimStrings.php(40): Illuminate\\Foundation\\Http\\Middleware\\TransformsRequest->handle()
#39 /app/www/vendor/laravel/framework/src/Illuminate/Pipeline/Pipeline.php(167): Illuminate\\Foundation\\Http\\Middleware\\TrimStrings->handle()
#40 /app/www/vendor/laravel/framework/src/Illuminate/Foundation/Http/Middleware/ValidatePostSize.php(27): Illuminate\\Pipeline\\Pipeline->Illuminate\\Pipeline\\{closure}()
#41 /app/www/vendor/laravel/framework/src/Illuminate/Pipeline/Pipeline.php(167): Illuminate\\Foundation\\Http\\Middleware\\ValidatePostSize->handle()
#42 /app/www/vendor/laravel/framework/src/Illuminate/Foundation/Http/Middleware/PreventRequestsDuringMaintenance.php(86): Illuminate\\Pipeline\\Pipeline->Illuminate\\Pipeline\\{closure}()
#43 /app/www/vendor/laravel/framework/src/Illuminate/Pipeline/Pipeline.php(167): Illuminate\\Foundation\\Http\\Middleware\\PreventRequestsDuringMaintenance->handle()
#44 /app/www/vendor/laravel/framework/src/Illuminate/Pipeline/Pipeline.php(103): Illuminate\\Pipeline\\Pipeline->Illuminate\\Pipeline\\{closure}()
#45 /app/www/vendor/laravel/framework/src/Illuminate/Foundation/Http/Kernel.php(142): Illuminate\\Pipeline\\Pipeline->then()
#46 /app/www/vendor/laravel/framework/src/Illuminate/Foundation/Http/Kernel.php(111): Illuminate\\Foundation\\Http\\Kernel->sendRequestThroughRouter()
#47 /app/www/public/index.php(55): Illuminate\\Foundation\\Http\\Kernel->handle()
#48 {main}
"} 
[2023-01-08 05:53:17] local.ERROR: Attempt to read property "cpu" on null {"exception":"[object] (ErrorException(code: 0): Attempt to read property \"cpu\" on null at /config/www/SupportedApps/Proxmox/Proxmox.php:59)
[stacktrace]
#0 /config/www/SupportedApps/Proxmox/Proxmox.php(59): Illuminate\\Foundation\\Bootstrap\\HandleExceptions->handleError()
#1 /app/www/app/Http/Controllers/ItemController.php(503): App\\SupportedApps\\Proxmox\\Proxmox->livestats()
#2 /app/www/vendor/laravel/framework/src/Illuminate/Routing/Controller.php(54): App\\Http\\Controllers\\ItemController->getStats()
#3 /app/www/vendor/laravel/framework/src/Illuminate/Routing/ControllerDispatcher.php(45): Illuminate\\Routing\\Controller->callAction()
#4 /app/www/vendor/laravel/framework/src/Illuminate/Routing/Route.php(262): Illuminate\\Routing\\ControllerDispatcher->dispatch()
#5 /app/www/vendor/laravel/framework/src/Illuminate/Routing/Route.php(205): Illuminate\\Routing\\Route->runController()
#6 /app/www/vendor/laravel/framework/src/Illuminate/Routing/Router.php(721): Illuminate\\Routing\\Route->run()
#7 /app/www/vendor/laravel/framework/src/Illuminate/Pipeline/Pipeline.php(128): Illuminate\\Routing\\Router->Illuminate\\Routing\\{closure}()
#8 /app/www/app/Http/Middleware/CheckAllowed.php(46): Illuminate\\Pipeline\\Pipeline->Illuminate\\Pipeline\\{closure}()
#9 /app/www/vendor/laravel/framework/src/Illuminate/Pipeline/Pipeline.php(167): App\\Http\\Middleware\\CheckAllowed->handle()
#10 /app/www/app/Http/Controllers/Controller.php(22): Illuminate\\Pipeline\\Pipeline->Illuminate\\Pipeline\\{closure}()
#11 /app/www/vendor/laravel/framework/src/Illuminate/Pipeline/Pipeline.php(149): App\\Http\\Controllers\\Controller->App\\Http\\Controllers\\{closure}()
#12 /app/www/vendor/laravel/framework/src/Illuminate/Routing/Middleware/SubstituteBindings.php(50): Illuminate\\Pipeline\\Pipeline->Illuminate\\Pipeline\\{closure}()
#13 /app/www/vendor/laravel/framework/src/Illuminate/Pipeline/Pipeline.php(167): Illuminate\\Routing\\Middleware\\SubstituteBindings->handle()
#14 /app/www/vendor/laravel/framework/src/Illuminate/Foundation/Http/Middleware/VerifyCsrfToken.php(78): Illuminate\\Pipeline\\Pipeline->Illuminate\\Pipeline\\{closure}()
#15 /app/www/vendor/laravel/framework/src/Illuminate/Pipeline/Pipeline.php(167): Illuminate\\Foundation\\Http\\Middleware\\VerifyCsrfToken->handle()
#16 /app/www/vendor/laravel/framework/src/Illuminate/View/Middleware/ShareErrorsFromSession.php(49): Illuminate\\Pipeline\\Pipeline->Illuminate\\Pipeline\\{closure}()
#17 /app/www/vendor/laravel/framework/src/Illuminate/Pipeline/Pipeline.php(167): Illuminate\\View\\Middleware\\ShareErrorsFromSession->handle()
#18 /app/www/vendor/laravel/framework/src/Illuminate/Session/Middleware/StartSession.php(121): Illuminate\\Pipeline\\Pipeline->Illuminate\\Pipeline\\{closure}()
#19 /app/www/vendor/laravel/framework/src/Illuminate/Session/Middleware/StartSession.php(64): Illuminate\\Session\\Middleware\\StartSession->handleStatefulRequest()
#20 /app/www/vendor/laravel/framework/src/Illuminate/Pipeline/Pipeline.php(167): Illuminate\\Session\\Middleware\\StartSession->handle()
#21 /app/www/vendor/laravel/framework/src/Illuminate/Cookie/Middleware/AddQueuedCookiesToResponse.php(37): Illuminate\\Pipeline\\Pipeline->Illuminate\\Pipeline\\{closure}()
#22 /app/www/vendor/laravel/framework/src/Illuminate/Pipeline/Pipeline.php(167): Illuminate\\Cookie\\Middleware\\AddQueuedCookiesToResponse->handle()
#23 /app/www/vendor/laravel/framework/src/Illuminate/Cookie/Middleware/EncryptCookies.php(67): Illuminate\\Pipeline\\Pipeline->Illuminate\\Pipeline\\{closure}()
#24 /app/www/vendor/laravel/framework/src/Illuminate/Pipeline/Pipeline.php(167): Illuminate\\Cookie\\Middleware\\EncryptCookies->handle()
#25 /app/www/vendor/laravel/framework/src/Illuminate/Pipeline/Pipeline.php(103): Illuminate\\Pipeline\\Pipeline->Illuminate\\Pipeline\\{closure}()
#26 /app/www/vendor/laravel/framework/src/Illuminate/Routing/Router.php(723): Illuminate\\Pipeline\\Pipeline->then()
#27 /app/www/vendor/laravel/framework/src/Illuminate/Routing/Router.php(698): Illuminate\\Routing\\Router->runRouteWithinStack()
#28 /app/www/vendor/laravel/framework/src/Illuminate/Routing/Router.php(662): Illuminate\\Routing\\Router->runRoute()
#29 /app/www/vendor/laravel/framework/src/Illuminate/Routing/Router.php(651): Illuminate\\Routing\\Router->dispatchToRoute()
#30 /app/www/vendor/laravel/framework/src/Illuminate/Foundation/Http/Kernel.php(167): Illuminate\\Routing\\Router->dispatch()
#31 /app/www/vendor/laravel/framework/src/Illuminate/Pipeline/Pipeline.php(128): Illuminate\\Foundation\\Http\\Kernel->Illuminate\\Foundation\\Http\\{closure}()
#32 /app/www/vendor/fideloper/proxy/src/TrustProxies.php(57): Illuminate\\Pipeline\\Pipeline->Illuminate\\Pipeline\\{closure}()
#33 /app/www/vendor/laravel/framework/src/Illuminate/Pipeline/Pipeline.php(167): Fideloper\\Proxy\\TrustProxies->handle()
#34 /app/www/vendor/laravel/framework/src/Illuminate/Foundation/Http/Middleware/TransformsRequest.php(21): Illuminate\\Pipeline\\Pipeline->Illuminate\\Pipeline\\{closure}()
#35 /app/www/vendor/laravel/framework/src/Illuminate/Foundation/Http/Middleware/ConvertEmptyStringsToNull.php(31): Illuminate\\Foundation\\Http\\Middleware\\TransformsRequest->handle()
#36 /app/www/vendor/laravel/framework/src/Illuminate/Pipeline/Pipeline.php(167): Illuminate\\Foundation\\Http\\Middleware\\ConvertEmptyStringsToNull->handle()
#37 /app/www/vendor/laravel/framework/src/Illuminate/Foundation/Http/Middleware/TransformsRequest.php(21): Illuminate\\Pipeline\\Pipeline->Illuminate\\Pipeline\\{closure}()
#38 /app/www/vendor/laravel/framework/src/Illuminate/Foundation/Http/Middleware/TrimStrings.php(40): Illuminate\\Foundation\\Http\\Middleware\\TransformsRequest->handle()
#39 /app/www/vendor/laravel/framework/src/Illuminate/Pipeline/Pipeline.php(167): Illuminate\\Foundation\\Http\\Middleware\\TrimStrings->handle()
#40 /app/www/vendor/laravel/framework/src/Illuminate/Foundation/Http/Middleware/ValidatePostSize.php(27): Illuminate\\Pipeline\\Pipeline->Illuminate\\Pipeline\\{closure}()
#41 /app/www/vendor/laravel/framework/src/Illuminate/Pipeline/Pipeline.php(167): Illuminate\\Foundation\\Http\\Middleware\\ValidatePostSize->handle()
#42 /app/www/vendor/laravel/framework/src/Illuminate/Foundation/Http/Middleware/PreventRequestsDuringMaintenance.php(86): Illuminate\\Pipeline\\Pipeline->Illuminate\\Pipeline\\{closure}()
#43 /app/www/vendor/laravel/framework/src/Illuminate/Pipeline/Pipeline.php(167): Illuminate\\Foundation\\Http\\Middleware\\PreventRequestsDuringMaintenance->handle()
#44 /app/www/vendor/laravel/framework/src/Illuminate/Pipeline/Pipeline.php(103): Illuminate\\Pipeline\\Pipeline->Illuminate\\Pipeline\\{closure}()
#45 /app/www/vendor/laravel/framework/src/Illuminate/Foundation/Http/Kernel.php(142): Illuminate\\Pipeline\\Pipeline->then()
#46 /app/www/vendor/laravel/framework/src/Illuminate/Foundation/Http/Kernel.php(111): Illuminate\\Foundation\\Http\\Kernel->sendRequestThroughRouter()
#47 /app/www/public/index.php(55): Illuminate\\Foundation\\Http\\Kernel->handle()
#48 {main}
"} 
[2023-01-08 05:53:17] local.ERROR: Attempt to read property "cpu" on null {"exception":"[object] (ErrorException(code: 0): Attempt to read property \"cpu\" on null at /config/www/SupportedApps/Proxmox/Proxmox.php:59)
[stacktrace]
#0 /config/www/SupportedApps/Proxmox/Proxmox.php(59): Illuminate\\Foundation\\Bootstrap\\HandleExceptions->handleError()
#1 /app/www/app/Http/Controllers/ItemController.php(503): App\\SupportedApps\\Proxmox\\Proxmox->livestats()
#2 /app/www/vendor/laravel/framework/src/Illuminate/Routing/Controller.php(54): App\\Http\\Controllers\\ItemController->getStats()
#3 /app/www/vendor/laravel/framework/src/Illuminate/Routing/ControllerDispatcher.php(45): Illuminate\\Routing\\Controller->callAction()
#4 /app/www/vendor/laravel/framework/src/Illuminate/Routing/Route.php(262): Illuminate\\Routing\\ControllerDispatcher->dispatch()
#5 /app/www/vendor/laravel/framework/src/Illuminate/Routing/Route.php(205): Illuminate\\Routing\\Route->runController()
#6 /app/www/vendor/laravel/framework/src/Illuminate/Routing/Router.php(721): Illuminate\\Routing\\Route->run()
#7 /app/www/vendor/laravel/framework/src/Illuminate/Pipeline/Pipeline.php(128): Illuminate\\Routing\\Router->Illuminate\\Routing\\{closure}()
#8 /app/www/app/Http/Middleware/CheckAllowed.php(46): Illuminate\\Pipeline\\Pipeline->Illuminate\\Pipeline\\{closure}()
#9 /app/www/vendor/laravel/framework/src/Illuminate/Pipeline/Pipeline.php(167): App\\Http\\Middleware\\CheckAllowed->handle()
#10 /app/www/app/Http/Controllers/Controller.php(22): Illuminate\\Pipeline\\Pipeline->Illuminate\\Pipeline\\{closure}()
#11 /app/www/vendor/laravel/framework/src/Illuminate/Pipeline/Pipeline.php(149): App\\Http\\Controllers\\Controller->App\\Http\\Controllers\\{closure}()
#12 /app/www/vendor/laravel/framework/src/Illuminate/Routing/Middleware/SubstituteBindings.php(50): Illuminate\\Pipeline\\Pipeline->Illuminate\\Pipeline\\{closure}()
#13 /app/www/vendor/laravel/framework/src/Illuminate/Pipeline/Pipeline.php(167): Illuminate\\Routing\\Middleware\\SubstituteBindings->handle()
#14 /app/www/vendor/laravel/framework/src/Illuminate/Foundation/Http/Middleware/VerifyCsrfToken.php(78): Illuminate\\Pipeline\\Pipeline->Illuminate\\Pipeline\\{closure}()
#15 /app/www/vendor/laravel/framework/src/Illuminate/Pipeline/Pipeline.php(167): Illuminate\\Foundation\\Http\\Middleware\\VerifyCsrfToken->handle()
#16 /app/www/vendor/laravel/framework/src/Illuminate/View/Middleware/ShareErrorsFromSession.php(49): Illuminate\\Pipeline\\Pipeline->Illuminate\\Pipeline\\{closure}()
#17 /app/www/vendor/laravel/framework/src/Illuminate/Pipeline/Pipeline.php(167): Illuminate\\View\\Middleware\\ShareErrorsFromSession->handle()
#18 /app/www/vendor/laravel/framework/src/Illuminate/Session/Middleware/StartSession.php(121): Illuminate\\Pipeline\\Pipeline->Illuminate\\Pipeline\\{closure}()
#19 /app/www/vendor/laravel/framework/src/Illuminate/Session/Middleware/StartSession.php(64): Illuminate\\Session\\Middleware\\StartSession->handleStatefulRequest()
#20 /app/www/vendor/laravel/framework/src/Illuminate/Pipeline/Pipeline.php(167): Illuminate\\Session\\Middleware\\StartSession->handle()
#21 /app/www/vendor/laravel/framework/src/Illuminate/Cookie/Middleware/AddQueuedCookiesToResponse.php(37): Illuminate\\Pipeline\\Pipeline->Illuminate\\Pipeline\\{closure}()
#22 /app/www/vendor/laravel/framework/src/Illuminate/Pipeline/Pipeline.php(167): Illuminate\\Cookie\\Middleware\\AddQueuedCookiesToResponse->handle()
#23 /app/www/vendor/laravel/framework/src/Illuminate/Cookie/Middleware/EncryptCookies.php(67): Illuminate\\Pipeline\\Pipeline->Illuminate\\Pipeline\\{closure}()
#24 /app/www/vendor/laravel/framework/src/Illuminate/Pipeline/Pipeline.php(167): Illuminate\\Cookie\\Middleware\\EncryptCookies->handle()
#25 /app/www/vendor/laravel/framework/src/Illuminate/Pipeline/Pipeline.php(103): Illuminate\\Pipeline\\Pipeline->Illuminate\\Pipeline\\{closure}()
#26 /app/www/vendor/laravel/framework/src/Illuminate/Routing/Router.php(723): Illuminate\\Pipeline\\Pipeline->then()
#27 /app/www/vendor/laravel/framework/src/Illuminate/Routing/Router.php(698): Illuminate\\Routing\\Router->runRouteWithinStack()
#28 /app/www/vendor/laravel/framework/src/Illuminate/Routing/Router.php(662): Illuminate\\Routing\\Router->runRoute()
#29 /app/www/vendor/laravel/framework/src/Illuminate/Routing/Router.php(651): Illuminate\\Routing\\Router->dispatchToRoute()
#30 /app/www/vendor/laravel/framework/src/Illuminate/Foundation/Http/Kernel.php(167): Illuminate\\Routing\\Router->dispatch()
#31 /app/www/vendor/laravel/framework/src/Illuminate/Pipeline/Pipeline.php(128): Illuminate\\Foundation\\Http\\Kernel->Illuminate\\Foundation\\Http\\{closure}()
#32 /app/www/vendor/fideloper/proxy/src/TrustProxies.php(57): Illuminate\\Pipeline\\Pipeline->Illuminate\\Pipeline\\{closure}()
#33 /app/www/vendor/laravel/framework/src/Illuminate/Pipeline/Pipeline.php(167): Fideloper\\Proxy\\TrustProxies->handle()
#34 /app/www/vendor/laravel/framework/src/Illuminate/Foundation/Http/Middleware/TransformsRequest.php(21): Illuminate\\Pipeline\\Pipeline->Illuminate\\Pipeline\\{closure}()
#35 /app/www/vendor/laravel/framework/src/Illuminate/Foundation/Http/Middleware/ConvertEmptyStringsToNull.php(31): Illuminate\\Foundation\\Http\\Middleware\\TransformsRequest->handle()
#36 /app/www/vendor/laravel/framework/src/Illuminate/Pipeline/Pipeline.php(167): Illuminate\\Foundation\\Http\\Middleware\\ConvertEmptyStringsToNull->handle()
#37 /app/www/vendor/laravel/framework/src/Illuminate/Foundation/Http/Middleware/TransformsRequest.php(21): Illuminate\\Pipeline\\Pipeline->Illuminate\\Pipeline\\{closure}()
#38 /app/www/vendor/laravel/framework/src/Illuminate/Foundation/Http/Middleware/TrimStrings.php(40): Illuminate\\Foundation\\Http\\Middleware\\TransformsRequest->handle()
#39 /app/www/vendor/laravel/framework/src/Illuminate/Pipeline/Pipeline.php(167): Illuminate\\Foundation\\Http\\Middleware\\TrimStrings->handle()
#40 /app/www/vendor/laravel/framework/src/Illuminate/Foundation/Http/Middleware/ValidatePostSize.php(27): Illuminate\\Pipeline\\Pipeline->Illuminate\\Pipeline\\{closure}()
#41 /app/www/vendor/laravel/framework/src/Illuminate/Pipeline/Pipeline.php(167): Illuminate\\Foundation\\Http\\Middleware\\ValidatePostSize->handle()
#42 /app/www/vendor/laravel/framework/src/Illuminate/Foundation/Http/Middleware/PreventRequestsDuringMaintenance.php(86): Illuminate\\Pipeline\\Pipeline->Illuminate\\Pipeline\\{closure}()
#43 /app/www/vendor/laravel/framework/src/Illuminate/Pipeline/Pipeline.php(167): Illuminate\\Foundation\\Http\\Middleware\\PreventRequestsDuringMaintenance->handle()
#44 /app/www/vendor/laravel/framework/src/Illuminate/Pipeline/Pipeline.php(103): Illuminate\\Pipeline\\Pipeline->Illuminate\\Pipeline\\{closure}()
#45 /app/www/vendor/laravel/framework/src/Illuminate/Foundation/Http/Kernel.php(142): Illuminate\\Pipeline\\Pipeline->then()
#46 /app/www/vendor/laravel/framework/src/Illuminate/Foundation/Http/Kernel.php(111): Illuminate\\Foundation\\Http\\Kernel->sendRequestThroughRouter()
#47 /app/www/public/index.php(55): Illuminate\\Foundation\\Http\\Kernel->handle()
#48 {main}
"} 
[2023-01-08 05:53:30] local.DEBUG: Get app triggered for: ef49854fbbea334dbaf393d4b4ad9381cb931e91  
[2023-01-08 05:53:30] local.DEBUG: Download triggered for stdClass Object
(
    [appid] => ef49854fbbea334dbaf393d4b4ad9381cb931e91
    [name] => iLO
    [website] => https://www.hpe.com/us/en/servers/integrated-lights-out-ilo.html
    [license] => Proprietary
    [description] => HP Integrated Lights-Out, is an embedded server management technology by Hewlett-Packard 
    [enhanced] => 
    [tile_background] => light
    [icon] => ilo.svg
    [sha] => a31c72501f45b565f523ad5dad64017df63c3f6d
    [class] => \App\SupportedApps\iLO\iLO
)
  
[2023-01-08 05:53:30] local.ERROR: Call to undefined method Illuminate\Support\Facades\Request::input() {"exception":"[object] (Error(code: 0): Call to undefined method Illuminate\\Support\\Facades\\Request::input() at /app/www/routes/web.php:86)
[stacktrace]
#0 /app/www/vendor/laravel/framework/src/Illuminate/Routing/Route.php(238): Illuminate\\Routing\\RouteFileRegistrar->{closure}()
#1 /app/www/vendor/laravel/framework/src/Illuminate/Routing/Route.php(208): Illuminate\\Routing\\Route->runCallable()
#2 /app/www/vendor/laravel/framework/src/Illuminate/Routing/Router.php(721): Illuminate\\Routing\\Route->run()
#3 /app/www/vendor/laravel/framework/src/Illuminate/Pipeline/Pipeline.php(128): Illuminate\\Routing\\Router->Illuminate\\Routing\\{closure}()
#4 /app/www/vendor/laravel/framework/src/Illuminate/Routing/Middleware/SubstituteBindings.php(50): Illuminate\\Pipeline\\Pipeline->Illuminate\\Pipeline\\{closure}()
#5 /app/www/vendor/laravel/framework/src/Illuminate/Pipeline/Pipeline.php(167): Illuminate\\Routing\\Middleware\\SubstituteBindings->handle()
#6 /app/www/vendor/laravel/framework/src/Illuminate/Foundation/Http/Middleware/VerifyCsrfToken.php(78): Illuminate\\Pipeline\\Pipeline->Illuminate\\Pipeline\\{closure}()
#7 /app/www/vendor/laravel/framework/src/Illuminate/Pipeline/Pipeline.php(167): Illuminate\\Foundation\\Http\\Middleware\\VerifyCsrfToken->handle()
#8 /app/www/vendor/laravel/framework/src/Illuminate/View/Middleware/ShareErrorsFromSession.php(49): Illuminate\\Pipeline\\Pipeline->Illuminate\\Pipeline\\{closure}()
#9 /app/www/vendor/laravel/framework/src/Illuminate/Pipeline/Pipeline.php(167): Illuminate\\View\\Middleware\\ShareErrorsFromSession->handle()
#10 /app/www/vendor/laravel/framework/src/Illuminate/Session/Middleware/StartSession.php(121): Illuminate\\Pipeline\\Pipeline->Illuminate\\Pipeline\\{closure}()
#11 /app/www/vendor/laravel/framework/src/Illuminate/Session/Middleware/StartSession.php(64): Illuminate\\Session\\Middleware\\StartSession->handleStatefulRequest()
#12 /app/www/vendor/laravel/framework/src/Illuminate/Pipeline/Pipeline.php(167): Illuminate\\Session\\Middleware\\StartSession->handle()
#13 /app/www/vendor/laravel/framework/src/Illuminate/Cookie/Middleware/AddQueuedCookiesToResponse.php(37): Illuminate\\Pipeline\\Pipeline->Illuminate\\Pipeline\\{closure}()
#14 /app/www/vendor/laravel/framework/src/Illuminate/Pipeline/Pipeline.php(167): Illuminate\\Cookie\\Middleware\\AddQueuedCookiesToResponse->handle()
#15 /app/www/vendor/laravel/framework/src/Illuminate/Cookie/Middleware/EncryptCookies.php(67): Illuminate\\Pipeline\\Pipeline->Illuminate\\Pipeline\\{closure}()
#16 /app/www/vendor/laravel/framework/src/Illuminate/Pipeline/Pipeline.php(167): Illuminate\\Cookie\\Middleware\\EncryptCookies->handle()
#17 /app/www/vendor/laravel/framework/src/Illuminate/Pipeline/Pipeline.php(103): Illuminate\\Pipeline\\Pipeline->Illuminate\\Pipeline\\{closure}()
#18 /app/www/vendor/laravel/framework/src/Illuminate/Routing/Router.php(723): Illuminate\\Pipeline\\Pipeline->then()
#19 /app/www/vendor/laravel/framework/src/Illuminate/Routing/Router.php(698): Illuminate\\Routing\\Router->runRouteWithinStack()
#20 /app/www/vendor/laravel/framework/src/Illuminate/Routing/Router.php(662): Illuminate\\Routing\\Router->runRoute()
#21 /app/www/vendor/laravel/framework/src/Illuminate/Routing/Router.php(651): Illuminate\\Routing\\Router->dispatchToRoute()
#22 /app/www/vendor/laravel/framework/src/Illuminate/Foundation/Http/Kernel.php(167): Illuminate\\Routing\\Router->dispatch()
#23 /app/www/vendor/laravel/framework/src/Illuminate/Pipeline/Pipeline.php(128): Illuminate\\Foundation\\Http\\Kernel->Illuminate\\Foundation\\Http\\{closure}()
#24 /app/www/vendor/fideloper/proxy/src/TrustProxies.php(57): Illuminate\\Pipeline\\Pipeline->Illuminate\\Pipeline\\{closure}()
#25 /app/www/vendor/laravel/framework/src/Illuminate/Pipeline/Pipeline.php(167): Fideloper\\Proxy\\TrustProxies->handle()
#26 /app/www/vendor/laravel/framework/src/Illuminate/Foundation/Http/Middleware/TransformsRequest.php(21): Illuminate\\Pipeline\\Pipeline->Illuminate\\Pipeline\\{closure}()
#27 /app/www/vendor/laravel/framework/src/Illuminate/Foundation/Http/Middleware/ConvertEmptyStringsToNull.php(31): Illuminate\\Foundation\\Http\\Middleware\\TransformsRequest->handle()
#28 /app/www/vendor/laravel/framework/src/Illuminate/Pipeline/Pipeline.php(167): Illuminate\\Foundation\\Http\\Middleware\\ConvertEmptyStringsToNull->handle()
#29 /app/www/vendor/laravel/framework/src/Illuminate/Foundation/Http/Middleware/TransformsRequest.php(21): Illuminate\\Pipeline\\Pipeline->Illuminate\\Pipeline\\{closure}()
#30 /app/www/vendor/laravel/framework/src/Illuminate/Foundation/Http/Middleware/TrimStrings.php(40): Illuminate\\Foundation\\Http\\Middleware\\TransformsRequest->handle()
#31 /app/www/vendor/laravel/framework/src/Illuminate/Pipeline/Pipeline.php(167): Illuminate\\Foundation\\Http\\Middleware\\TrimStrings->handle()
#32 /app/www/vendor/laravel/framework/src/Illuminate/Foundation/Http/Middleware/ValidatePostSize.php(27): Illuminate\\Pipeline\\Pipeline->Illuminate\\Pipeline\\{closure}()
#33 /app/www/vendor/laravel/framework/src/Illuminate/Pipeline/Pipeline.php(167): Illuminate\\Foundation\\Http\\Middleware\\ValidatePostSize->handle()
#34 /app/www/vendor/laravel/framework/src/Illuminate/Foundation/Http/Middleware/PreventRequestsDuringMaintenance.php(86): Illuminate\\Pipeline\\Pipeline->Illuminate\\Pipeline\\{closure}()
#35 /app/www/vendor/laravel/framework/src/Illuminate/Pipeline/Pipeline.php(167): Illuminate\\Foundation\\Http\\Middleware\\PreventRequestsDuringMaintenance->handle()
#36 /app/www/vendor/laravel/framework/src/Illuminate/Pipeline/Pipeline.php(103): Illuminate\\Pipeline\\Pipeline->Illuminate\\Pipeline\\{closure}()
#37 /app/www/vendor/laravel/framework/src/Illuminate/Foundation/Http/Kernel.php(142): Illuminate\\Pipeline\\Pipeline->then()
#38 /app/www/vendor/laravel/framework/src/Illuminate/Foundation/Http/Kernel.php(111): Illuminate\\Foundation\\Http\\Kernel->sendRequestThroughRouter()
#39 /app/www/public/index.php(55): Illuminate\\Foundation\\Http\\Kernel->handle()
#40 {main}
"} 
[2023-01-08 05:53:49] local.ERROR: Attempt to read property "cpu" on null {"exception":"[object] (ErrorException(code: 0): Attempt to read property \"cpu\" on null at /config/www/SupportedApps/Proxmox/Proxmox.php:59)
[stacktrace]
#0 /config/www/SupportedApps/Proxmox/Proxmox.php(59): Illuminate\\Foundation\\Bootstrap\\HandleExceptions->handleError()
#1 /app/www/app/Http/Controllers/ItemController.php(503): App\\SupportedApps\\Proxmox\\Proxmox->livestats()
#2 /app/www/vendor/laravel/framework/src/Illuminate/Routing/Controller.php(54): App\\Http\\Controllers\\ItemController->getStats()
#3 /app/www/vendor/laravel/framework/src/Illuminate/Routing/ControllerDispatcher.php(45): Illuminate\\Routing\\Controller->callAction()
#4 /app/www/vendor/laravel/framework/src/Illuminate/Routing/Route.php(262): Illuminate\\Routing\\ControllerDispatcher->dispatch()
#5 /app/www/vendor/laravel/framework/src/Illuminate/Routing/Route.php(205): Illuminate\\Routing\\Route->runController()
#6 /app/www/vendor/laravel/framework/src/Illuminate/Routing/Router.php(721): Illuminate\\Routing\\Route->run()
#7 /app/www/vendor/laravel/framework/src/Illuminate/Pipeline/Pipeline.php(128): Illuminate\\Routing\\Router->Illuminate\\Routing\\{closure}()
#8 /app/www/app/Http/Middleware/CheckAllowed.php(46): Illuminate\\Pipeline\\Pipeline->Illuminate\\Pipeline\\{closure}()
#9 /app/www/vendor/laravel/framework/src/Illuminate/Pipeline/Pipeline.php(167): App\\Http\\Middleware\\CheckAllowed->handle()
#10 /app/www/app/Http/Controllers/Controller.php(22): Illuminate\\Pipeline\\Pipeline->Illuminate\\Pipeline\\{closure}()
#11 /app/www/vendor/laravel/framework/src/Illuminate/Pipeline/Pipeline.php(149): App\\Http\\Controllers\\Controller->App\\Http\\Controllers\\{closure}()
#12 /app/www/vendor/laravel/framework/src/Illuminate/Routing/Middleware/SubstituteBindings.php(50): Illuminate\\Pipeline\\Pipeline->Illuminate\\Pipeline\\{closure}()
#13 /app/www/vendor/laravel/framework/src/Illuminate/Pipeline/Pipeline.php(167): Illuminate\\Routing\\Middleware\\SubstituteBindings->handle()
#14 /app/www/vendor/laravel/framework/src/Illuminate/Foundation/Http/Middleware/VerifyCsrfToken.php(78): Illuminate\\Pipeline\\Pipeline->Illuminate\\Pipeline\\{closure}()
#15 /app/www/vendor/laravel/framework/src/Illuminate/Pipeline/Pipeline.php(167): Illuminate\\Foundation\\Http\\Middleware\\VerifyCsrfToken->handle()
#16 /app/www/vendor/laravel/framework/src/Illuminate/View/Middleware/ShareErrorsFromSession.php(49): Illuminate\\Pipeline\\Pipeline->Illuminate\\Pipeline\\{closure}()
#17 /app/www/vendor/laravel/framework/src/Illuminate/Pipeline/Pipeline.php(167): Illuminate\\View\\Middleware\\ShareErrorsFromSession->handle()
#18 /app/www/vendor/laravel/framework/src/Illuminate/Session/Middleware/StartSession.php(121): Illuminate\\Pipeline\\Pipeline->Illuminate\\Pipeline\\{closure}()
#19 /app/www/vendor/laravel/framework/src/Illuminate/Session/Middleware/StartSession.php(64): Illuminate\\Session\\Middleware\\StartSession->handleStatefulRequest()
#20 /app/www/vendor/laravel/framework/src/Illuminate/Pipeline/Pipeline.php(167): Illuminate\\Session\\Middleware\\StartSession->handle()
#21 /app/www/vendor/laravel/framework/src/Illuminate/Cookie/Middleware/AddQueuedCookiesToResponse.php(37): Illuminate\\Pipeline\\Pipeline->Illuminate\\Pipeline\\{closure}()
#22 /app/www/vendor/laravel/framework/src/Illuminate/Pipeline/Pipeline.php(167): Illuminate\\Cookie\\Middleware\\AddQueuedCookiesToResponse->handle()
#23 /app/www/vendor/laravel/framework/src/Illuminate/Cookie/Middleware/EncryptCookies.php(67): Illuminate\\Pipeline\\Pipeline->Illuminate\\Pipeline\\{closure}()
#24 /app/www/vendor/laravel/framework/src/Illuminate/Pipeline/Pipeline.php(167): Illuminate\\Cookie\\Middleware\\EncryptCookies->handle()
#25 /app/www/vendor/laravel/framework/src/Illuminate/Pipeline/Pipeline.php(103): Illuminate\\Pipeline\\Pipeline->Illuminate\\Pipeline\\{closure}()
#26 /app/www/vendor/laravel/framework/src/Illuminate/Routing/Router.php(723): Illuminate\\Pipeline\\Pipeline->then()
#27 /app/www/vendor/laravel/framework/src/Illuminate/Routing/Router.php(698): Illuminate\\Routing\\Router->runRouteWithinStack()
#28 /app/www/vendor/laravel/framework/src/Illuminate/Routing/Router.php(662): Illuminate\\Routing\\Router->runRoute()
#29 /app/www/vendor/laravel/framework/src/Illuminate/Routing/Router.php(651): Illuminate\\Routing\\Router->dispatchToRoute()
#30 /app/www/vendor/laravel/framework/src/Illuminate/Foundation/Http/Kernel.php(167): Illuminate\\Routing\\Router->dispatch()
#31 /app/www/vendor/laravel/framework/src/Illuminate/Pipeline/Pipeline.php(128): Illuminate\\Foundation\\Http\\Kernel->Illuminate\\Foundation\\Http\\{closure}()
#32 /app/www/vendor/fideloper/proxy/src/TrustProxies.php(57): Illuminate\\Pipeline\\Pipeline->Illuminate\\Pipeline\\{closure}()
#33 /app/www/vendor/laravel/framework/src/Illuminate/Pipeline/Pipeline.php(167): Fideloper\\Proxy\\TrustProxies->handle()
#34 /app/www/vendor/laravel/framework/src/Illuminate/Foundation/Http/Middleware/TransformsRequest.php(21): Illuminate\\Pipeline\\Pipeline->Illuminate\\Pipeline\\{closure}()
#35 /app/www/vendor/laravel/framework/src/Illuminate/Foundation/Http/Middleware/ConvertEmptyStringsToNull.php(31): Illuminate\\Foundation\\Http\\Middleware\\TransformsRequest->handle()
#36 /app/www/vendor/laravel/framework/src/Illuminate/Pipeline/Pipeline.php(167): Illuminate\\Foundation\\Http\\Middleware\\ConvertEmptyStringsToNull->handle()
#37 /app/www/vendor/laravel/framework/src/Illuminate/Foundation/Http/Middleware/TransformsRequest.php(21): Illuminate\\Pipeline\\Pipeline->Illuminate\\Pipeline\\{closure}()
#38 /app/www/vendor/laravel/framework/src/Illuminate/Foundation/Http/Middleware/TrimStrings.php(40): Illuminate\\Foundation\\Http\\Middleware\\TransformsRequest->handle()
#39 /app/www/vendor/laravel/framework/src/Illuminate/Pipeline/Pipeline.php(167): Illuminate\\Foundation\\Http\\Middleware\\TrimStrings->handle()
#40 /app/www/vendor/laravel/framework/src/Illuminate/Foundation/Http/Middleware/ValidatePostSize.php(27): Illuminate\\Pipeline\\Pipeline->Illuminate\\Pipeline\\{closure}()
#41 /app/www/vendor/laravel/framework/src/Illuminate/Pipeline/Pipeline.php(167): Illuminate\\Foundation\\Http\\Middleware\\ValidatePostSize->handle()
#42 /app/www/vendor/laravel/framework/src/Illuminate/Foundation/Http/Middleware/PreventRequestsDuringMaintenance.php(86): Illuminate\\Pipeline\\Pipeline->Illuminate\\Pipeline\\{closure}()
#43 /app/www/vendor/laravel/framework/src/Illuminate/Pipeline/Pipeline.php(167): Illuminate\\Foundation\\Http\\Middleware\\PreventRequestsDuringMaintenance->handle()
#44 /app/www/vendor/laravel/framework/src/Illuminate/Pipeline/Pipeline.php(103): Illuminate\\Pipeline\\Pipeline->Illuminate\\Pipeline\\{closure}()
#45 /app/www/vendor/laravel/framework/src/Illuminate/Foundation/Http/Kernel.php(142): Illuminate\\Pipeline\\Pipeline->then()
#46 /app/www/vendor/laravel/framework/src/Illuminate/Foundation/Http/Kernel.php(111): Illuminate\\Foundation\\Http\\Kernel->sendRequestThroughRouter()
#47 /app/www/public/index.php(55): Illuminate\\Foundation\\Http\\Kernel->handle()
#48 {main}
"} 
[2023-01-08 05:53:49] local.ERROR: Attempt to read property "cpu" on null {"exception":"[object] (ErrorException(code: 0): Attempt to read property \"cpu\" on null at /config/www/SupportedApps/Proxmox/Proxmox.php:59)
[stacktrace]
#0 /config/www/SupportedApps/Proxmox/Proxmox.php(59): Illuminate\\Foundation\\Bootstrap\\HandleExceptions->handleError()
#1 /app/www/app/Http/Controllers/ItemController.php(503): App\\SupportedApps\\Proxmox\\Proxmox->livestats()
#2 /app/www/vendor/laravel/framework/src/Illuminate/Routing/Controller.php(54): App\\Http\\Controllers\\ItemController->getStats()
#3 /app/www/vendor/laravel/framework/src/Illuminate/Routing/ControllerDispatcher.php(45): Illuminate\\Routing\\Controller->callAction()
#4 /app/www/vendor/laravel/framework/src/Illuminate/Routing/Route.php(262): Illuminate\\Routing\\ControllerDispatcher->dispatch()
#5 /app/www/vendor/laravel/framework/src/Illuminate/Routing/Route.php(205): Illuminate\\Routing\\Route->runController()
#6 /app/www/vendor/laravel/framework/src/Illuminate/Routing/Router.php(721): Illuminate\\Routing\\Route->run()
#7 /app/www/vendor/laravel/framework/src/Illuminate/Pipeline/Pipeline.php(128): Illuminate\\Routing\\Router->Illuminate\\Routing\\{closure}()
#8 /app/www/app/Http/Middleware/CheckAllowed.php(46): Illuminate\\Pipeline\\Pipeline->Illuminate\\Pipeline\\{closure}()
#9 /app/www/vendor/laravel/framework/src/Illuminate/Pipeline/Pipeline.php(167): App\\Http\\Middleware\\CheckAllowed->handle()
#10 /app/www/app/Http/Controllers/Controller.php(22): Illuminate\\Pipeline\\Pipeline->Illuminate\\Pipeline\\{closure}()
#11 /app/www/vendor/laravel/framework/src/Illuminate/Pipeline/Pipeline.php(149): App\\Http\\Controllers\\Controller->App\\Http\\Controllers\\{closure}()
#12 /app/www/vendor/laravel/framework/src/Illuminate/Routing/Middleware/SubstituteBindings.php(50): Illuminate\\Pipeline\\Pipeline->Illuminate\\Pipeline\\{closure}()
#13 /app/www/vendor/laravel/framework/src/Illuminate/Pipeline/Pipeline.php(167): Illuminate\\Routing\\Middleware\\SubstituteBindings->handle()
#14 /app/www/vendor/laravel/framework/src/Illuminate/Foundation/Http/Middleware/VerifyCsrfToken.php(78): Illuminate\\Pipeline\\Pipeline->Illuminate\\Pipeline\\{closure}()
#15 /app/www/vendor/laravel/framework/src/Illuminate/Pipeline/Pipeline.php(167): Illuminate\\Foundation\\Http\\Middleware\\VerifyCsrfToken->handle()
#16 /app/www/vendor/laravel/framework/src/Illuminate/View/Middleware/ShareErrorsFromSession.php(49): Illuminate\\Pipeline\\Pipeline->Illuminate\\Pipeline\\{closure}()
#17 /app/www/vendor/laravel/framework/src/Illuminate/Pipeline/Pipeline.php(167): Illuminate\\View\\Middleware\\ShareErrorsFromSession->handle()
#18 /app/www/vendor/laravel/framework/src/Illuminate/Session/Middleware/StartSession.php(121): Illuminate\\Pipeline\\Pipeline->Illuminate\\Pipeline\\{closure}()
#19 /app/www/vendor/laravel/framework/src/Illuminate/Session/Middleware/StartSession.php(64): Illuminate\\Session\\Middleware\\StartSession->handleStatefulRequest()
#20 /app/www/vendor/laravel/framework/src/Illuminate/Pipeline/Pipeline.php(167): Illuminate\\Session\\Middleware\\StartSession->handle()
#21 /app/www/vendor/laravel/framework/src/Illuminate/Cookie/Middleware/AddQueuedCookiesToResponse.php(37): Illuminate\\Pipeline\\Pipeline->Illuminate\\Pipeline\\{closure}()
#22 /app/www/vendor/laravel/framework/src/Illuminate/Pipeline/Pipeline.php(167): Illuminate\\Cookie\\Middleware\\AddQueuedCookiesToResponse->handle()
#23 /app/www/vendor/laravel/framework/src/Illuminate/Cookie/Middleware/EncryptCookies.php(67): Illuminate\\Pipeline\\Pipeline->Illuminate\\Pipeline\\{closure}()
#24 /app/www/vendor/laravel/framework/src/Illuminate/Pipeline/Pipeline.php(167): Illuminate\\Cookie\\Middleware\\EncryptCookies->handle()
#25 /app/www/vendor/laravel/framework/src/Illuminate/Pipeline/Pipeline.php(103): Illuminate\\Pipeline\\Pipeline->Illuminate\\Pipeline\\{closure}()
#26 /app/www/vendor/laravel/framework/src/Illuminate/Routing/Router.php(723): Illuminate\\Pipeline\\Pipeline->then()
#27 /app/www/vendor/laravel/framework/src/Illuminate/Routing/Router.php(698): Illuminate\\Routing\\Router->runRouteWithinStack()
#28 /app/www/vendor/laravel/framework/src/Illuminate/Routing/Router.php(662): Illuminate\\Routing\\Router->runRoute()
#29 /app/www/vendor/laravel/framework/src/Illuminate/Routing/Router.php(651): Illuminate\\Routing\\Router->dispatchToRoute()
#30 /app/www/vendor/laravel/framework/src/Illuminate/Foundation/Http/Kernel.php(167): Illuminate\\Routing\\Router->dispatch()
#31 /app/www/vendor/laravel/framework/src/Illuminate/Pipeline/Pipeline.php(128): Illuminate\\Foundation\\Http\\Kernel->Illuminate\\Foundation\\Http\\{closure}()
#32 /app/www/vendor/fideloper/proxy/src/TrustProxies.php(57): Illuminate\\Pipeline\\Pipeline->Illuminate\\Pipeline\\{closure}()
#33 /app/www/vendor/laravel/framework/src/Illuminate/Pipeline/Pipeline.php(167): Fideloper\\Proxy\\TrustProxies->handle()
#34 /app/www/vendor/laravel/framework/src/Illuminate/Foundation/Http/Middleware/TransformsRequest.php(21): Illuminate\\Pipeline\\Pipeline->Illuminate\\Pipeline\\{closure}()
#35 /app/www/vendor/laravel/framework/src/Illuminate/Foundation/Http/Middleware/ConvertEmptyStringsToNull.php(31): Illuminate\\Foundation\\Http\\Middleware\\TransformsRequest->handle()
#36 /app/www/vendor/laravel/framework/src/Illuminate/Pipeline/Pipeline.php(167): Illuminate\\Foundation\\Http\\Middleware\\ConvertEmptyStringsToNull->handle()
#37 /app/www/vendor/laravel/framework/src/Illuminate/Foundation/Http/Middleware/TransformsRequest.php(21): Illuminate\\Pipeline\\Pipeline->Illuminate\\Pipeline\\{closure}()
#38 /app/www/vendor/laravel/framework/src/Illuminate/Foundation/Http/Middleware/TrimStrings.php(40): Illuminate\\Foundation\\Http\\Middleware\\TransformsRequest->handle()
#39 /app/www/vendor/laravel/framework/src/Illuminate/Pipeline/Pipeline.php(167): Illuminate\\Foundation\\Http\\Middleware\\TrimStrings->handle()
#40 /app/www/vendor/laravel/framework/src/Illuminate/Foundation/Http/Middleware/ValidatePostSize.php(27): Illuminate\\Pipeline\\Pipeline->Illuminate\\Pipeline\\{closure}()
#41 /app/www/vendor/laravel/framework/src/Illuminate/Pipeline/Pipeline.php(167): Illuminate\\Foundation\\Http\\Middleware\\ValidatePostSize->handle()
#42 /app/www/vendor/laravel/framework/src/Illuminate/Foundation/Http/Middleware/PreventRequestsDuringMaintenance.php(86): Illuminate\\Pipeline\\Pipeline->Illuminate\\Pipeline\\{closure}()
#43 /app/www/vendor/laravel/framework/src/Illuminate/Pipeline/Pipeline.php(167): Illuminate\\Foundation\\Http\\Middleware\\PreventRequestsDuringMaintenance->handle()
#44 /app/www/vendor/laravel/framework/src/Illuminate/Pipeline/Pipeline.php(103): Illuminate\\Pipeline\\Pipeline->Illuminate\\Pipeline\\{closure}()
#45 /app/www/vendor/laravel/framework/src/Illuminate/Foundation/Http/Kernel.php(142): Illuminate\\Pipeline\\Pipeline->then()
#46 /app/www/vendor/laravel/framework/src/Illuminate/Foundation/Http/Kernel.php(111): Illuminate\\Foundation\\Http\\Kernel->sendRequestThroughRouter()
#47 /app/www/public/index.php(55): Illuminate\\Foundation\\Http\\Kernel->handle()
#48 {main}
"} 
[2023-01-08 05:53:49] local.ERROR: Attempt to read property "cpu" on null {"exception":"[object] (ErrorException(code: 0): Attempt to read property \"cpu\" on null at /config/www/SupportedApps/Proxmox/Proxmox.php:59)
[stacktrace]
#0 /config/www/SupportedApps/Proxmox/Proxmox.php(59): Illuminate\\Foundation\\Bootstrap\\HandleExceptions->handleError()
#1 /app/www/app/Http/Controllers/ItemController.php(503): App\\SupportedApps\\Proxmox\\Proxmox->livestats()
#2 /app/www/vendor/laravel/framework/src/Illuminate/Routing/Controller.php(54): App\\Http\\Controllers\\ItemController->getStats()
#3 /app/www/vendor/laravel/framework/src/Illuminate/Routing/ControllerDispatcher.php(45): Illuminate\\Routing\\Controller->callAction()
#4 /app/www/vendor/laravel/framework/src/Illuminate/Routing/Route.php(262): Illuminate\\Routing\\ControllerDispatcher->dispatch()
#5 /app/www/vendor/laravel/framework/src/Illuminate/Routing/Route.php(205): Illuminate\\Routing\\Route->runController()
#6 /app/www/vendor/laravel/framework/src/Illuminate/Routing/Router.php(721): Illuminate\\Routing\\Route->run()
#7 /app/www/vendor/laravel/framework/src/Illuminate/Pipeline/Pipeline.php(128): Illuminate\\Routing\\Router->Illuminate\\Routing\\{closure}()
#8 /app/www/app/Http/Middleware/CheckAllowed.php(46): Illuminate\\Pipeline\\Pipeline->Illuminate\\Pipeline\\{closure}()
#9 /app/www/vendor/laravel/framework/src/Illuminate/Pipeline/Pipeline.php(167): App\\Http\\Middleware\\CheckAllowed->handle()
#10 /app/www/app/Http/Controllers/Controller.php(22): Illuminate\\Pipeline\\Pipeline->Illuminate\\Pipeline\\{closure}()
#11 /app/www/vendor/laravel/framework/src/Illuminate/Pipeline/Pipeline.php(149): App\\Http\\Controllers\\Controller->App\\Http\\Controllers\\{closure}()
#12 /app/www/vendor/laravel/framework/src/Illuminate/Routing/Middleware/SubstituteBindings.php(50): Illuminate\\Pipeline\\Pipeline->Illuminate\\Pipeline\\{closure}()
#13 /app/www/vendor/laravel/framework/src/Illuminate/Pipeline/Pipeline.php(167): Illuminate\\Routing\\Middleware\\SubstituteBindings->handle()
#14 /app/www/vendor/laravel/framework/src/Illuminate/Foundation/Http/Middleware/VerifyCsrfToken.php(78): Illuminate\\Pipeline\\Pipeline->Illuminate\\Pipeline\\{closure}()
#15 /app/www/vendor/laravel/framework/src/Illuminate/Pipeline/Pipeline.php(167): Illuminate\\Foundation\\Http\\Middleware\\VerifyCsrfToken->handle()
#16 /app/www/vendor/laravel/framework/src/Illuminate/View/Middleware/ShareErrorsFromSession.php(49): Illuminate\\Pipeline\\Pipeline->Illuminate\\Pipeline\\{closure}()
#17 /app/www/vendor/laravel/framework/src/Illuminate/Pipeline/Pipeline.php(167): Illuminate\\View\\Middleware\\ShareErrorsFromSession->handle()
#18 /app/www/vendor/laravel/framework/src/Illuminate/Session/Middleware/StartSession.php(121): Illuminate\\Pipeline\\Pipeline->Illuminate\\Pipeline\\{closure}()
#19 /app/www/vendor/laravel/framework/src/Illuminate/Session/Middleware/StartSession.php(64): Illuminate\\Session\\Middleware\\StartSession->handleStatefulRequest()
#20 /app/www/vendor/laravel/framework/src/Illuminate/Pipeline/Pipeline.php(167): Illuminate\\Session\\Middleware\\StartSession->handle()
#21 /app/www/vendor/laravel/framework/src/Illuminate/Cookie/Middleware/AddQueuedCookiesToResponse.php(37): Illuminate\\Pipeline\\Pipeline->Illuminate\\Pipeline\\{closure}()
#22 /app/www/vendor/laravel/framework/src/Illuminate/Pipeline/Pipeline.php(167): Illuminate\\Cookie\\Middleware\\AddQueuedCookiesToResponse->handle()
#23 /app/www/vendor/laravel/framework/src/Illuminate/Cookie/Middleware/EncryptCookies.php(67): Illuminate\\Pipeline\\Pipeline->Illuminate\\Pipeline\\{closure}()
#24 /app/www/vendor/laravel/framework/src/Illuminate/Pipeline/Pipeline.php(167): Illuminate\\Cookie\\Middleware\\EncryptCookies->handle()
#25 /app/www/vendor/laravel/framework/src/Illuminate/Pipeline/Pipeline.php(103): Illuminate\\Pipeline\\Pipeline->Illuminate\\Pipeline\\{closure}()
#26 /app/www/vendor/laravel/framework/src/Illuminate/Routing/Router.php(723): Illuminate\\Pipeline\\Pipeline->then()
#27 /app/www/vendor/laravel/framework/src/Illuminate/Routing/Router.php(698): Illuminate\\Routing\\Router->runRouteWithinStack()
#28 /app/www/vendor/laravel/framework/src/Illuminate/Routing/Router.php(662): Illuminate\\Routing\\Router->runRoute()
#29 /app/www/vendor/laravel/framework/src/Illuminate/Routing/Router.php(651): Illuminate\\Routing\\Router->dispatchToRoute()
#30 /app/www/vendor/laravel/framework/src/Illuminate/Foundation/Http/Kernel.php(167): Illuminate\\Routing\\Router->dispatch()
#31 /app/www/vendor/laravel/framework/src/Illuminate/Pipeline/Pipeline.php(128): Illuminate\\Foundation\\Http\\Kernel->Illuminate\\Foundation\\Http\\{closure}()
#32 /app/www/vendor/fideloper/proxy/src/TrustProxies.php(57): Illuminate\\Pipeline\\Pipeline->Illuminate\\Pipeline\\{closure}()
#33 /app/www/vendor/laravel/framework/src/Illuminate/Pipeline/Pipeline.php(167): Fideloper\\Proxy\\TrustProxies->handle()
#34 /app/www/vendor/laravel/framework/src/Illuminate/Foundation/Http/Middleware/TransformsRequest.php(21): Illuminate\\Pipeline\\Pipeline->Illuminate\\Pipeline\\{closure}()
#35 /app/www/vendor/laravel/framework/src/Illuminate/Foundation/Http/Middleware/ConvertEmptyStringsToNull.php(31): Illuminate\\Foundation\\Http\\Middleware\\TransformsRequest->handle()
#36 /app/www/vendor/laravel/framework/src/Illuminate/Pipeline/Pipeline.php(167): Illuminate\\Foundation\\Http\\Middleware\\ConvertEmptyStringsToNull->handle()
#37 /app/www/vendor/laravel/framework/src/Illuminate/Foundation/Http/Middleware/TransformsRequest.php(21): Illuminate\\Pipeline\\Pipeline->Illuminate\\Pipeline\\{closure}()
#38 /app/www/vendor/laravel/framework/src/Illuminate/Foundation/Http/Middleware/TrimStrings.php(40): Illuminate\\Foundation\\Http\\Middleware\\TransformsRequest->handle()
#39 /app/www/vendor/laravel/framework/src/Illuminate/Pipeline/Pipeline.php(167): Illuminate\\Foundation\\Http\\Middleware\\TrimStrings->handle()
#40 /app/www/vendor/laravel/framework/src/Illuminate/Foundation/Http/Middleware/ValidatePostSize.php(27): Illuminate\\Pipeline\\Pipeline->Illuminate\\Pipeline\\{closure}()
#41 /app/www/vendor/laravel/framework/src/Illuminate/Pipeline/Pipeline.php(167): Illuminate\\Foundation\\Http\\Middleware\\ValidatePostSize->handle()
#42 /app/www/vendor/laravel/framework/src/Illuminate/Foundation/Http/Middleware/PreventRequestsDuringMaintenance.php(86): Illuminate\\Pipeline\\Pipeline->Illuminate\\Pipeline\\{closure}()
#43 /app/www/vendor/laravel/framework/src/Illuminate/Pipeline/Pipeline.php(167): Illuminate\\Foundation\\Http\\Middleware\\PreventRequestsDuringMaintenance->handle()
#44 /app/www/vendor/laravel/framework/src/Illuminate/Pipeline/Pipeline.php(103): Illuminate\\Pipeline\\Pipeline->Illuminate\\Pipeline\\{closure}()
#45 /app/www/vendor/laravel/framework/src/Illuminate/Foundation/Http/Kernel.php(142): Illuminate\\Pipeline\\Pipeline->then()
#46 /app/www/vendor/laravel/framework/src/Illuminate/Foundation/Http/Kernel.php(111): Illuminate\\Foundation\\Http\\Kernel->sendRequestThroughRouter()
#47 /app/www/public/index.php(55): Illuminate\\Foundation\\Http\\Kernel->handle()
#48 {main}
"} 
[2023-01-08 05:53:56] local.DEBUG: Get app triggered for: ef49854fbbea334dbaf393d4b4ad9381cb931e91  
[2023-01-08 05:53:56] local.ERROR: Call to undefined method Illuminate\Support\Facades\Request::input() {"exception":"[object] (Error(code: 0): Call to undefined method Illuminate\\Support\\Facades\\Request::input() at /app/www/routes/web.php:86)
[stacktrace]
#0 /app/www/vendor/laravel/framework/src/Illuminate/Routing/Route.php(238): Illuminate\\Routing\\RouteFileRegistrar->{closure}()
#1 /app/www/vendor/laravel/framework/src/Illuminate/Routing/Route.php(208): Illuminate\\Routing\\Route->runCallable()
#2 /app/www/vendor/laravel/framework/src/Illuminate/Routing/Router.php(721): Illuminate\\Routing\\Route->run()
#3 /app/www/vendor/laravel/framework/src/Illuminate/Pipeline/Pipeline.php(128): Illuminate\\Routing\\Router->Illuminate\\Routing\\{closure}()
#4 /app/www/vendor/laravel/framework/src/Illuminate/Routing/Middleware/SubstituteBindings.php(50): Illuminate\\Pipeline\\Pipeline->Illuminate\\Pipeline\\{closure}()
#5 /app/www/vendor/laravel/framework/src/Illuminate/Pipeline/Pipeline.php(167): Illuminate\\Routing\\Middleware\\SubstituteBindings->handle()
#6 /app/www/vendor/laravel/framework/src/Illuminate/Foundation/Http/Middleware/VerifyCsrfToken.php(78): Illuminate\\Pipeline\\Pipeline->Illuminate\\Pipeline\\{closure}()
#7 /app/www/vendor/laravel/framework/src/Illuminate/Pipeline/Pipeline.php(167): Illuminate\\Foundation\\Http\\Middleware\\VerifyCsrfToken->handle()
#8 /app/www/vendor/laravel/framework/src/Illuminate/View/Middleware/ShareErrorsFromSession.php(49): Illuminate\\Pipeline\\Pipeline->Illuminate\\Pipeline\\{closure}()
#9 /app/www/vendor/laravel/framework/src/Illuminate/Pipeline/Pipeline.php(167): Illuminate\\View\\Middleware\\ShareErrorsFromSession->handle()
#10 /app/www/vendor/laravel/framework/src/Illuminate/Session/Middleware/StartSession.php(121): Illuminate\\Pipeline\\Pipeline->Illuminate\\Pipeline\\{closure}()
#11 /app/www/vendor/laravel/framework/src/Illuminate/Session/Middleware/StartSession.php(64): Illuminate\\Session\\Middleware\\StartSession->handleStatefulRequest()
#12 /app/www/vendor/laravel/framework/src/Illuminate/Pipeline/Pipeline.php(167): Illuminate\\Session\\Middleware\\StartSession->handle()
#13 /app/www/vendor/laravel/framework/src/Illuminate/Cookie/Middleware/AddQueuedCookiesToResponse.php(37): Illuminate\\Pipeline\\Pipeline->Illuminate\\Pipeline\\{closure}()
#14 /app/www/vendor/laravel/framework/src/Illuminate/Pipeline/Pipeline.php(167): Illuminate\\Cookie\\Middleware\\AddQueuedCookiesToResponse->handle()
#15 /app/www/vendor/laravel/framework/src/Illuminate/Cookie/Middleware/EncryptCookies.php(67): Illuminate\\Pipeline\\Pipeline->Illuminate\\Pipeline\\{closure}()
#16 /app/www/vendor/laravel/framework/src/Illuminate/Pipeline/Pipeline.php(167): Illuminate\\Cookie\\Middleware\\EncryptCookies->handle()
#17 /app/www/vendor/laravel/framework/src/Illuminate/Pipeline/Pipeline.php(103): Illuminate\\Pipeline\\Pipeline->Illuminate\\Pipeline\\{closure}()
#18 /app/www/vendor/laravel/framework/src/Illuminate/Routing/Router.php(723): Illuminate\\Pipeline\\Pipeline->then()
#19 /app/www/vendor/laravel/framework/src/Illuminate/Routing/Router.php(698): Illuminate\\Routing\\Router->runRouteWithinStack()
#20 /app/www/vendor/laravel/framework/src/Illuminate/Routing/Router.php(662): Illuminate\\Routing\\Router->runRoute()
#21 /app/www/vendor/laravel/framework/src/Illuminate/Routing/Router.php(651): Illuminate\\Routing\\Router->dispatchToRoute()
#22 /app/www/vendor/laravel/framework/src/Illuminate/Foundation/Http/Kernel.php(167): Illuminate\\Routing\\Router->dispatch()
#23 /app/www/vendor/laravel/framework/src/Illuminate/Pipeline/Pipeline.php(128): Illuminate\\Foundation\\Http\\Kernel->Illuminate\\Foundation\\Http\\{closure}()
#24 /app/www/vendor/fideloper/proxy/src/TrustProxies.php(57): Illuminate\\Pipeline\\Pipeline->Illuminate\\Pipeline\\{closure}()
#25 /app/www/vendor/laravel/framework/src/Illuminate/Pipeline/Pipeline.php(167): Fideloper\\Proxy\\TrustProxies->handle()
#26 /app/www/vendor/laravel/framework/src/Illuminate/Foundation/Http/Middleware/TransformsRequest.php(21): Illuminate\\Pipeline\\Pipeline->Illuminate\\Pipeline\\{closure}()
#27 /app/www/vendor/laravel/framework/src/Illuminate/Foundation/Http/Middleware/ConvertEmptyStringsToNull.php(31): Illuminate\\Foundation\\Http\\Middleware\\TransformsRequest->handle()
#28 /app/www/vendor/laravel/framework/src/Illuminate/Pipeline/Pipeline.php(167): Illuminate\\Foundation\\Http\\Middleware\\ConvertEmptyStringsToNull->handle()
#29 /app/www/vendor/laravel/framework/src/Illuminate/Foundation/Http/Middleware/TransformsRequest.php(21): Illuminate\\Pipeline\\Pipeline->Illuminate\\Pipeline\\{closure}()
#30 /app/www/vendor/laravel/framework/src/Illuminate/Foundation/Http/Middleware/TrimStrings.php(40): Illuminate\\Foundation\\Http\\Middleware\\TransformsRequest->handle()
#31 /app/www/vendor/laravel/framework/src/Illuminate/Pipeline/Pipeline.php(167): Illuminate\\Foundation\\Http\\Middleware\\TrimStrings->handle()
#32 /app/www/vendor/laravel/framework/src/Illuminate/Foundation/Http/Middleware/ValidatePostSize.php(27): Illuminate\\Pipeline\\Pipeline->Illuminate\\Pipeline\\{closure}()
#33 /app/www/vendor/laravel/framework/src/Illuminate/Pipeline/Pipeline.php(167): Illuminate\\Foundation\\Http\\Middleware\\ValidatePostSize->handle()
#34 /app/www/vendor/laravel/framework/src/Illuminate/Foundation/Http/Middleware/PreventRequestsDuringMaintenance.php(86): Illuminate\\Pipeline\\Pipeline->Illuminate\\Pipeline\\{closure}()
#35 /app/www/vendor/laravel/framework/src/Illuminate/Pipeline/Pipeline.php(167): Illuminate\\Foundation\\Http\\Middleware\\PreventRequestsDuringMaintenance->handle()
#36 /app/www/vendor/laravel/framework/src/Illuminate/Pipeline/Pipeline.php(103): Illuminate\\Pipeline\\Pipeline->Illuminate\\Pipeline\\{closure}()
#37 /app/www/vendor/laravel/framework/src/Illuminate/Foundation/Http/Kernel.php(142): Illuminate\\Pipeline\\Pipeline->then()
#38 /app/www/vendor/laravel/framework/src/Illuminate/Foundation/Http/Kernel.php(111): Illuminate\\Foundation\\Http\\Kernel->sendRequestThroughRouter()
#39 /app/www/public/index.php(55): Illuminate\\Foundation\\Http\\Kernel->handle()
#40 {main}
"} 
[2023-01-08 05:54:10] local.ERROR: Attempt to read property "cpu" on null {"exception":"[object] (ErrorException(code: 0): Attempt to read property \"cpu\" on null at /config/www/SupportedApps/Proxmox/Proxmox.php:59)
[stacktrace]
#0 /config/www/SupportedApps/Proxmox/Proxmox.php(59): Illuminate\\Foundation\\Bootstrap\\HandleExceptions->handleError()
#1 /app/www/app/Http/Controllers/ItemController.php(503): App\\SupportedApps\\Proxmox\\Proxmox->livestats()
#2 /app/www/vendor/laravel/framework/src/Illuminate/Routing/Controller.php(54): App\\Http\\Controllers\\ItemController->getStats()
#3 /app/www/vendor/laravel/framework/src/Illuminate/Routing/ControllerDispatcher.php(45): Illuminate\\Routing\\Controller->callAction()
#4 /app/www/vendor/laravel/framework/src/Illuminate/Routing/Route.php(262): Illuminate\\Routing\\ControllerDispatcher->dispatch()
#5 /app/www/vendor/laravel/framework/src/Illuminate/Routing/Route.php(205): Illuminate\\Routing\\Route->runController()
#6 /app/www/vendor/laravel/framework/src/Illuminate/Routing/Router.php(721): Illuminate\\Routing\\Route->run()
#7 /app/www/vendor/laravel/framework/src/Illuminate/Pipeline/Pipeline.php(128): Illuminate\\Routing\\Router->Illuminate\\Routing\\{closure}()
#8 /app/www/app/Http/Middleware/CheckAllowed.php(46): Illuminate\\Pipeline\\Pipeline->Illuminate\\Pipeline\\{closure}()
#9 /app/www/vendor/laravel/framework/src/Illuminate/Pipeline/Pipeline.php(167): App\\Http\\Middleware\\CheckAllowed->handle()
#10 /app/www/app/Http/Controllers/Controller.php(22): Illuminate\\Pipeline\\Pipeline->Illuminate\\Pipeline\\{closure}()
#11 /app/www/vendor/laravel/framework/src/Illuminate/Pipeline/Pipeline.php(149): App\\Http\\Controllers\\Controller->App\\Http\\Controllers\\{closure}()
#12 /app/www/vendor/laravel/framework/src/Illuminate/Routing/Middleware/SubstituteBindings.php(50): Illuminate\\Pipeline\\Pipeline->Illuminate\\Pipeline\\{closure}()
#13 /app/www/vendor/laravel/framework/src/Illuminate/Pipeline/Pipeline.php(167): Illuminate\\Routing\\Middleware\\SubstituteBindings->handle()
#14 /app/www/vendor/laravel/framework/src/Illuminate/Foundation/Http/Middleware/VerifyCsrfToken.php(78): Illuminate\\Pipeline\\Pipeline->Illuminate\\Pipeline\\{closure}()
#15 /app/www/vendor/laravel/framework/src/Illuminate/Pipeline/Pipeline.php(167): Illuminate\\Foundation\\Http\\Middleware\\VerifyCsrfToken->handle()
#16 /app/www/vendor/laravel/framework/src/Illuminate/View/Middleware/ShareErrorsFromSession.php(49): Illuminate\\Pipeline\\Pipeline->Illuminate\\Pipeline\\{closure}()
#17 /app/www/vendor/laravel/framework/src/Illuminate/Pipeline/Pipeline.php(167): Illuminate\\View\\Middleware\\ShareErrorsFromSession->handle()
#18 /app/www/vendor/laravel/framework/src/Illuminate/Session/Middleware/StartSession.php(121): Illuminate\\Pipeline\\Pipeline->Illuminate\\Pipeline\\{closure}()
#19 /app/www/vendor/laravel/framework/src/Illuminate/Session/Middleware/StartSession.php(64): Illuminate\\Session\\Middleware\\StartSession->handleStatefulRequest()
#20 /app/www/vendor/laravel/framework/src/Illuminate/Pipeline/Pipeline.php(167): Illuminate\\Session\\Middleware\\StartSession->handle()
#21 /app/www/vendor/laravel/framework/src/Illuminate/Cookie/Middleware/AddQueuedCookiesToResponse.php(37): Illuminate\\Pipeline\\Pipeline->Illuminate\\Pipeline\\{closure}()
#22 /app/www/vendor/laravel/framework/src/Illuminate/Pipeline/Pipeline.php(167): Illuminate\\Cookie\\Middleware\\AddQueuedCookiesToResponse->handle()
#23 /app/www/vendor/laravel/framework/src/Illuminate/Cookie/Middleware/EncryptCookies.php(67): Illuminate\\Pipeline\\Pipeline->Illuminate\\Pipeline\\{closure}()
#24 /app/www/vendor/laravel/framework/src/Illuminate/Pipeline/Pipeline.php(167): Illuminate\\Cookie\\Middleware\\EncryptCookies->handle()
#25 /app/www/vendor/laravel/framework/src/Illuminate/Pipeline/Pipeline.php(103): Illuminate\\Pipeline\\Pipeline->Illuminate\\Pipeline\\{closure}()
#26 /app/www/vendor/laravel/framework/src/Illuminate/Routing/Router.php(723): Illuminate\\Pipeline\\Pipeline->then()
#27 /app/www/vendor/laravel/framework/src/Illuminate/Routing/Router.php(698): Illuminate\\Routing\\Router->runRouteWithinStack()
#28 /app/www/vendor/laravel/framework/src/Illuminate/Routing/Router.php(662): Illuminate\\Routing\\Router->runRoute()
#29 /app/www/vendor/laravel/framework/src/Illuminate/Routing/Router.php(651): Illuminate\\Routing\\Router->dispatchToRoute()
#30 /app/www/vendor/laravel/framework/src/Illuminate/Foundation/Http/Kernel.php(167): Illuminate\\Routing\\Router->dispatch()
#31 /app/www/vendor/laravel/framework/src/Illuminate/Pipeline/Pipeline.php(128): Illuminate\\Foundation\\Http\\Kernel->Illuminate\\Foundation\\Http\\{closure}()
#32 /app/www/vendor/fideloper/proxy/src/TrustProxies.php(57): Illuminate\\Pipeline\\Pipeline->Illuminate\\Pipeline\\{closure}()
#33 /app/www/vendor/laravel/framework/src/Illuminate/Pipeline/Pipeline.php(167): Fideloper\\Proxy\\TrustProxies->handle()
#34 /app/www/vendor/laravel/framework/src/Illuminate/Foundation/Http/Middleware/TransformsRequest.php(21): Illuminate\\Pipeline\\Pipeline->Illuminate\\Pipeline\\{closure}()
#35 /app/www/vendor/laravel/framework/src/Illuminate/Foundation/Http/Middleware/ConvertEmptyStringsToNull.php(31): Illuminate\\Foundation\\Http\\Middleware\\TransformsRequest->handle()
#36 /app/www/vendor/laravel/framework/src/Illuminate/Pipeline/Pipeline.php(167): Illuminate\\Foundation\\Http\\Middleware\\ConvertEmptyStringsToNull->handle()
#37 /app/www/vendor/laravel/framework/src/Illuminate/Foundation/Http/Middleware/TransformsRequest.php(21): Illuminate\\Pipeline\\Pipeline->Illuminate\\Pipeline\\{closure}()
#38 /app/www/vendor/laravel/framework/src/Illuminate/Foundation/Http/Middleware/TrimStrings.php(40): Illuminate\\Foundation\\Http\\Middleware\\TransformsRequest->handle()
#39 /app/www/vendor/laravel/framework/src/Illuminate/Pipeline/Pipeline.php(167): Illuminate\\Foundation\\Http\\Middleware\\TrimStrings->handle()
#40 /app/www/vendor/laravel/framework/src/Illuminate/Foundation/Http/Middleware/ValidatePostSize.php(27): Illuminate\\Pipeline\\Pipeline->Illuminate\\Pipeline\\{closure}()
#41 /app/www/vendor/laravel/framework/src/Illuminate/Pipeline/Pipeline.php(167): Illuminate\\Foundation\\Http\\Middleware\\ValidatePostSize->handle()
#42 /app/www/vendor/laravel/framework/src/Illuminate/Foundation/Http/Middleware/PreventRequestsDuringMaintenance.php(86): Illuminate\\Pipeline\\Pipeline->Illuminate\\Pipeline\\{closure}()
#43 /app/www/vendor/laravel/framework/src/Illuminate/Pipeline/Pipeline.php(167): Illuminate\\Foundation\\Http\\Middleware\\PreventRequestsDuringMaintenance->handle()
#44 /app/www/vendor/laravel/framework/src/Illuminate/Pipeline/Pipeline.php(103): Illuminate\\Pipeline\\Pipeline->Illuminate\\Pipeline\\{closure}()
#45 /app/www/vendor/laravel/framework/src/Illuminate/Foundation/Http/Kernel.php(142): Illuminate\\Pipeline\\Pipeline->then()
#46 /app/www/vendor/laravel/framework/src/Illuminate/Foundation/Http/Kernel.php(111): Illuminate\\Foundation\\Http\\Kernel->sendRequestThroughRouter()
#47 /app/www/public/index.php(55): Illuminate\\Foundation\\Http\\Kernel->handle()
#48 {main}
"} 
[2023-01-08 05:54:10] local.ERROR: Attempt to read property "cpu" on null {"exception":"[object] (ErrorException(code: 0): Attempt to read property \"cpu\" on null at /config/www/SupportedApps/Proxmox/Proxmox.php:59)
[stacktrace]
#0 /config/www/SupportedApps/Proxmox/Proxmox.php(59): Illuminate\\Foundation\\Bootstrap\\HandleExceptions->handleError()
#1 /app/www/app/Http/Controllers/ItemController.php(503): App\\SupportedApps\\Proxmox\\Proxmox->livestats()
#2 /app/www/vendor/laravel/framework/src/Illuminate/Routing/Controller.php(54): App\\Http\\Controllers\\ItemController->getStats()
#3 /app/www/vendor/laravel/framework/src/Illuminate/Routing/ControllerDispatcher.php(45): Illuminate\\Routing\\Controller->callAction()
#4 /app/www/vendor/laravel/framework/src/Illuminate/Routing/Route.php(262): Illuminate\\Routing\\ControllerDispatcher->dispatch()
#5 /app/www/vendor/laravel/framework/src/Illuminate/Routing/Route.php(205): Illuminate\\Routing\\Route->runController()
#6 /app/www/vendor/laravel/framework/src/Illuminate/Routing/Router.php(721): Illuminate\\Routing\\Route->run()
#7 /app/www/vendor/laravel/framework/src/Illuminate/Pipeline/Pipeline.php(128): Illuminate\\Routing\\Router->Illuminate\\Routing\\{closure}()
#8 /app/www/app/Http/Middleware/CheckAllowed.php(46): Illuminate\\Pipeline\\Pipeline->Illuminate\\Pipeline\\{closure}()
#9 /app/www/vendor/laravel/framework/src/Illuminate/Pipeline/Pipeline.php(167): App\\Http\\Middleware\\CheckAllowed->handle()
#10 /app/www/app/Http/Controllers/Controller.php(22): Illuminate\\Pipeline\\Pipeline->Illuminate\\Pipeline\\{closure}()
#11 /app/www/vendor/laravel/framework/src/Illuminate/Pipeline/Pipeline.php(149): App\\Http\\Controllers\\Controller->App\\Http\\Controllers\\{closure}()
#12 /app/www/vendor/laravel/framework/src/Illuminate/Routing/Middleware/SubstituteBindings.php(50): Illuminate\\Pipeline\\Pipeline->Illuminate\\Pipeline\\{closure}()
#13 /app/www/vendor/laravel/framework/src/Illuminate/Pipeline/Pipeline.php(167): Illuminate\\Routing\\Middleware\\SubstituteBindings->handle()
#14 /app/www/vendor/laravel/framework/src/Illuminate/Foundation/Http/Middleware/VerifyCsrfToken.php(78): Illuminate\\Pipeline\\Pipeline->Illuminate\\Pipeline\\{closure}()
#15 /app/www/vendor/laravel/framework/src/Illuminate/Pipeline/Pipeline.php(167): Illuminate\\Foundation\\Http\\Middleware\\VerifyCsrfToken->handle()
#16 /app/www/vendor/laravel/framework/src/Illuminate/View/Middleware/ShareErrorsFromSession.php(49): Illuminate\\Pipeline\\Pipeline->Illuminate\\Pipeline\\{closure}()
#17 /app/www/vendor/laravel/framework/src/Illuminate/Pipeline/Pipeline.php(167): Illuminate\\View\\Middleware\\ShareErrorsFromSession->handle()
#18 /app/www/vendor/laravel/framework/src/Illuminate/Session/Middleware/StartSession.php(121): Illuminate\\Pipeline\\Pipeline->Illuminate\\Pipeline\\{closure}()
#19 /app/www/vendor/laravel/framework/src/Illuminate/Session/Middleware/StartSession.php(64): Illuminate\\Session\\Middleware\\StartSession->handleStatefulRequest()
#20 /app/www/vendor/laravel/framework/src/Illuminate/Pipeline/Pipeline.php(167): Illuminate\\Session\\Middleware\\StartSession->handle()
#21 /app/www/vendor/laravel/framework/src/Illuminate/Cookie/Middleware/AddQueuedCookiesToResponse.php(37): Illuminate\\Pipeline\\Pipeline->Illuminate\\Pipeline\\{closure}()
#22 /app/www/vendor/laravel/framework/src/Illuminate/Pipeline/Pipeline.php(167): Illuminate\\Cookie\\Middleware\\AddQueuedCookiesToResponse->handle()
#23 /app/www/vendor/laravel/framework/src/Illuminate/Cookie/Middleware/EncryptCookies.php(67): Illuminate\\Pipeline\\Pipeline->Illuminate\\Pipeline\\{closure}()
#24 /app/www/vendor/laravel/framework/src/Illuminate/Pipeline/Pipeline.php(167): Illuminate\\Cookie\\Middleware\\EncryptCookies->handle()
#25 /app/www/vendor/laravel/framework/src/Illuminate/Pipeline/Pipeline.php(103): Illuminate\\Pipeline\\Pipeline->Illuminate\\Pipeline\\{closure}()
#26 /app/www/vendor/laravel/framework/src/Illuminate/Routing/Router.php(723): Illuminate\\Pipeline\\Pipeline->then()
#27 /app/www/vendor/laravel/framework/src/Illuminate/Routing/Router.php(698): Illuminate\\Routing\\Router->runRouteWithinStack()
#28 /app/www/vendor/laravel/framework/src/Illuminate/Routing/Router.php(662): Illuminate\\Routing\\Router->runRoute()
#29 /app/www/vendor/laravel/framework/src/Illuminate/Routing/Router.php(651): Illuminate\\Routing\\Router->dispatchToRoute()
#30 /app/www/vendor/laravel/framework/src/Illuminate/Foundation/Http/Kernel.php(167): Illuminate\\Routing\\Router->dispatch()
#31 /app/www/vendor/laravel/framework/src/Illuminate/Pipeline/Pipeline.php(128): Illuminate\\Foundation\\Http\\Kernel->Illuminate\\Foundation\\Http\\{closure}()
#32 /app/www/vendor/fideloper/proxy/src/TrustProxies.php(57): Illuminate\\Pipeline\\Pipeline->Illuminate\\Pipeline\\{closure}()
#33 /app/www/vendor/laravel/framework/src/Illuminate/Pipeline/Pipeline.php(167): Fideloper\\Proxy\\TrustProxies->handle()
#34 /app/www/vendor/laravel/framework/src/Illuminate/Foundation/Http/Middleware/TransformsRequest.php(21): Illuminate\\Pipeline\\Pipeline->Illuminate\\Pipeline\\{closure}()
#35 /app/www/vendor/laravel/framework/src/Illuminate/Foundation/Http/Middleware/ConvertEmptyStringsToNull.php(31): Illuminate\\Foundation\\Http\\Middleware\\TransformsRequest->handle()
#36 /app/www/vendor/laravel/framework/src/Illuminate/Pipeline/Pipeline.php(167): Illuminate\\Foundation\\Http\\Middleware\\ConvertEmptyStringsToNull->handle()
#37 /app/www/vendor/laravel/framework/src/Illuminate/Foundation/Http/Middleware/TransformsRequest.php(21): Illuminate\\Pipeline\\Pipeline->Illuminate\\Pipeline\\{closure}()
#38 /app/www/vendor/laravel/framework/src/Illuminate/Foundation/Http/Middleware/TrimStrings.php(40): Illuminate\\Foundation\\Http\\Middleware\\TransformsRequest->handle()
#39 /app/www/vendor/laravel/framework/src/Illuminate/Pipeline/Pipeline.php(167): Illuminate\\Foundation\\Http\\Middleware\\TrimStrings->handle()
#40 /app/www/vendor/laravel/framework/src/Illuminate/Foundation/Http/Middleware/ValidatePostSize.php(27): Illuminate\\Pipeline\\Pipeline->Illuminate\\Pipeline\\{closure}()
#41 /app/www/vendor/laravel/framework/src/Illuminate/Pipeline/Pipeline.php(167): Illuminate\\Foundation\\Http\\Middleware\\ValidatePostSize->handle()
#42 /app/www/vendor/laravel/framework/src/Illuminate/Foundation/Http/Middleware/PreventRequestsDuringMaintenance.php(86): Illuminate\\Pipeline\\Pipeline->Illuminate\\Pipeline\\{closure}()
#43 /app/www/vendor/laravel/framework/src/Illuminate/Pipeline/Pipeline.php(167): Illuminate\\Foundation\\Http\\Middleware\\PreventRequestsDuringMaintenance->handle()
#44 /app/www/vendor/laravel/framework/src/Illuminate/Pipeline/Pipeline.php(103): Illuminate\\Pipeline\\Pipeline->Illuminate\\Pipeline\\{closure}()
#45 /app/www/vendor/laravel/framework/src/Illuminate/Foundation/Http/Kernel.php(142): Illuminate\\Pipeline\\Pipeline->then()
#46 /app/www/vendor/laravel/framework/src/Illuminate/Foundation/Http/Kernel.php(111): Illuminate\\Foundation\\Http\\Kernel->sendRequestThroughRouter()
#47 /app/www/public/index.php(55): Illuminate\\Foundation\\Http\\Kernel->handle()
#48 {main}
"} 
[2023-01-08 05:54:10] local.ERROR: Attempt to read property "cpu" on null {"exception":"[object] (ErrorException(code: 0): Attempt to read property \"cpu\" on null at /config/www/SupportedApps/Proxmox/Proxmox.php:59)
[stacktrace]
#0 /config/www/SupportedApps/Proxmox/Proxmox.php(59): Illuminate\\Foundation\\Bootstrap\\HandleExceptions->handleError()
#1 /app/www/app/Http/Controllers/ItemController.php(503): App\\SupportedApps\\Proxmox\\Proxmox->livestats()
#2 /app/www/vendor/laravel/framework/src/Illuminate/Routing/Controller.php(54): App\\Http\\Controllers\\ItemController->getStats()
#3 /app/www/vendor/laravel/framework/src/Illuminate/Routing/ControllerDispatcher.php(45): Illuminate\\Routing\\Controller->callAction()
#4 /app/www/vendor/laravel/framework/src/Illuminate/Routing/Route.php(262): Illuminate\\Routing\\ControllerDispatcher->dispatch()
#5 /app/www/vendor/laravel/framework/src/Illuminate/Routing/Route.php(205): Illuminate\\Routing\\Route->runController()
#6 /app/www/vendor/laravel/framework/src/Illuminate/Routing/Router.php(721): Illuminate\\Routing\\Route->run()
#7 /app/www/vendor/laravel/framework/src/Illuminate/Pipeline/Pipeline.php(128): Illuminate\\Routing\\Router->Illuminate\\Routing\\{closure}()
#8 /app/www/app/Http/Middleware/CheckAllowed.php(46): Illuminate\\Pipeline\\Pipeline->Illuminate\\Pipeline\\{closure}()
#9 /app/www/vendor/laravel/framework/src/Illuminate/Pipeline/Pipeline.php(167): App\\Http\\Middleware\\CheckAllowed->handle()
#10 /app/www/app/Http/Controllers/Controller.php(22): Illuminate\\Pipeline\\Pipeline->Illuminate\\Pipeline\\{closure}()
#11 /app/www/vendor/laravel/framework/src/Illuminate/Pipeline/Pipeline.php(149): App\\Http\\Controllers\\Controller->App\\Http\\Controllers\\{closure}()
#12 /app/www/vendor/laravel/framework/src/Illuminate/Routing/Middleware/SubstituteBindings.php(50): Illuminate\\Pipeline\\Pipeline->Illuminate\\Pipeline\\{closure}()
#13 /app/www/vendor/laravel/framework/src/Illuminate/Pipeline/Pipeline.php(167): Illuminate\\Routing\\Middleware\\SubstituteBindings->handle()
#14 /app/www/vendor/laravel/framework/src/Illuminate/Foundation/Http/Middleware/VerifyCsrfToken.php(78): Illuminate\\Pipeline\\Pipeline->Illuminate\\Pipeline\\{closure}()
#15 /app/www/vendor/laravel/framework/src/Illuminate/Pipeline/Pipeline.php(167): Illuminate\\Foundation\\Http\\Middleware\\VerifyCsrfToken->handle()
#16 /app/www/vendor/laravel/framework/src/Illuminate/View/Middleware/ShareErrorsFromSession.php(49): Illuminate\\Pipeline\\Pipeline->Illuminate\\Pipeline\\{closure}()
#17 /app/www/vendor/laravel/framework/src/Illuminate/Pipeline/Pipeline.php(167): Illuminate\\View\\Middleware\\ShareErrorsFromSession->handle()
#18 /app/www/vendor/laravel/framework/src/Illuminate/Session/Middleware/StartSession.php(121): Illuminate\\Pipeline\\Pipeline->Illuminate\\Pipeline\\{closure}()
#19 /app/www/vendor/laravel/framework/src/Illuminate/Session/Middleware/StartSession.php(64): Illuminate\\Session\\Middleware\\StartSession->handleStatefulRequest()
#20 /app/www/vendor/laravel/framework/src/Illuminate/Pipeline/Pipeline.php(167): Illuminate\\Session\\Middleware\\StartSession->handle()
#21 /app/www/vendor/laravel/framework/src/Illuminate/Cookie/Middleware/AddQueuedCookiesToResponse.php(37): Illuminate\\Pipeline\\Pipeline->Illuminate\\Pipeline\\{closure}()
#22 /app/www/vendor/laravel/framework/src/Illuminate/Pipeline/Pipeline.php(167): Illuminate\\Cookie\\Middleware\\AddQueuedCookiesToResponse->handle()
#23 /app/www/vendor/laravel/framework/src/Illuminate/Cookie/Middleware/EncryptCookies.php(67): Illuminate\\Pipeline\\Pipeline->Illuminate\\Pipeline\\{closure}()
#24 /app/www/vendor/laravel/framework/src/Illuminate/Pipeline/Pipeline.php(167): Illuminate\\Cookie\\Middleware\\EncryptCookies->handle()
#25 /app/www/vendor/laravel/framework/src/Illuminate/Pipeline/Pipeline.php(103): Illuminate\\Pipeline\\Pipeline->Illuminate\\Pipeline\\{closure}()
#26 /app/www/vendor/laravel/framework/src/Illuminate/Routing/Router.php(723): Illuminate\\Pipeline\\Pipeline->then()
#27 /app/www/vendor/laravel/framework/src/Illuminate/Routing/Router.php(698): Illuminate\\Routing\\Router->runRouteWithinStack()
#28 /app/www/vendor/laravel/framework/src/Illuminate/Routing/Router.php(662): Illuminate\\Routing\\Router->runRoute()
#29 /app/www/vendor/laravel/framework/src/Illuminate/Routing/Router.php(651): Illuminate\\Routing\\Router->dispatchToRoute()
#30 /app/www/vendor/laravel/framework/src/Illuminate/Foundation/Http/Kernel.php(167): Illuminate\\Routing\\Router->dispatch()
#31 /app/www/vendor/laravel/framework/src/Illuminate/Pipeline/Pipeline.php(128): Illuminate\\Foundation\\Http\\Kernel->Illuminate\\Foundation\\Http\\{closure}()
#32 /app/www/vendor/fideloper/proxy/src/TrustProxies.php(57): Illuminate\\Pipeline\\Pipeline->Illuminate\\Pipeline\\{closure}()
#33 /app/www/vendor/laravel/framework/src/Illuminate/Pipeline/Pipeline.php(167): Fideloper\\Proxy\\TrustProxies->handle()
#34 /app/www/vendor/laravel/framework/src/Illuminate/Foundation/Http/Middleware/TransformsRequest.php(21): Illuminate\\Pipeline\\Pipeline->Illuminate\\Pipeline\\{closure}()
#35 /app/www/vendor/laravel/framework/src/Illuminate/Foundation/Http/Middleware/ConvertEmptyStringsToNull.php(31): Illuminate\\Foundation\\Http\\Middleware\\TransformsRequest->handle()
#36 /app/www/vendor/laravel/framework/src/Illuminate/Pipeline/Pipeline.php(167): Illuminate\\Foundation\\Http\\Middleware\\ConvertEmptyStringsToNull->handle()
#37 /app/www/vendor/laravel/framework/src/Illuminate/Foundation/Http/Middleware/TransformsRequest.php(21): Illuminate\\Pipeline\\Pipeline->Illuminate\\Pipeline\\{closure}()
#38 /app/www/vendor/laravel/framework/src/Illuminate/Foundation/Http/Middleware/TrimStrings.php(40): Illuminate\\Foundation\\Http\\Middleware\\TransformsRequest->handle()
#39 /app/www/vendor/laravel/framework/src/Illuminate/Pipeline/Pipeline.php(167): Illuminate\\Foundation\\Http\\Middleware\\TrimStrings->handle()
#40 /app/www/vendor/laravel/framework/src/Illuminate/Foundation/Http/Middleware/ValidatePostSize.php(27): Illuminate\\Pipeline\\Pipeline->Illuminate\\Pipeline\\{closure}()
#41 /app/www/vendor/laravel/framework/src/Illuminate/Pipeline/Pipeline.php(167): Illuminate\\Foundation\\Http\\Middleware\\ValidatePostSize->handle()
#42 /app/www/vendor/laravel/framework/src/Illuminate/Foundation/Http/Middleware/PreventRequestsDuringMaintenance.php(86): Illuminate\\Pipeline\\Pipeline->Illuminate\\Pipeline\\{closure}()
#43 /app/www/vendor/laravel/framework/src/Illuminate/Pipeline/Pipeline.php(167): Illuminate\\Foundation\\Http\\Middleware\\PreventRequestsDuringMaintenance->handle()
#44 /app/www/vendor/laravel/framework/src/Illuminate/Pipeline/Pipeline.php(103): Illuminate\\Pipeline\\Pipeline->Illuminate\\Pipeline\\{closure}()
#45 /app/www/vendor/laravel/framework/src/Illuminate/Foundation/Http/Kernel.php(142): Illuminate\\Pipeline\\Pipeline->then()
#46 /app/www/vendor/laravel/framework/src/Illuminate/Foundation/Http/Kernel.php(111): Illuminate\\Foundation\\Http\\Kernel->sendRequestThroughRouter()
#47 /app/www/public/index.php(55): Illuminate\\Foundation\\Http\\Kernel->handle()
#48 {main}
"} 
[2023-01-08 05:54:35] local.DEBUG: Get app triggered for: 8521f6e426ad621f27a6b48be57a3c6056c9cfd3  
[2023-01-08 05:54:35] local.DEBUG: Download triggered for stdClass Object
(
    [appid] => 8521f6e426ad621f27a6b48be57a3c6056c9cfd3
    [name] => Synology
    [website] => http://synology.com
    [license] => commercial
    [description] => Synology is a popular NAS appliance
    [enhanced] => 
    [tile_background] => light
    [icon] => synology.png
    [sha] => edb5d2969d16b21e4dcb9864c5baa9d49fa2be87
    [class] => \App\SupportedApps\Synology\Synology
)
  
[2023-01-08 05:54:36] local.ERROR: Call to undefined method Illuminate\Support\Facades\Request::input() {"exception":"[object] (Error(code: 0): Call to undefined method Illuminate\\Support\\Facades\\Request::input() at /app/www/routes/web.php:86)
[stacktrace]
#0 /app/www/vendor/laravel/framework/src/Illuminate/Routing/Route.php(238): Illuminate\\Routing\\RouteFileRegistrar->{closure}()
#1 /app/www/vendor/laravel/framework/src/Illuminate/Routing/Route.php(208): Illuminate\\Routing\\Route->runCallable()
#2 /app/www/vendor/laravel/framework/src/Illuminate/Routing/Router.php(721): Illuminate\\Routing\\Route->run()
#3 /app/www/vendor/laravel/framework/src/Illuminate/Pipeline/Pipeline.php(128): Illuminate\\Routing\\Router->Illuminate\\Routing\\{closure}()
#4 /app/www/vendor/laravel/framework/src/Illuminate/Routing/Middleware/SubstituteBindings.php(50): Illuminate\\Pipeline\\Pipeline->Illuminate\\Pipeline\\{closure}()
#5 /app/www/vendor/laravel/framework/src/Illuminate/Pipeline/Pipeline.php(167): Illuminate\\Routing\\Middleware\\SubstituteBindings->handle()
#6 /app/www/vendor/laravel/framework/src/Illuminate/Foundation/Http/Middleware/VerifyCsrfToken.php(78): Illuminate\\Pipeline\\Pipeline->Illuminate\\Pipeline\\{closure}()
#7 /app/www/vendor/laravel/framework/src/Illuminate/Pipeline/Pipeline.php(167): Illuminate\\Foundation\\Http\\Middleware\\VerifyCsrfToken->handle()
#8 /app/www/vendor/laravel/framework/src/Illuminate/View/Middleware/ShareErrorsFromSession.php(49): Illuminate\\Pipeline\\Pipeline->Illuminate\\Pipeline\\{closure}()
#9 /app/www/vendor/laravel/framework/src/Illuminate/Pipeline/Pipeline.php(167): Illuminate\\View\\Middleware\\ShareErrorsFromSession->handle()
#10 /app/www/vendor/laravel/framework/src/Illuminate/Session/Middleware/StartSession.php(121): Illuminate\\Pipeline\\Pipeline->Illuminate\\Pipeline\\{closure}()
#11 /app/www/vendor/laravel/framework/src/Illuminate/Session/Middleware/StartSession.php(64): Illuminate\\Session\\Middleware\\StartSession->handleStatefulRequest()
#12 /app/www/vendor/laravel/framework/src/Illuminate/Pipeline/Pipeline.php(167): Illuminate\\Session\\Middleware\\StartSession->handle()
#13 /app/www/vendor/laravel/framework/src/Illuminate/Cookie/Middleware/AddQueuedCookiesToResponse.php(37): Illuminate\\Pipeline\\Pipeline->Illuminate\\Pipeline\\{closure}()
#14 /app/www/vendor/laravel/framework/src/Illuminate/Pipeline/Pipeline.php(167): Illuminate\\Cookie\\Middleware\\AddQueuedCookiesToResponse->handle()
#15 /app/www/vendor/laravel/framework/src/Illuminate/Cookie/Middleware/EncryptCookies.php(67): Illuminate\\Pipeline\\Pipeline->Illuminate\\Pipeline\\{closure}()
#16 /app/www/vendor/laravel/framework/src/Illuminate/Pipeline/Pipeline.php(167): Illuminate\\Cookie\\Middleware\\EncryptCookies->handle()
#17 /app/www/vendor/laravel/framework/src/Illuminate/Pipeline/Pipeline.php(103): Illuminate\\Pipeline\\Pipeline->Illuminate\\Pipeline\\{closure}()
#18 /app/www/vendor/laravel/framework/src/Illuminate/Routing/Router.php(723): Illuminate\\Pipeline\\Pipeline->then()
#19 /app/www/vendor/laravel/framework/src/Illuminate/Routing/Router.php(698): Illuminate\\Routing\\Router->runRouteWithinStack()
#20 /app/www/vendor/laravel/framework/src/Illuminate/Routing/Router.php(662): Illuminate\\Routing\\Router->runRoute()
#21 /app/www/vendor/laravel/framework/src/Illuminate/Routing/Router.php(651): Illuminate\\Routing\\Router->dispatchToRoute()
#22 /app/www/vendor/laravel/framework/src/Illuminate/Foundation/Http/Kernel.php(167): Illuminate\\Routing\\Router->dispatch()
#23 /app/www/vendor/laravel/framework/src/Illuminate/Pipeline/Pipeline.php(128): Illuminate\\Foundation\\Http\\Kernel->Illuminate\\Foundation\\Http\\{closure}()
#24 /app/www/vendor/fideloper/proxy/src/TrustProxies.php(57): Illuminate\\Pipeline\\Pipeline->Illuminate\\Pipeline\\{closure}()
#25 /app/www/vendor/laravel/framework/src/Illuminate/Pipeline/Pipeline.php(167): Fideloper\\Proxy\\TrustProxies->handle()
#26 /app/www/vendor/laravel/framework/src/Illuminate/Foundation/Http/Middleware/TransformsRequest.php(21): Illuminate\\Pipeline\\Pipeline->Illuminate\\Pipeline\\{closure}()
#27 /app/www/vendor/laravel/framework/src/Illuminate/Foundation/Http/Middleware/ConvertEmptyStringsToNull.php(31): Illuminate\\Foundation\\Http\\Middleware\\TransformsRequest->handle()
#28 /app/www/vendor/laravel/framework/src/Illuminate/Pipeline/Pipeline.php(167): Illuminate\\Foundation\\Http\\Middleware\\ConvertEmptyStringsToNull->handle()
#29 /app/www/vendor/laravel/framework/src/Illuminate/Foundation/Http/Middleware/TransformsRequest.php(21): Illuminate\\Pipeline\\Pipeline->Illuminate\\Pipeline\\{closure}()
#30 /app/www/vendor/laravel/framework/src/Illuminate/Foundation/Http/Middleware/TrimStrings.php(40): Illuminate\\Foundation\\Http\\Middleware\\TransformsRequest->handle()
#31 /app/www/vendor/laravel/framework/src/Illuminate/Pipeline/Pipeline.php(167): Illuminate\\Foundation\\Http\\Middleware\\TrimStrings->handle()
#32 /app/www/vendor/laravel/framework/src/Illuminate/Foundation/Http/Middleware/ValidatePostSize.php(27): Illuminate\\Pipeline\\Pipeline->Illuminate\\Pipeline\\{closure}()
#33 /app/www/vendor/laravel/framework/src/Illuminate/Pipeline/Pipeline.php(167): Illuminate\\Foundation\\Http\\Middleware\\ValidatePostSize->handle()
#34 /app/www/vendor/laravel/framework/src/Illuminate/Foundation/Http/Middleware/PreventRequestsDuringMaintenance.php(86): Illuminate\\Pipeline\\Pipeline->Illuminate\\Pipeline\\{closure}()
#35 /app/www/vendor/laravel/framework/src/Illuminate/Pipeline/Pipeline.php(167): Illuminate\\Foundation\\Http\\Middleware\\PreventRequestsDuringMaintenance->handle()
#36 /app/www/vendor/laravel/framework/src/Illuminate/Pipeline/Pipeline.php(103): Illuminate\\Pipeline\\Pipeline->Illuminate\\Pipeline\\{closure}()
#37 /app/www/vendor/laravel/framework/src/Illuminate/Foundation/Http/Kernel.php(142): Illuminate\\Pipeline\\Pipeline->then()
#38 /app/www/vendor/laravel/framework/src/Illuminate/Foundation/Http/Kernel.php(111): Illuminate\\Foundation\\Http\\Kernel->sendRequestThroughRouter()
#39 /app/www/public/index.php(55): Illuminate\\Foundation\\Http\\Kernel->handle()
#40 {main}
"} 
[2023-01-08 05:54:57] local.ERROR: Attempt to read property "cpu" on null {"exception":"[object] (ErrorException(code: 0): Attempt to read property \"cpu\" on null at /config/www/SupportedApps/Proxmox/Proxmox.php:59)
[stacktrace]
#0 /config/www/SupportedApps/Proxmox/Proxmox.php(59): Illuminate\\Foundation\\Bootstrap\\HandleExceptions->handleError()
#1 /app/www/app/Http/Controllers/ItemController.php(503): App\\SupportedApps\\Proxmox\\Proxmox->livestats()
#2 /app/www/vendor/laravel/framework/src/Illuminate/Routing/Controller.php(54): App\\Http\\Controllers\\ItemController->getStats()
#3 /app/www/vendor/laravel/framework/src/Illuminate/Routing/ControllerDispatcher.php(45): Illuminate\\Routing\\Controller->callAction()
#4 /app/www/vendor/laravel/framework/src/Illuminate/Routing/Route.php(262): Illuminate\\Routing\\ControllerDispatcher->dispatch()
#5 /app/www/vendor/laravel/framework/src/Illuminate/Routing/Route.php(205): Illuminate\\Routing\\Route->runController()
#6 /app/www/vendor/laravel/framework/src/Illuminate/Routing/Router.php(721): Illuminate\\Routing\\Route->run()
#7 /app/www/vendor/laravel/framework/src/Illuminate/Pipeline/Pipeline.php(128): Illuminate\\Routing\\Router->Illuminate\\Routing\\{closure}()
#8 /app/www/app/Http/Middleware/CheckAllowed.php(46): Illuminate\\Pipeline\\Pipeline->Illuminate\\Pipeline\\{closure}()
#9 /app/www/vendor/laravel/framework/src/Illuminate/Pipeline/Pipeline.php(167): App\\Http\\Middleware\\CheckAllowed->handle()
#10 /app/www/app/Http/Controllers/Controller.php(22): Illuminate\\Pipeline\\Pipeline->Illuminate\\Pipeline\\{closure}()
#11 /app/www/vendor/laravel/framework/src/Illuminate/Pipeline/Pipeline.php(149): App\\Http\\Controllers\\Controller->App\\Http\\Controllers\\{closure}()
#12 /app/www/vendor/laravel/framework/src/Illuminate/Routing/Middleware/SubstituteBindings.php(50): Illuminate\\Pipeline\\Pipeline->Illuminate\\Pipeline\\{closure}()
#13 /app/www/vendor/laravel/framework/src/Illuminate/Pipeline/Pipeline.php(167): Illuminate\\Routing\\Middleware\\SubstituteBindings->handle()
#14 /app/www/vendor/laravel/framework/src/Illuminate/Foundation/Http/Middleware/VerifyCsrfToken.php(78): Illuminate\\Pipeline\\Pipeline->Illuminate\\Pipeline\\{closure}()
#15 /app/www/vendor/laravel/framework/src/Illuminate/Pipeline/Pipeline.php(167): Illuminate\\Foundation\\Http\\Middleware\\VerifyCsrfToken->handle()
#16 /app/www/vendor/laravel/framework/src/Illuminate/View/Middleware/ShareErrorsFromSession.php(49): Illuminate\\Pipeline\\Pipeline->Illuminate\\Pipeline\\{closure}()
#17 /app/www/vendor/laravel/framework/src/Illuminate/Pipeline/Pipeline.php(167): Illuminate\\View\\Middleware\\ShareErrorsFromSession->handle()
#18 /app/www/vendor/laravel/framework/src/Illuminate/Session/Middleware/StartSession.php(121): Illuminate\\Pipeline\\Pipeline->Illuminate\\Pipeline\\{closure}()
#19 /app/www/vendor/laravel/framework/src/Illuminate/Session/Middleware/StartSession.php(64): Illuminate\\Session\\Middleware\\StartSession->handleStatefulRequest()
#20 /app/www/vendor/laravel/framework/src/Illuminate/Pipeline/Pipeline.php(167): Illuminate\\Session\\Middleware\\StartSession->handle()
#21 /app/www/vendor/laravel/framework/src/Illuminate/Cookie/Middleware/AddQueuedCookiesToResponse.php(37): Illuminate\\Pipeline\\Pipeline->Illuminate\\Pipeline\\{closure}()
#22 /app/www/vendor/laravel/framework/src/Illuminate/Pipeline/Pipeline.php(167): Illuminate\\Cookie\\Middleware\\AddQueuedCookiesToResponse->handle()
#23 /app/www/vendor/laravel/framework/src/Illuminate/Cookie/Middleware/EncryptCookies.php(67): Illuminate\\Pipeline\\Pipeline->Illuminate\\Pipeline\\{closure}()
#24 /app/www/vendor/laravel/framework/src/Illuminate/Pipeline/Pipeline.php(167): Illuminate\\Cookie\\Middleware\\EncryptCookies->handle()
#25 /app/www/vendor/laravel/framework/src/Illuminate/Pipeline/Pipeline.php(103): Illuminate\\Pipeline\\Pipeline->Illuminate\\Pipeline\\{closure}()
#26 /app/www/vendor/laravel/framework/src/Illuminate/Routing/Router.php(723): Illuminate\\Pipeline\\Pipeline->then()
#27 /app/www/vendor/laravel/framework/src/Illuminate/Routing/Router.php(698): Illuminate\\Routing\\Router->runRouteWithinStack()
#28 /app/www/vendor/laravel/framework/src/Illuminate/Routing/Router.php(662): Illuminate\\Routing\\Router->runRoute()
#29 /app/www/vendor/laravel/framework/src/Illuminate/Routing/Router.php(651): Illuminate\\Routing\\Router->dispatchToRoute()
#30 /app/www/vendor/laravel/framework/src/Illuminate/Foundation/Http/Kernel.php(167): Illuminate\\Routing\\Router->dispatch()
#31 /app/www/vendor/laravel/framework/src/Illuminate/Pipeline/Pipeline.php(128): Illuminate\\Foundation\\Http\\Kernel->Illuminate\\Foundation\\Http\\{closure}()
#32 /app/www/vendor/fideloper/proxy/src/TrustProxies.php(57): Illuminate\\Pipeline\\Pipeline->Illuminate\\Pipeline\\{closure}()
#33 /app/www/vendor/laravel/framework/src/Illuminate/Pipeline/Pipeline.php(167): Fideloper\\Proxy\\TrustProxies->handle()
#34 /app/www/vendor/laravel/framework/src/Illuminate/Foundation/Http/Middleware/TransformsRequest.php(21): Illuminate\\Pipeline\\Pipeline->Illuminate\\Pipeline\\{closure}()
#35 /app/www/vendor/laravel/framework/src/Illuminate/Foundation/Http/Middleware/ConvertEmptyStringsToNull.php(31): Illuminate\\Foundation\\Http\\Middleware\\TransformsRequest->handle()
#36 /app/www/vendor/laravel/framework/src/Illuminate/Pipeline/Pipeline.php(167): Illuminate\\Foundation\\Http\\Middleware\\ConvertEmptyStringsToNull->handle()
#37 /app/www/vendor/laravel/framework/src/Illuminate/Foundation/Http/Middleware/TransformsRequest.php(21): Illuminate\\Pipeline\\Pipeline->Illuminate\\Pipeline\\{closure}()
#38 /app/www/vendor/laravel/framework/src/Illuminate/Foundation/Http/Middleware/TrimStrings.php(40): Illuminate\\Foundation\\Http\\Middleware\\TransformsRequest->handle()
#39 /app/www/vendor/laravel/framework/src/Illuminate/Pipeline/Pipeline.php(167): Illuminate\\Foundation\\Http\\Middleware\\TrimStrings->handle()
#40 /app/www/vendor/laravel/framework/src/Illuminate/Foundation/Http/Middleware/ValidatePostSize.php(27): Illuminate\\Pipeline\\Pipeline->Illuminate\\Pipeline\\{closure}()
#41 /app/www/vendor/laravel/framework/src/Illuminate/Pipeline/Pipeline.php(167): Illuminate\\Foundation\\Http\\Middleware\\ValidatePostSize->handle()
#42 /app/www/vendor/laravel/framework/src/Illuminate/Foundation/Http/Middleware/PreventRequestsDuringMaintenance.php(86): Illuminate\\Pipeline\\Pipeline->Illuminate\\Pipeline\\{closure}()
#43 /app/www/vendor/laravel/framework/src/Illuminate/Pipeline/Pipeline.php(167): Illuminate\\Foundation\\Http\\Middleware\\PreventRequestsDuringMaintenance->handle()
#44 /app/www/vendor/laravel/framework/src/Illuminate/Pipeline/Pipeline.php(103): Illuminate\\Pipeline\\Pipeline->Illuminate\\Pipeline\\{closure}()
#45 /app/www/vendor/laravel/framework/src/Illuminate/Foundation/Http/Kernel.php(142): Illuminate\\Pipeline\\Pipeline->then()
#46 /app/www/vendor/laravel/framework/src/Illuminate/Foundation/Http/Kernel.php(111): Illuminate\\Foundation\\Http\\Kernel->sendRequestThroughRouter()
#47 /app/www/public/index.php(55): Illuminate\\Foundation\\Http\\Kernel->handle()
#48 {main}
"} 
[2023-01-08 05:54:57] local.ERROR: Attempt to read property "cpu" on null {"exception":"[object] (ErrorException(code: 0): Attempt to read property \"cpu\" on null at /config/www/SupportedApps/Proxmox/Proxmox.php:59)
[stacktrace]
#0 /config/www/SupportedApps/Proxmox/Proxmox.php(59): Illuminate\\Foundation\\Bootstrap\\HandleExceptions->handleError()
#1 /app/www/app/Http/Controllers/ItemController.php(503): App\\SupportedApps\\Proxmox\\Proxmox->livestats()
#2 /app/www/vendor/laravel/framework/src/Illuminate/Routing/Controller.php(54): App\\Http\\Controllers\\ItemController->getStats()
#3 /app/www/vendor/laravel/framework/src/Illuminate/Routing/ControllerDispatcher.php(45): Illuminate\\Routing\\Controller->callAction()
#4 /app/www/vendor/laravel/framework/src/Illuminate/Routing/Route.php(262): Illuminate\\Routing\\ControllerDispatcher->dispatch()
#5 /app/www/vendor/laravel/framework/src/Illuminate/Routing/Route.php(205): Illuminate\\Routing\\Route->runController()
#6 /app/www/vendor/laravel/framework/src/Illuminate/Routing/Router.php(721): Illuminate\\Routing\\Route->run()
#7 /app/www/vendor/laravel/framework/src/Illuminate/Pipeline/Pipeline.php(128): Illuminate\\Routing\\Router->Illuminate\\Routing\\{closure}()
#8 /app/www/app/Http/Middleware/CheckAllowed.php(46): Illuminate\\Pipeline\\Pipeline->Illuminate\\Pipeline\\{closure}()
#9 /app/www/vendor/laravel/framework/src/Illuminate/Pipeline/Pipeline.php(167): App\\Http\\Middleware\\CheckAllowed->handle()
#10 /app/www/app/Http/Controllers/Controller.php(22): Illuminate\\Pipeline\\Pipeline->Illuminate\\Pipeline\\{closure}()
#11 /app/www/vendor/laravel/framework/src/Illuminate/Pipeline/Pipeline.php(149): App\\Http\\Controllers\\Controller->App\\Http\\Controllers\\{closure}()
#12 /app/www/vendor/laravel/framework/src/Illuminate/Routing/Middleware/SubstituteBindings.php(50): Illuminate\\Pipeline\\Pipeline->Illuminate\\Pipeline\\{closure}()
#13 /app/www/vendor/laravel/framework/src/Illuminate/Pipeline/Pipeline.php(167): Illuminate\\Routing\\Middleware\\SubstituteBindings->handle()
#14 /app/www/vendor/laravel/framework/src/Illuminate/Foundation/Http/Middleware/VerifyCsrfToken.php(78): Illuminate\\Pipeline\\Pipeline->Illuminate\\Pipeline\\{closure}()
#15 /app/www/vendor/laravel/framework/src/Illuminate/Pipeline/Pipeline.php(167): Illuminate\\Foundation\\Http\\Middleware\\VerifyCsrfToken->handle()
#16 /app/www/vendor/laravel/framework/src/Illuminate/View/Middleware/ShareErrorsFromSession.php(49): Illuminate\\Pipeline\\Pipeline->Illuminate\\Pipeline\\{closure}()
#17 /app/www/vendor/laravel/framework/src/Illuminate/Pipeline/Pipeline.php(167): Illuminate\\View\\Middleware\\ShareErrorsFromSession->handle()
#18 /app/www/vendor/laravel/framework/src/Illuminate/Session/Middleware/StartSession.php(121): Illuminate\\Pipeline\\Pipeline->Illuminate\\Pipeline\\{closure}()
#19 /app/www/vendor/laravel/framework/src/Illuminate/Session/Middleware/StartSession.php(64): Illuminate\\Session\\Middleware\\StartSession->handleStatefulRequest()
#20 /app/www/vendor/laravel/framework/src/Illuminate/Pipeline/Pipeline.php(167): Illuminate\\Session\\Middleware\\StartSession->handle()
#21 /app/www/vendor/laravel/framework/src/Illuminate/Cookie/Middleware/AddQueuedCookiesToResponse.php(37): Illuminate\\Pipeline\\Pipeline->Illuminate\\Pipeline\\{closure}()
#22 /app/www/vendor/laravel/framework/src/Illuminate/Pipeline/Pipeline.php(167): Illuminate\\Cookie\\Middleware\\AddQueuedCookiesToResponse->handle()
#23 /app/www/vendor/laravel/framework/src/Illuminate/Cookie/Middleware/EncryptCookies.php(67): Illuminate\\Pipeline\\Pipeline->Illuminate\\Pipeline\\{closure}()
#24 /app/www/vendor/laravel/framework/src/Illuminate/Pipeline/Pipeline.php(167): Illuminate\\Cookie\\Middleware\\EncryptCookies->handle()
#25 /app/www/vendor/laravel/framework/src/Illuminate/Pipeline/Pipeline.php(103): Illuminate\\Pipeline\\Pipeline->Illuminate\\Pipeline\\{closure}()
#26 /app/www/vendor/laravel/framework/src/Illuminate/Routing/Router.php(723): Illuminate\\Pipeline\\Pipeline->then()
#27 /app/www/vendor/laravel/framework/src/Illuminate/Routing/Router.php(698): Illuminate\\Routing\\Router->runRouteWithinStack()
#28 /app/www/vendor/laravel/framework/src/Illuminate/Routing/Router.php(662): Illuminate\\Routing\\Router->runRoute()
#29 /app/www/vendor/laravel/framework/src/Illuminate/Routing/Router.php(651): Illuminate\\Routing\\Router->dispatchToRoute()
#30 /app/www/vendor/laravel/framework/src/Illuminate/Foundation/Http/Kernel.php(167): Illuminate\\Routing\\Router->dispatch()
#31 /app/www/vendor/laravel/framework/src/Illuminate/Pipeline/Pipeline.php(128): Illuminate\\Foundation\\Http\\Kernel->Illuminate\\Foundation\\Http\\{closure}()
#32 /app/www/vendor/fideloper/proxy/src/TrustProxies.php(57): Illuminate\\Pipeline\\Pipeline->Illuminate\\Pipeline\\{closure}()
#33 /app/www/vendor/laravel/framework/src/Illuminate/Pipeline/Pipeline.php(167): Fideloper\\Proxy\\TrustProxies->handle()
#34 /app/www/vendor/laravel/framework/src/Illuminate/Foundation/Http/Middleware/TransformsRequest.php(21): Illuminate\\Pipeline\\Pipeline->Illuminate\\Pipeline\\{closure}()
#35 /app/www/vendor/laravel/framework/src/Illuminate/Foundation/Http/Middleware/ConvertEmptyStringsToNull.php(31): Illuminate\\Foundation\\Http\\Middleware\\TransformsRequest->handle()
#36 /app/www/vendor/laravel/framework/src/Illuminate/Pipeline/Pipeline.php(167): Illuminate\\Foundation\\Http\\Middleware\\ConvertEmptyStringsToNull->handle()
#37 /app/www/vendor/laravel/framework/src/Illuminate/Foundation/Http/Middleware/TransformsRequest.php(21): Illuminate\\Pipeline\\Pipeline->Illuminate\\Pipeline\\{closure}()
#38 /app/www/vendor/laravel/framework/src/Illuminate/Foundation/Http/Middleware/TrimStrings.php(40): Illuminate\\Foundation\\Http\\Middleware\\TransformsRequest->handle()
#39 /app/www/vendor/laravel/framework/src/Illuminate/Pipeline/Pipeline.php(167): Illuminate\\Foundation\\Http\\Middleware\\TrimStrings->handle()
#40 /app/www/vendor/laravel/framework/src/Illuminate/Foundation/Http/Middleware/ValidatePostSize.php(27): Illuminate\\Pipeline\\Pipeline->Illuminate\\Pipeline\\{closure}()
#41 /app/www/vendor/laravel/framework/src/Illuminate/Pipeline/Pipeline.php(167): Illuminate\\Foundation\\Http\\Middleware\\ValidatePostSize->handle()
#42 /app/www/vendor/laravel/framework/src/Illuminate/Foundation/Http/Middleware/PreventRequestsDuringMaintenance.php(86): Illuminate\\Pipeline\\Pipeline->Illuminate\\Pipeline\\{closure}()
#43 /app/www/vendor/laravel/framework/src/Illuminate/Pipeline/Pipeline.php(167): Illuminate\\Foundation\\Http\\Middleware\\PreventRequestsDuringMaintenance->handle()
#44 /app/www/vendor/laravel/framework/src/Illuminate/Pipeline/Pipeline.php(103): Illuminate\\Pipeline\\Pipeline->Illuminate\\Pipeline\\{closure}()
#45 /app/www/vendor/laravel/framework/src/Illuminate/Foundation/Http/Kernel.php(142): Illuminate\\Pipeline\\Pipeline->then()
#46 /app/www/vendor/laravel/framework/src/Illuminate/Foundation/Http/Kernel.php(111): Illuminate\\Foundation\\Http\\Kernel->sendRequestThroughRouter()
#47 /app/www/public/index.php(55): Illuminate\\Foundation\\Http\\Kernel->handle()
#48 {main}
"} 
[2023-01-08 05:54:57] local.ERROR: Attempt to read property "cpu" on null {"exception":"[object] (ErrorException(code: 0): Attempt to read property \"cpu\" on null at /config/www/SupportedApps/Proxmox/Proxmox.php:59)
[stacktrace]
#0 /config/www/SupportedApps/Proxmox/Proxmox.php(59): Illuminate\\Foundation\\Bootstrap\\HandleExceptions->handleError()
#1 /app/www/app/Http/Controllers/ItemController.php(503): App\\SupportedApps\\Proxmox\\Proxmox->livestats()
#2 /app/www/vendor/laravel/framework/src/Illuminate/Routing/Controller.php(54): App\\Http\\Controllers\\ItemController->getStats()
#3 /app/www/vendor/laravel/framework/src/Illuminate/Routing/ControllerDispatcher.php(45): Illuminate\\Routing\\Controller->callAction()
#4 /app/www/vendor/laravel/framework/src/Illuminate/Routing/Route.php(262): Illuminate\\Routing\\ControllerDispatcher->dispatch()
#5 /app/www/vendor/laravel/framework/src/Illuminate/Routing/Route.php(205): Illuminate\\Routing\\Route->runController()
#6 /app/www/vendor/laravel/framework/src/Illuminate/Routing/Router.php(721): Illuminate\\Routing\\Route->run()
#7 /app/www/vendor/laravel/framework/src/Illuminate/Pipeline/Pipeline.php(128): Illuminate\\Routing\\Router->Illuminate\\Routing\\{closure}()
#8 /app/www/app/Http/Middleware/CheckAllowed.php(46): Illuminate\\Pipeline\\Pipeline->Illuminate\\Pipeline\\{closure}()
#9 /app/www/vendor/laravel/framework/src/Illuminate/Pipeline/Pipeline.php(167): App\\Http\\Middleware\\CheckAllowed->handle()
#10 /app/www/app/Http/Controllers/Controller.php(22): Illuminate\\Pipeline\\Pipeline->Illuminate\\Pipeline\\{closure}()
#11 /app/www/vendor/laravel/framework/src/Illuminate/Pipeline/Pipeline.php(149): App\\Http\\Controllers\\Controller->App\\Http\\Controllers\\{closure}()
#12 /app/www/vendor/laravel/framework/src/Illuminate/Routing/Middleware/SubstituteBindings.php(50): Illuminate\\Pipeline\\Pipeline->Illuminate\\Pipeline\\{closure}()
#13 /app/www/vendor/laravel/framework/src/Illuminate/Pipeline/Pipeline.php(167): Illuminate\\Routing\\Middleware\\SubstituteBindings->handle()
#14 /app/www/vendor/laravel/framework/src/Illuminate/Foundation/Http/Middleware/VerifyCsrfToken.php(78): Illuminate\\Pipeline\\Pipeline->Illuminate\\Pipeline\\{closure}()
#15 /app/www/vendor/laravel/framework/src/Illuminate/Pipeline/Pipeline.php(167): Illuminate\\Foundation\\Http\\Middleware\\VerifyCsrfToken->handle()
#16 /app/www/vendor/laravel/framework/src/Illuminate/View/Middleware/ShareErrorsFromSession.php(49): Illuminate\\Pipeline\\Pipeline->Illuminate\\Pipeline\\{closure}()
#17 /app/www/vendor/laravel/framework/src/Illuminate/Pipeline/Pipeline.php(167): Illuminate\\View\\Middleware\\ShareErrorsFromSession->handle()
#18 /app/www/vendor/laravel/framework/src/Illuminate/Session/Middleware/StartSession.php(121): Illuminate\\Pipeline\\Pipeline->Illuminate\\Pipeline\\{closure}()
#19 /app/www/vendor/laravel/framework/src/Illuminate/Session/Middleware/StartSession.php(64): Illuminate\\Session\\Middleware\\StartSession->handleStatefulRequest()
#20 /app/www/vendor/laravel/framework/src/Illuminate/Pipeline/Pipeline.php(167): Illuminate\\Session\\Middleware\\StartSession->handle()
#21 /app/www/vendor/laravel/framework/src/Illuminate/Cookie/Middleware/AddQueuedCookiesToResponse.php(37): Illuminate\\Pipeline\\Pipeline->Illuminate\\Pipeline\\{closure}()
#22 /app/www/vendor/laravel/framework/src/Illuminate/Pipeline/Pipeline.php(167): Illuminate\\Cookie\\Middleware\\AddQueuedCookiesToResponse->handle()
#23 /app/www/vendor/laravel/framework/src/Illuminate/Cookie/Middleware/EncryptCookies.php(67): Illuminate\\Pipeline\\Pipeline->Illuminate\\Pipeline\\{closure}()
#24 /app/www/vendor/laravel/framework/src/Illuminate/Pipeline/Pipeline.php(167): Illuminate\\Cookie\\Middleware\\EncryptCookies->handle()
#25 /app/www/vendor/laravel/framework/src/Illuminate/Pipeline/Pipeline.php(103): Illuminate\\Pipeline\\Pipeline->Illuminate\\Pipeline\\{closure}()
#26 /app/www/vendor/laravel/framework/src/Illuminate/Routing/Router.php(723): Illuminate\\Pipeline\\Pipeline->then()
#27 /app/www/vendor/laravel/framework/src/Illuminate/Routing/Router.php(698): Illuminate\\Routing\\Router->runRouteWithinStack()
#28 /app/www/vendor/laravel/framework/src/Illuminate/Routing/Router.php(662): Illuminate\\Routing\\Router->runRoute()
#29 /app/www/vendor/laravel/framework/src/Illuminate/Routing/Router.php(651): Illuminate\\Routing\\Router->dispatchToRoute()
#30 /app/www/vendor/laravel/framework/src/Illuminate/Foundation/Http/Kernel.php(167): Illuminate\\Routing\\Router->dispatch()
#31 /app/www/vendor/laravel/framework/src/Illuminate/Pipeline/Pipeline.php(128): Illuminate\\Foundation\\Http\\Kernel->Illuminate\\Foundation\\Http\\{closure}()
#32 /app/www/vendor/fideloper/proxy/src/TrustProxies.php(57): Illuminate\\Pipeline\\Pipeline->Illuminate\\Pipeline\\{closure}()
#33 /app/www/vendor/laravel/framework/src/Illuminate/Pipeline/Pipeline.php(167): Fideloper\\Proxy\\TrustProxies->handle()
#34 /app/www/vendor/laravel/framework/src/Illuminate/Foundation/Http/Middleware/TransformsRequest.php(21): Illuminate\\Pipeline\\Pipeline->Illuminate\\Pipeline\\{closure}()
#35 /app/www/vendor/laravel/framework/src/Illuminate/Foundation/Http/Middleware/ConvertEmptyStringsToNull.php(31): Illuminate\\Foundation\\Http\\Middleware\\TransformsRequest->handle()
#36 /app/www/vendor/laravel/framework/src/Illuminate/Pipeline/Pipeline.php(167): Illuminate\\Foundation\\Http\\Middleware\\ConvertEmptyStringsToNull->handle()
#37 /app/www/vendor/laravel/framework/src/Illuminate/Foundation/Http/Middleware/TransformsRequest.php(21): Illuminate\\Pipeline\\Pipeline->Illuminate\\Pipeline\\{closure}()
#38 /app/www/vendor/laravel/framework/src/Illuminate/Foundation/Http/Middleware/TrimStrings.php(40): Illuminate\\Foundation\\Http\\Middleware\\TransformsRequest->handle()
#39 /app/www/vendor/laravel/framework/src/Illuminate/Pipeline/Pipeline.php(167): Illuminate\\Foundation\\Http\\Middleware\\TrimStrings->handle()
#40 /app/www/vendor/laravel/framework/src/Illuminate/Foundation/Http/Middleware/ValidatePostSize.php(27): Illuminate\\Pipeline\\Pipeline->Illuminate\\Pipeline\\{closure}()
#41 /app/www/vendor/laravel/framework/src/Illuminate/Pipeline/Pipeline.php(167): Illuminate\\Foundation\\Http\\Middleware\\ValidatePostSize->handle()
#42 /app/www/vendor/laravel/framework/src/Illuminate/Foundation/Http/Middleware/PreventRequestsDuringMaintenance.php(86): Illuminate\\Pipeline\\Pipeline->Illuminate\\Pipeline\\{closure}()
#43 /app/www/vendor/laravel/framework/src/Illuminate/Pipeline/Pipeline.php(167): Illuminate\\Foundation\\Http\\Middleware\\PreventRequestsDuringMaintenance->handle()
#44 /app/www/vendor/laravel/framework/src/Illuminate/Pipeline/Pipeline.php(103): Illuminate\\Pipeline\\Pipeline->Illuminate\\Pipeline\\{closure}()
#45 /app/www/vendor/laravel/framework/src/Illuminate/Foundation/Http/Kernel.php(142): Illuminate\\Pipeline\\Pipeline->then()
#46 /app/www/vendor/laravel/framework/src/Illuminate/Foundation/Http/Kernel.php(111): Illuminate\\Foundation\\Http\\Kernel->sendRequestThroughRouter()
#47 /app/www/public/index.php(55): Illuminate\\Foundation\\Http\\Kernel->handle()
#48 {main}
"} 
[2023-01-08 05:55:25] local.DEBUG: Get app triggered for: 77eb1db6cb81b3cb088d36ab7aae8f230dcfaa28  
[2023-01-08 05:55:25] local.DEBUG: Download triggered for stdClass Object
(
    [appid] => 77eb1db6cb81b3cb088d36ab7aae8f230dcfaa28
    [name] => Router
    [website] => https://en.wikipedia.org/wiki/Router_(computing)
    [license] => Commercial
    [description] => A router is a networking device that forwards data packets between computer networks.
    [enhanced] => 
    [tile_background] => light
    [icon] => router.svg
    [sha] => bbb9749b2e856f9667b36d723165014250b1d5dd
    [class] => \App\SupportedApps\Router\Router
)
  
[2023-01-08 05:55:26] local.ERROR: Call to undefined method Illuminate\Support\Facades\Request::input() {"exception":"[object] (Error(code: 0): Call to undefined method Illuminate\\Support\\Facades\\Request::input() at /app/www/routes/web.php:86)
[stacktrace]
#0 /app/www/vendor/laravel/framework/src/Illuminate/Routing/Route.php(238): Illuminate\\Routing\\RouteFileRegistrar->{closure}()
#1 /app/www/vendor/laravel/framework/src/Illuminate/Routing/Route.php(208): Illuminate\\Routing\\Route->runCallable()
#2 /app/www/vendor/laravel/framework/src/Illuminate/Routing/Router.php(721): Illuminate\\Routing\\Route->run()
#3 /app/www/vendor/laravel/framework/src/Illuminate/Pipeline/Pipeline.php(128): Illuminate\\Routing\\Router->Illuminate\\Routing\\{closure}()
#4 /app/www/vendor/laravel/framework/src/Illuminate/Routing/Middleware/SubstituteBindings.php(50): Illuminate\\Pipeline\\Pipeline->Illuminate\\Pipeline\\{closure}()
#5 /app/www/vendor/laravel/framework/src/Illuminate/Pipeline/Pipeline.php(167): Illuminate\\Routing\\Middleware\\SubstituteBindings->handle()
#6 /app/www/vendor/laravel/framework/src/Illuminate/Foundation/Http/Middleware/VerifyCsrfToken.php(78): Illuminate\\Pipeline\\Pipeline->Illuminate\\Pipeline\\{closure}()
#7 /app/www/vendor/laravel/framework/src/Illuminate/Pipeline/Pipeline.php(167): Illuminate\\Foundation\\Http\\Middleware\\VerifyCsrfToken->handle()
#8 /app/www/vendor/laravel/framework/src/Illuminate/View/Middleware/ShareErrorsFromSession.php(49): Illuminate\\Pipeline\\Pipeline->Illuminate\\Pipeline\\{closure}()
#9 /app/www/vendor/laravel/framework/src/Illuminate/Pipeline/Pipeline.php(167): Illuminate\\View\\Middleware\\ShareErrorsFromSession->handle()
#10 /app/www/vendor/laravel/framework/src/Illuminate/Session/Middleware/StartSession.php(121): Illuminate\\Pipeline\\Pipeline->Illuminate\\Pipeline\\{closure}()
#11 /app/www/vendor/laravel/framework/src/Illuminate/Session/Middleware/StartSession.php(64): Illuminate\\Session\\Middleware\\StartSession->handleStatefulRequest()
#12 /app/www/vendor/laravel/framework/src/Illuminate/Pipeline/Pipeline.php(167): Illuminate\\Session\\Middleware\\StartSession->handle()
#13 /app/www/vendor/laravel/framework/src/Illuminate/Cookie/Middleware/AddQueuedCookiesToResponse.php(37): Illuminate\\Pipeline\\Pipeline->Illuminate\\Pipeline\\{closure}()
#14 /app/www/vendor/laravel/framework/src/Illuminate/Pipeline/Pipeline.php(167): Illuminate\\Cookie\\Middleware\\AddQueuedCookiesToResponse->handle()
#15 /app/www/vendor/laravel/framework/src/Illuminate/Cookie/Middleware/EncryptCookies.php(67): Illuminate\\Pipeline\\Pipeline->Illuminate\\Pipeline\\{closure}()
#16 /app/www/vendor/laravel/framework/src/Illuminate/Pipeline/Pipeline.php(167): Illuminate\\Cookie\\Middleware\\EncryptCookies->handle()
#17 /app/www/vendor/laravel/framework/src/Illuminate/Pipeline/Pipeline.php(103): Illuminate\\Pipeline\\Pipeline->Illuminate\\Pipeline\\{closure}()
#18 /app/www/vendor/laravel/framework/src/Illuminate/Routing/Router.php(723): Illuminate\\Pipeline\\Pipeline->then()
#19 /app/www/vendor/laravel/framework/src/Illuminate/Routing/Router.php(698): Illuminate\\Routing\\Router->runRouteWithinStack()
#20 /app/www/vendor/laravel/framework/src/Illuminate/Routing/Router.php(662): Illuminate\\Routing\\Router->runRoute()
#21 /app/www/vendor/laravel/framework/src/Illuminate/Routing/Router.php(651): Illuminate\\Routing\\Router->dispatchToRoute()
#22 /app/www/vendor/laravel/framework/src/Illuminate/Foundation/Http/Kernel.php(167): Illuminate\\Routing\\Router->dispatch()
#23 /app/www/vendor/laravel/framework/src/Illuminate/Pipeline/Pipeline.php(128): Illuminate\\Foundation\\Http\\Kernel->Illuminate\\Foundation\\Http\\{closure}()
#24 /app/www/vendor/fideloper/proxy/src/TrustProxies.php(57): Illuminate\\Pipeline\\Pipeline->Illuminate\\Pipeline\\{closure}()
#25 /app/www/vendor/laravel/framework/src/Illuminate/Pipeline/Pipeline.php(167): Fideloper\\Proxy\\TrustProxies->handle()
#26 /app/www/vendor/laravel/framework/src/Illuminate/Foundation/Http/Middleware/TransformsRequest.php(21): Illuminate\\Pipeline\\Pipeline->Illuminate\\Pipeline\\{closure}()
#27 /app/www/vendor/laravel/framework/src/Illuminate/Foundation/Http/Middleware/ConvertEmptyStringsToNull.php(31): Illuminate\\Foundation\\Http\\Middleware\\TransformsRequest->handle()
#28 /app/www/vendor/laravel/framework/src/Illuminate/Pipeline/Pipeline.php(167): Illuminate\\Foundation\\Http\\Middleware\\ConvertEmptyStringsToNull->handle()
#29 /app/www/vendor/laravel/framework/src/Illuminate/Foundation/Http/Middleware/TransformsRequest.php(21): Illuminate\\Pipeline\\Pipeline->Illuminate\\Pipeline\\{closure}()
#30 /app/www/vendor/laravel/framework/src/Illuminate/Foundation/Http/Middleware/TrimStrings.php(40): Illuminate\\Foundation\\Http\\Middleware\\TransformsRequest->handle()
#31 /app/www/vendor/laravel/framework/src/Illuminate/Pipeline/Pipeline.php(167): Illuminate\\Foundation\\Http\\Middleware\\TrimStrings->handle()
#32 /app/www/vendor/laravel/framework/src/Illuminate/Foundation/Http/Middleware/ValidatePostSize.php(27): Illuminate\\Pipeline\\Pipeline->Illuminate\\Pipeline\\{closure}()
#33 /app/www/vendor/laravel/framework/src/Illuminate/Pipeline/Pipeline.php(167): Illuminate\\Foundation\\Http\\Middleware\\ValidatePostSize->handle()
#34 /app/www/vendor/laravel/framework/src/Illuminate/Foundation/Http/Middleware/PreventRequestsDuringMaintenance.php(86): Illuminate\\Pipeline\\Pipeline->Illuminate\\Pipeline\\{closure}()
#35 /app/www/vendor/laravel/framework/src/Illuminate/Pipeline/Pipeline.php(167): Illuminate\\Foundation\\Http\\Middleware\\PreventRequestsDuringMaintenance->handle()
#36 /app/www/vendor/laravel/framework/src/Illuminate/Pipeline/Pipeline.php(103): Illuminate\\Pipeline\\Pipeline->Illuminate\\Pipeline\\{closure}()
#37 /app/www/vendor/laravel/framework/src/Illuminate/Foundation/Http/Kernel.php(142): Illuminate\\Pipeline\\Pipeline->then()
#38 /app/www/vendor/laravel/framework/src/Illuminate/Foundation/Http/Kernel.php(111): Illuminate\\Foundation\\Http\\Kernel->sendRequestThroughRouter()
#39 /app/www/public/index.php(55): Illuminate\\Foundation\\Http\\Kernel->handle()
#40 {main}
"} 
[2023-01-08 05:55:38] local.ERROR: Attempt to read property "cpu" on null {"exception":"[object] (ErrorException(code: 0): Attempt to read property \"cpu\" on null at /config/www/SupportedApps/Proxmox/Proxmox.php:59)
[stacktrace]
#0 /config/www/SupportedApps/Proxmox/Proxmox.php(59): Illuminate\\Foundation\\Bootstrap\\HandleExceptions->handleError()
#1 /app/www/app/Http/Controllers/ItemController.php(503): App\\SupportedApps\\Proxmox\\Proxmox->livestats()
#2 /app/www/vendor/laravel/framework/src/Illuminate/Routing/Controller.php(54): App\\Http\\Controllers\\ItemController->getStats()
#3 /app/www/vendor/laravel/framework/src/Illuminate/Routing/ControllerDispatcher.php(45): Illuminate\\Routing\\Controller->callAction()
#4 /app/www/vendor/laravel/framework/src/Illuminate/Routing/Route.php(262): Illuminate\\Routing\\ControllerDispatcher->dispatch()
#5 /app/www/vendor/laravel/framework/src/Illuminate/Routing/Route.php(205): Illuminate\\Routing\\Route->runController()
#6 /app/www/vendor/laravel/framework/src/Illuminate/Routing/Router.php(721): Illuminate\\Routing\\Route->run()
#7 /app/www/vendor/laravel/framework/src/Illuminate/Pipeline/Pipeline.php(128): Illuminate\\Routing\\Router->Illuminate\\Routing\\{closure}()
#8 /app/www/app/Http/Middleware/CheckAllowed.php(46): Illuminate\\Pipeline\\Pipeline->Illuminate\\Pipeline\\{closure}()
#9 /app/www/vendor/laravel/framework/src/Illuminate/Pipeline/Pipeline.php(167): App\\Http\\Middleware\\CheckAllowed->handle()
#10 /app/www/app/Http/Controllers/Controller.php(22): Illuminate\\Pipeline\\Pipeline->Illuminate\\Pipeline\\{closure}()
#11 /app/www/vendor/laravel/framework/src/Illuminate/Pipeline/Pipeline.php(149): App\\Http\\Controllers\\Controller->App\\Http\\Controllers\\{closure}()
#12 /app/www/vendor/laravel/framework/src/Illuminate/Routing/Middleware/SubstituteBindings.php(50): Illuminate\\Pipeline\\Pipeline->Illuminate\\Pipeline\\{closure}()
#13 /app/www/vendor/laravel/framework/src/Illuminate/Pipeline/Pipeline.php(167): Illuminate\\Routing\\Middleware\\SubstituteBindings->handle()
#14 /app/www/vendor/laravel/framework/src/Illuminate/Foundation/Http/Middleware/VerifyCsrfToken.php(78): Illuminate\\Pipeline\\Pipeline->Illuminate\\Pipeline\\{closure}()
#15 /app/www/vendor/laravel/framework/src/Illuminate/Pipeline/Pipeline.php(167): Illuminate\\Foundation\\Http\\Middleware\\VerifyCsrfToken->handle()
#16 /app/www/vendor/laravel/framework/src/Illuminate/View/Middleware/ShareErrorsFromSession.php(49): Illuminate\\Pipeline\\Pipeline->Illuminate\\Pipeline\\{closure}()
#17 /app/www/vendor/laravel/framework/src/Illuminate/Pipeline/Pipeline.php(167): Illuminate\\View\\Middleware\\ShareErrorsFromSession->handle()
#18 /app/www/vendor/laravel/framework/src/Illuminate/Session/Middleware/StartSession.php(121): Illuminate\\Pipeline\\Pipeline->Illuminate\\Pipeline\\{closure}()
#19 /app/www/vendor/laravel/framework/src/Illuminate/Session/Middleware/StartSession.php(64): Illuminate\\Session\\Middleware\\StartSession->handleStatefulRequest()
#20 /app/www/vendor/laravel/framework/src/Illuminate/Pipeline/Pipeline.php(167): Illuminate\\Session\\Middleware\\StartSession->handle()
#21 /app/www/vendor/laravel/framework/src/Illuminate/Cookie/Middleware/AddQueuedCookiesToResponse.php(37): Illuminate\\Pipeline\\Pipeline->Illuminate\\Pipeline\\{closure}()
#22 /app/www/vendor/laravel/framework/src/Illuminate/Pipeline/Pipeline.php(167): Illuminate\\Cookie\\Middleware\\AddQueuedCookiesToResponse->handle()
#23 /app/www/vendor/laravel/framework/src/Illuminate/Cookie/Middleware/EncryptCookies.php(67): Illuminate\\Pipeline\\Pipeline->Illuminate\\Pipeline\\{closure}()
#24 /app/www/vendor/laravel/framework/src/Illuminate/Pipeline/Pipeline.php(167): Illuminate\\Cookie\\Middleware\\EncryptCookies->handle()
#25 /app/www/vendor/laravel/framework/src/Illuminate/Pipeline/Pipeline.php(103): Illuminate\\Pipeline\\Pipeline->Illuminate\\Pipeline\\{closure}()
#26 /app/www/vendor/laravel/framework/src/Illuminate/Routing/Router.php(723): Illuminate\\Pipeline\\Pipeline->then()
#27 /app/www/vendor/laravel/framework/src/Illuminate/Routing/Router.php(698): Illuminate\\Routing\\Router->runRouteWithinStack()
#28 /app/www/vendor/laravel/framework/src/Illuminate/Routing/Router.php(662): Illuminate\\Routing\\Router->runRoute()
#29 /app/www/vendor/laravel/framework/src/Illuminate/Routing/Router.php(651): Illuminate\\Routing\\Router->dispatchToRoute()
#30 /app/www/vendor/laravel/framework/src/Illuminate/Foundation/Http/Kernel.php(167): Illuminate\\Routing\\Router->dispatch()
#31 /app/www/vendor/laravel/framework/src/Illuminate/Pipeline/Pipeline.php(128): Illuminate\\Foundation\\Http\\Kernel->Illuminate\\Foundation\\Http\\{closure}()
#32 /app/www/vendor/fideloper/proxy/src/TrustProxies.php(57): Illuminate\\Pipeline\\Pipeline->Illuminate\\Pipeline\\{closure}()
#33 /app/www/vendor/laravel/framework/src/Illuminate/Pipeline/Pipeline.php(167): Fideloper\\Proxy\\TrustProxies->handle()
#34 /app/www/vendor/laravel/framework/src/Illuminate/Foundation/Http/Middleware/TransformsRequest.php(21): Illuminate\\Pipeline\\Pipeline->Illuminate\\Pipeline\\{closure}()
#35 /app/www/vendor/laravel/framework/src/Illuminate/Foundation/Http/Middleware/ConvertEmptyStringsToNull.php(31): Illuminate\\Foundation\\Http\\Middleware\\TransformsRequest->handle()
#36 /app/www/vendor/laravel/framework/src/Illuminate/Pipeline/Pipeline.php(167): Illuminate\\Foundation\\Http\\Middleware\\ConvertEmptyStringsToNull->handle()
#37 /app/www/vendor/laravel/framework/src/Illuminate/Foundation/Http/Middleware/TransformsRequest.php(21): Illuminate\\Pipeline\\Pipeline->Illuminate\\Pipeline\\{closure}()
#38 /app/www/vendor/laravel/framework/src/Illuminate/Foundation/Http/Middleware/TrimStrings.php(40): Illuminate\\Foundation\\Http\\Middleware\\TransformsRequest->handle()
#39 /app/www/vendor/laravel/framework/src/Illuminate/Pipeline/Pipeline.php(167): Illuminate\\Foundation\\Http\\Middleware\\TrimStrings->handle()
#40 /app/www/vendor/laravel/framework/src/Illuminate/Foundation/Http/Middleware/ValidatePostSize.php(27): Illuminate\\Pipeline\\Pipeline->Illuminate\\Pipeline\\{closure}()
#41 /app/www/vendor/laravel/framework/src/Illuminate/Pipeline/Pipeline.php(167): Illuminate\\Foundation\\Http\\Middleware\\ValidatePostSize->handle()
#42 /app/www/vendor/laravel/framework/src/Illuminate/Foundation/Http/Middleware/PreventRequestsDuringMaintenance.php(86): Illuminate\\Pipeline\\Pipeline->Illuminate\\Pipeline\\{closure}()
#43 /app/www/vendor/laravel/framework/src/Illuminate/Pipeline/Pipeline.php(167): Illuminate\\Foundation\\Http\\Middleware\\PreventRequestsDuringMaintenance->handle()
#44 /app/www/vendor/laravel/framework/src/Illuminate/Pipeline/Pipeline.php(103): Illuminate\\Pipeline\\Pipeline->Illuminate\\Pipeline\\{closure}()
#45 /app/www/vendor/laravel/framework/src/Illuminate/Foundation/Http/Kernel.php(142): Illuminate\\Pipeline\\Pipeline->then()
#46 /app/www/vendor/laravel/framework/src/Illuminate/Foundation/Http/Kernel.php(111): Illuminate\\Foundation\\Http\\Kernel->sendRequestThroughRouter()
#47 /app/www/public/index.php(55): Illuminate\\Foundation\\Http\\Kernel->handle()
#48 {main}
"} 
[2023-01-08 05:55:38] local.ERROR: Attempt to read property "cpu" on null {"exception":"[object] (ErrorException(code: 0): Attempt to read property \"cpu\" on null at /config/www/SupportedApps/Proxmox/Proxmox.php:59)
[stacktrace]
#0 /config/www/SupportedApps/Proxmox/Proxmox.php(59): Illuminate\\Foundation\\Bootstrap\\HandleExceptions->handleError()
#1 /app/www/app/Http/Controllers/ItemController.php(503): App\\SupportedApps\\Proxmox\\Proxmox->livestats()
#2 /app/www/vendor/laravel/framework/src/Illuminate/Routing/Controller.php(54): App\\Http\\Controllers\\ItemController->getStats()
#3 /app/www/vendor/laravel/framework/src/Illuminate/Routing/ControllerDispatcher.php(45): Illuminate\\Routing\\Controller->callAction()
#4 /app/www/vendor/laravel/framework/src/Illuminate/Routing/Route.php(262): Illuminate\\Routing\\ControllerDispatcher->dispatch()
#5 /app/www/vendor/laravel/framework/src/Illuminate/Routing/Route.php(205): Illuminate\\Routing\\Route->runController()
#6 /app/www/vendor/laravel/framework/src/Illuminate/Routing/Router.php(721): Illuminate\\Routing\\Route->run()
#7 /app/www/vendor/laravel/framework/src/Illuminate/Pipeline/Pipeline.php(128): Illuminate\\Routing\\Router->Illuminate\\Routing\\{closure}()
#8 /app/www/app/Http/Middleware/CheckAllowed.php(46): Illuminate\\Pipeline\\Pipeline->Illuminate\\Pipeline\\{closure}()
#9 /app/www/vendor/laravel/framework/src/Illuminate/Pipeline/Pipeline.php(167): App\\Http\\Middleware\\CheckAllowed->handle()
#10 /app/www/app/Http/Controllers/Controller.php(22): Illuminate\\Pipeline\\Pipeline->Illuminate\\Pipeline\\{closure}()
#11 /app/www/vendor/laravel/framework/src/Illuminate/Pipeline/Pipeline.php(149): App\\Http\\Controllers\\Controller->App\\Http\\Controllers\\{closure}()
#12 /app/www/vendor/laravel/framework/src/Illuminate/Routing/Middleware/SubstituteBindings.php(50): Illuminate\\Pipeline\\Pipeline->Illuminate\\Pipeline\\{closure}()
#13 /app/www/vendor/laravel/framework/src/Illuminate/Pipeline/Pipeline.php(167): Illuminate\\Routing\\Middleware\\SubstituteBindings->handle()
#14 /app/www/vendor/laravel/framework/src/Illuminate/Foundation/Http/Middleware/VerifyCsrfToken.php(78): Illuminate\\Pipeline\\Pipeline->Illuminate\\Pipeline\\{closure}()
#15 /app/www/vendor/laravel/framework/src/Illuminate/Pipeline/Pipeline.php(167): Illuminate\\Foundation\\Http\\Middleware\\VerifyCsrfToken->handle()
#16 /app/www/vendor/laravel/framework/src/Illuminate/View/Middleware/ShareErrorsFromSession.php(49): Illuminate\\Pipeline\\Pipeline->Illuminate\\Pipeline\\{closure}()
#17 /app/www/vendor/laravel/framework/src/Illuminate/Pipeline/Pipeline.php(167): Illuminate\\View\\Middleware\\ShareErrorsFromSession->handle()
#18 /app/www/vendor/laravel/framework/src/Illuminate/Session/Middleware/StartSession.php(121): Illuminate\\Pipeline\\Pipeline->Illuminate\\Pipeline\\{closure}()
#19 /app/www/vendor/laravel/framework/src/Illuminate/Session/Middleware/StartSession.php(64): Illuminate\\Session\\Middleware\\StartSession->handleStatefulRequest()
#20 /app/www/vendor/laravel/framework/src/Illuminate/Pipeline/Pipeline.php(167): Illuminate\\Session\\Middleware\\StartSession->handle()
#21 /app/www/vendor/laravel/framework/src/Illuminate/Cookie/Middleware/AddQueuedCookiesToResponse.php(37): Illuminate\\Pipeline\\Pipeline->Illuminate\\Pipeline\\{closure}()
#22 /app/www/vendor/laravel/framework/src/Illuminate/Pipeline/Pipeline.php(167): Illuminate\\Cookie\\Middleware\\AddQueuedCookiesToResponse->handle()
#23 /app/www/vendor/laravel/framework/src/Illuminate/Cookie/Middleware/EncryptCookies.php(67): Illuminate\\Pipeline\\Pipeline->Illuminate\\Pipeline\\{closure}()
#24 /app/www/vendor/laravel/framework/src/Illuminate/Pipeline/Pipeline.php(167): Illuminate\\Cookie\\Middleware\\EncryptCookies->handle()
#25 /app/www/vendor/laravel/framework/src/Illuminate/Pipeline/Pipeline.php(103): Illuminate\\Pipeline\\Pipeline->Illuminate\\Pipeline\\{closure}()
#26 /app/www/vendor/laravel/framework/src/Illuminate/Routing/Router.php(723): Illuminate\\Pipeline\\Pipeline->then()
#27 /app/www/vendor/laravel/framework/src/Illuminate/Routing/Router.php(698): Illuminate\\Routing\\Router->runRouteWithinStack()
#28 /app/www/vendor/laravel/framework/src/Illuminate/Routing/Router.php(662): Illuminate\\Routing\\Router->runRoute()
#29 /app/www/vendor/laravel/framework/src/Illuminate/Routing/Router.php(651): Illuminate\\Routing\\Router->dispatchToRoute()
#30 /app/www/vendor/laravel/framework/src/Illuminate/Foundation/Http/Kernel.php(167): Illuminate\\Routing\\Router->dispatch()
#31 /app/www/vendor/laravel/framework/src/Illuminate/Pipeline/Pipeline.php(128): Illuminate\\Foundation\\Http\\Kernel->Illuminate\\Foundation\\Http\\{closure}()
#32 /app/www/vendor/fideloper/proxy/src/TrustProxies.php(57): Illuminate\\Pipeline\\Pipeline->Illuminate\\Pipeline\\{closure}()
#33 /app/www/vendor/laravel/framework/src/Illuminate/Pipeline/Pipeline.php(167): Fideloper\\Proxy\\TrustProxies->handle()
#34 /app/www/vendor/laravel/framework/src/Illuminate/Foundation/Http/Middleware/TransformsRequest.php(21): Illuminate\\Pipeline\\Pipeline->Illuminate\\Pipeline\\{closure}()
#35 /app/www/vendor/laravel/framework/src/Illuminate/Foundation/Http/Middleware/ConvertEmptyStringsToNull.php(31): Illuminate\\Foundation\\Http\\Middleware\\TransformsRequest->handle()
#36 /app/www/vendor/laravel/framework/src/Illuminate/Pipeline/Pipeline.php(167): Illuminate\\Foundation\\Http\\Middleware\\ConvertEmptyStringsToNull->handle()
#37 /app/www/vendor/laravel/framework/src/Illuminate/Foundation/Http/Middleware/TransformsRequest.php(21): Illuminate\\Pipeline\\Pipeline->Illuminate\\Pipeline\\{closure}()
#38 /app/www/vendor/laravel/framework/src/Illuminate/Foundation/Http/Middleware/TrimStrings.php(40): Illuminate\\Foundation\\Http\\Middleware\\TransformsRequest->handle()
#39 /app/www/vendor/laravel/framework/src/Illuminate/Pipeline/Pipeline.php(167): Illuminate\\Foundation\\Http\\Middleware\\TrimStrings->handle()
#40 /app/www/vendor/laravel/framework/src/Illuminate/Foundation/Http/Middleware/ValidatePostSize.php(27): Illuminate\\Pipeline\\Pipeline->Illuminate\\Pipeline\\{closure}()
#41 /app/www/vendor/laravel/framework/src/Illuminate/Pipeline/Pipeline.php(167): Illuminate\\Foundation\\Http\\Middleware\\ValidatePostSize->handle()
#42 /app/www/vendor/laravel/framework/src/Illuminate/Foundation/Http/Middleware/PreventRequestsDuringMaintenance.php(86): Illuminate\\Pipeline\\Pipeline->Illuminate\\Pipeline\\{closure}()
#43 /app/www/vendor/laravel/framework/src/Illuminate/Pipeline/Pipeline.php(167): Illuminate\\Foundation\\Http\\Middleware\\PreventRequestsDuringMaintenance->handle()
#44 /app/www/vendor/laravel/framework/src/Illuminate/Pipeline/Pipeline.php(103): Illuminate\\Pipeline\\Pipeline->Illuminate\\Pipeline\\{closure}()
#45 /app/www/vendor/laravel/framework/src/Illuminate/Foundation/Http/Kernel.php(142): Illuminate\\Pipeline\\Pipeline->then()
#46 /app/www/vendor/laravel/framework/src/Illuminate/Foundation/Http/Kernel.php(111): Illuminate\\Foundation\\Http\\Kernel->sendRequestThroughRouter()
#47 /app/www/public/index.php(55): Illuminate\\Foundation\\Http\\Kernel->handle()
#48 {main}
"} 
[2023-01-08 05:55:38] local.ERROR: Attempt to read property "cpu" on null {"exception":"[object] (ErrorException(code: 0): Attempt to read property \"cpu\" on null at /config/www/SupportedApps/Proxmox/Proxmox.php:59)
[stacktrace]
#0 /config/www/SupportedApps/Proxmox/Proxmox.php(59): Illuminate\\Foundation\\Bootstrap\\HandleExceptions->handleError()
#1 /app/www/app/Http/Controllers/ItemController.php(503): App\\SupportedApps\\Proxmox\\Proxmox->livestats()
#2 /app/www/vendor/laravel/framework/src/Illuminate/Routing/Controller.php(54): App\\Http\\Controllers\\ItemController->getStats()
#3 /app/www/vendor/laravel/framework/src/Illuminate/Routing/ControllerDispatcher.php(45): Illuminate\\Routing\\Controller->callAction()
#4 /app/www/vendor/laravel/framework/src/Illuminate/Routing/Route.php(262): Illuminate\\Routing\\ControllerDispatcher->dispatch()
#5 /app/www/vendor/laravel/framework/src/Illuminate/Routing/Route.php(205): Illuminate\\Routing\\Route->runController()
#6 /app/www/vendor/laravel/framework/src/Illuminate/Routing/Router.php(721): Illuminate\\Routing\\Route->run()
#7 /app/www/vendor/laravel/framework/src/Illuminate/Pipeline/Pipeline.php(128): Illuminate\\Routing\\Router->Illuminate\\Routing\\{closure}()
#8 /app/www/app/Http/Middleware/CheckAllowed.php(46): Illuminate\\Pipeline\\Pipeline->Illuminate\\Pipeline\\{closure}()
#9 /app/www/vendor/laravel/framework/src/Illuminate/Pipeline/Pipeline.php(167): App\\Http\\Middleware\\CheckAllowed->handle()
#10 /app/www/app/Http/Controllers/Controller.php(22): Illuminate\\Pipeline\\Pipeline->Illuminate\\Pipeline\\{closure}()
#11 /app/www/vendor/laravel/framework/src/Illuminate/Pipeline/Pipeline.php(149): App\\Http\\Controllers\\Controller->App\\Http\\Controllers\\{closure}()
#12 /app/www/vendor/laravel/framework/src/Illuminate/Routing/Middleware/SubstituteBindings.php(50): Illuminate\\Pipeline\\Pipeline->Illuminate\\Pipeline\\{closure}()
#13 /app/www/vendor/laravel/framework/src/Illuminate/Pipeline/Pipeline.php(167): Illuminate\\Routing\\Middleware\\SubstituteBindings->handle()
#14 /app/www/vendor/laravel/framework/src/Illuminate/Foundation/Http/Middleware/VerifyCsrfToken.php(78): Illuminate\\Pipeline\\Pipeline->Illuminate\\Pipeline\\{closure}()
#15 /app/www/vendor/laravel/framework/src/Illuminate/Pipeline/Pipeline.php(167): Illuminate\\Foundation\\Http\\Middleware\\VerifyCsrfToken->handle()
#16 /app/www/vendor/laravel/framework/src/Illuminate/View/Middleware/ShareErrorsFromSession.php(49): Illuminate\\Pipeline\\Pipeline->Illuminate\\Pipeline\\{closure}()
#17 /app/www/vendor/laravel/framework/src/Illuminate/Pipeline/Pipeline.php(167): Illuminate\\View\\Middleware\\ShareErrorsFromSession->handle()
#18 /app/www/vendor/laravel/framework/src/Illuminate/Session/Middleware/StartSession.php(121): Illuminate\\Pipeline\\Pipeline->Illuminate\\Pipeline\\{closure}()
#19 /app/www/vendor/laravel/framework/src/Illuminate/Session/Middleware/StartSession.php(64): Illuminate\\Session\\Middleware\\StartSession->handleStatefulRequest()
#20 /app/www/vendor/laravel/framework/src/Illuminate/Pipeline/Pipeline.php(167): Illuminate\\Session\\Middleware\\StartSession->handle()
#21 /app/www/vendor/laravel/framework/src/Illuminate/Cookie/Middleware/AddQueuedCookiesToResponse.php(37): Illuminate\\Pipeline\\Pipeline->Illuminate\\Pipeline\\{closure}()
#22 /app/www/vendor/laravel/framework/src/Illuminate/Pipeline/Pipeline.php(167): Illuminate\\Cookie\\Middleware\\AddQueuedCookiesToResponse->handle()
#23 /app/www/vendor/laravel/framework/src/Illuminate/Cookie/Middleware/EncryptCookies.php(67): Illuminate\\Pipeline\\Pipeline->Illuminate\\Pipeline\\{closure}()
#24 /app/www/vendor/laravel/framework/src/Illuminate/Pipeline/Pipeline.php(167): Illuminate\\Cookie\\Middleware\\EncryptCookies->handle()
#25 /app/www/vendor/laravel/framework/src/Illuminate/Pipeline/Pipeline.php(103): Illuminate\\Pipeline\\Pipeline->Illuminate\\Pipeline\\{closure}()
#26 /app/www/vendor/laravel/framework/src/Illuminate/Routing/Router.php(723): Illuminate\\Pipeline\\Pipeline->then()
#27 /app/www/vendor/laravel/framework/src/Illuminate/Routing/Router.php(698): Illuminate\\Routing\\Router->runRouteWithinStack()
#28 /app/www/vendor/laravel/framework/src/Illuminate/Routing/Router.php(662): Illuminate\\Routing\\Router->runRoute()
#29 /app/www/vendor/laravel/framework/src/Illuminate/Routing/Router.php(651): Illuminate\\Routing\\Router->dispatchToRoute()
#30 /app/www/vendor/laravel/framework/src/Illuminate/Foundation/Http/Kernel.php(167): Illuminate\\Routing\\Router->dispatch()
#31 /app/www/vendor/laravel/framework/src/Illuminate/Pipeline/Pipeline.php(128): Illuminate\\Foundation\\Http\\Kernel->Illuminate\\Foundation\\Http\\{closure}()
#32 /app/www/vendor/fideloper/proxy/src/TrustProxies.php(57): Illuminate\\Pipeline\\Pipeline->Illuminate\\Pipeline\\{closure}()
#33 /app/www/vendor/laravel/framework/src/Illuminate/Pipeline/Pipeline.php(167): Fideloper\\Proxy\\TrustProxies->handle()
#34 /app/www/vendor/laravel/framework/src/Illuminate/Foundation/Http/Middleware/TransformsRequest.php(21): Illuminate\\Pipeline\\Pipeline->Illuminate\\Pipeline\\{closure}()
#35 /app/www/vendor/laravel/framework/src/Illuminate/Foundation/Http/Middleware/ConvertEmptyStringsToNull.php(31): Illuminate\\Foundation\\Http\\Middleware\\TransformsRequest->handle()
#36 /app/www/vendor/laravel/framework/src/Illuminate/Pipeline/Pipeline.php(167): Illuminate\\Foundation\\Http\\Middleware\\ConvertEmptyStringsToNull->handle()
#37 /app/www/vendor/laravel/framework/src/Illuminate/Foundation/Http/Middleware/TransformsRequest.php(21): Illuminate\\Pipeline\\Pipeline->Illuminate\\Pipeline\\{closure}()
#38 /app/www/vendor/laravel/framework/src/Illuminate/Foundation/Http/Middleware/TrimStrings.php(40): Illuminate\\Foundation\\Http\\Middleware\\TransformsRequest->handle()
#39 /app/www/vendor/laravel/framework/src/Illuminate/Pipeline/Pipeline.php(167): Illuminate\\Foundation\\Http\\Middleware\\TrimStrings->handle()
#40 /app/www/vendor/laravel/framework/src/Illuminate/Foundation/Http/Middleware/ValidatePostSize.php(27): Illuminate\\Pipeline\\Pipeline->Illuminate\\Pipeline\\{closure}()
#41 /app/www/vendor/laravel/framework/src/Illuminate/Pipeline/Pipeline.php(167): Illuminate\\Foundation\\Http\\Middleware\\ValidatePostSize->handle()
#42 /app/www/vendor/laravel/framework/src/Illuminate/Foundation/Http/Middleware/PreventRequestsDuringMaintenance.php(86): Illuminate\\Pipeline\\Pipeline->Illuminate\\Pipeline\\{closure}()
#43 /app/www/vendor/laravel/framework/src/Illuminate/Pipeline/Pipeline.php(167): Illuminate\\Foundation\\Http\\Middleware\\PreventRequestsDuringMaintenance->handle()
#44 /app/www/vendor/laravel/framework/src/Illuminate/Pipeline/Pipeline.php(103): Illuminate\\Pipeline\\Pipeline->Illuminate\\Pipeline\\{closure}()
#45 /app/www/vendor/laravel/framework/src/Illuminate/Foundation/Http/Kernel.php(142): Illuminate\\Pipeline\\Pipeline->then()
#46 /app/www/vendor/laravel/framework/src/Illuminate/Foundation/Http/Kernel.php(111): Illuminate\\Foundation\\Http\\Kernel->sendRequestThroughRouter()
#47 /app/www/public/index.php(55): Illuminate\\Foundation\\Http\\Kernel->handle()
#48 {main}
"} 
[2023-01-08 05:56:39] local.ERROR: Attempt to read property "cpu" on null {"exception":"[object] (ErrorException(code: 0): Attempt to read property \"cpu\" on null at /config/www/SupportedApps/Proxmox/Proxmox.php:59)
[stacktrace]
#0 /config/www/SupportedApps/Proxmox/Proxmox.php(59): Illuminate\\Foundation\\Bootstrap\\HandleExceptions->handleError()
#1 /app/www/app/Http/Controllers/ItemController.php(503): App\\SupportedApps\\Proxmox\\Proxmox->livestats()
#2 /app/www/vendor/laravel/framework/src/Illuminate/Routing/Controller.php(54): App\\Http\\Controllers\\ItemController->getStats()
#3 /app/www/vendor/laravel/framework/src/Illuminate/Routing/ControllerDispatcher.php(45): Illuminate\\Routing\\Controller->callAction()
#4 /app/www/vendor/laravel/framework/src/Illuminate/Routing/Route.php(262): Illuminate\\Routing\\ControllerDispatcher->dispatch()
#5 /app/www/vendor/laravel/framework/src/Illuminate/Routing/Route.php(205): Illuminate\\Routing\\Route->runController()
#6 /app/www/vendor/laravel/framework/src/Illuminate/Routing/Router.php(721): Illuminate\\Routing\\Route->run()
#7 /app/www/vendor/laravel/framework/src/Illuminate/Pipeline/Pipeline.php(128): Illuminate\\Routing\\Router->Illuminate\\Routing\\{closure}()
#8 /app/www/app/Http/Middleware/CheckAllowed.php(46): Illuminate\\Pipeline\\Pipeline->Illuminate\\Pipeline\\{closure}()
#9 /app/www/vendor/laravel/framework/src/Illuminate/Pipeline/Pipeline.php(167): App\\Http\\Middleware\\CheckAllowed->handle()
#10 /app/www/app/Http/Controllers/Controller.php(22): Illuminate\\Pipeline\\Pipeline->Illuminate\\Pipeline\\{closure}()
#11 /app/www/vendor/laravel/framework/src/Illuminate/Pipeline/Pipeline.php(149): App\\Http\\Controllers\\Controller->App\\Http\\Controllers\\{closure}()
#12 /app/www/vendor/laravel/framework/src/Illuminate/Routing/Middleware/SubstituteBindings.php(50): Illuminate\\Pipeline\\Pipeline->Illuminate\\Pipeline\\{closure}()
#13 /app/www/vendor/laravel/framework/src/Illuminate/Pipeline/Pipeline.php(167): Illuminate\\Routing\\Middleware\\SubstituteBindings->handle()
#14 /app/www/vendor/laravel/framework/src/Illuminate/Foundation/Http/Middleware/VerifyCsrfToken.php(78): Illuminate\\Pipeline\\Pipeline->Illuminate\\Pipeline\\{closure}()
#15 /app/www/vendor/laravel/framework/src/Illuminate/Pipeline/Pipeline.php(167): Illuminate\\Foundation\\Http\\Middleware\\VerifyCsrfToken->handle()
#16 /app/www/vendor/laravel/framework/src/Illuminate/View/Middleware/ShareErrorsFromSession.php(49): Illuminate\\Pipeline\\Pipeline->Illuminate\\Pipeline\\{closure}()
#17 /app/www/vendor/laravel/framework/src/Illuminate/Pipeline/Pipeline.php(167): Illuminate\\View\\Middleware\\ShareErrorsFromSession->handle()
#18 /app/www/vendor/laravel/framework/src/Illuminate/Session/Middleware/StartSession.php(121): Illuminate\\Pipeline\\Pipeline->Illuminate\\Pipeline\\{closure}()
#19 /app/www/vendor/laravel/framework/src/Illuminate/Session/Middleware/StartSession.php(64): Illuminate\\Session\\Middleware\\StartSession->handleStatefulRequest()
#20 /app/www/vendor/laravel/framework/src/Illuminate/Pipeline/Pipeline.php(167): Illuminate\\Session\\Middleware\\StartSession->handle()
#21 /app/www/vendor/laravel/framework/src/Illuminate/Cookie/Middleware/AddQueuedCookiesToResponse.php(37): Illuminate\\Pipeline\\Pipeline->Illuminate\\Pipeline\\{closure}()
#22 /app/www/vendor/laravel/framework/src/Illuminate/Pipeline/Pipeline.php(167): Illuminate\\Cookie\\Middleware\\AddQueuedCookiesToResponse->handle()
#23 /app/www/vendor/laravel/framework/src/Illuminate/Cookie/Middleware/EncryptCookies.php(67): Illuminate\\Pipeline\\Pipeline->Illuminate\\Pipeline\\{closure}()
#24 /app/www/vendor/laravel/framework/src/Illuminate/Pipeline/Pipeline.php(167): Illuminate\\Cookie\\Middleware\\EncryptCookies->handle()
#25 /app/www/vendor/laravel/framework/src/Illuminate/Pipeline/Pipeline.php(103): Illuminate\\Pipeline\\Pipeline->Illuminate\\Pipeline\\{closure}()
#26 /app/www/vendor/laravel/framework/src/Illuminate/Routing/Router.php(723): Illuminate\\Pipeline\\Pipeline->then()
#27 /app/www/vendor/laravel/framework/src/Illuminate/Routing/Router.php(698): Illuminate\\Routing\\Router->runRouteWithinStack()
#28 /app/www/vendor/laravel/framework/src/Illuminate/Routing/Router.php(662): Illuminate\\Routing\\Router->runRoute()
#29 /app/www/vendor/laravel/framework/src/Illuminate/Routing/Router.php(651): Illuminate\\Routing\\Router->dispatchToRoute()
#30 /app/www/vendor/laravel/framework/src/Illuminate/Foundation/Http/Kernel.php(167): Illuminate\\Routing\\Router->dispatch()
#31 /app/www/vendor/laravel/framework/src/Illuminate/Pipeline/Pipeline.php(128): Illuminate\\Foundation\\Http\\Kernel->Illuminate\\Foundation\\Http\\{closure}()
#32 /app/www/vendor/fideloper/proxy/src/TrustProxies.php(57): Illuminate\\Pipeline\\Pipeline->Illuminate\\Pipeline\\{closure}()
#33 /app/www/vendor/laravel/framework/src/Illuminate/Pipeline/Pipeline.php(167): Fideloper\\Proxy\\TrustProxies->handle()
#34 /app/www/vendor/laravel/framework/src/Illuminate/Foundation/Http/Middleware/TransformsRequest.php(21): Illuminate\\Pipeline\\Pipeline->Illuminate\\Pipeline\\{closure}()
#35 /app/www/vendor/laravel/framework/src/Illuminate/Foundation/Http/Middleware/ConvertEmptyStringsToNull.php(31): Illuminate\\Foundation\\Http\\Middleware\\TransformsRequest->handle()
#36 /app/www/vendor/laravel/framework/src/Illuminate/Pipeline/Pipeline.php(167): Illuminate\\Foundation\\Http\\Middleware\\ConvertEmptyStringsToNull->handle()
#37 /app/www/vendor/laravel/framework/src/Illuminate/Foundation/Http/Middleware/TransformsRequest.php(21): Illuminate\\Pipeline\\Pipeline->Illuminate\\Pipeline\\{closure}()
#38 /app/www/vendor/laravel/framework/src/Illuminate/Foundation/Http/Middleware/TrimStrings.php(40): Illuminate\\Foundation\\Http\\Middleware\\TransformsRequest->handle()
#39 /app/www/vendor/laravel/framework/src/Illuminate/Pipeline/Pipeline.php(167): Illuminate\\Foundation\\Http\\Middleware\\TrimStrings->handle()
#40 /app/www/vendor/laravel/framework/src/Illuminate/Foundation/Http/Middleware/ValidatePostSize.php(27): Illuminate\\Pipeline\\Pipeline->Illuminate\\Pipeline\\{closure}()
#41 /app/www/vendor/laravel/framework/src/Illuminate/Pipeline/Pipeline.php(167): Illuminate\\Foundation\\Http\\Middleware\\ValidatePostSize->handle()
#42 /app/www/vendor/laravel/framework/src/Illuminate/Foundation/Http/Middleware/PreventRequestsDuringMaintenance.php(86): Illuminate\\Pipeline\\Pipeline->Illuminate\\Pipeline\\{closure}()
#43 /app/www/vendor/laravel/framework/src/Illuminate/Pipeline/Pipeline.php(167): Illuminate\\Foundation\\Http\\Middleware\\PreventRequestsDuringMaintenance->handle()
#44 /app/www/vendor/laravel/framework/src/Illuminate/Pipeline/Pipeline.php(103): Illuminate\\Pipeline\\Pipeline->Illuminate\\Pipeline\\{closure}()
#45 /app/www/vendor/laravel/framework/src/Illuminate/Foundation/Http/Kernel.php(142): Illuminate\\Pipeline\\Pipeline->then()
#46 /app/www/vendor/laravel/framework/src/Illuminate/Foundation/Http/Kernel.php(111): Illuminate\\Foundation\\Http\\Kernel->sendRequestThroughRouter()
#47 /app/www/public/index.php(55): Illuminate\\Foundation\\Http\\Kernel->handle()
#48 {main}
"} 
[2023-01-08 05:56:39] local.ERROR: Attempt to read property "cpu" on null {"exception":"[object] (ErrorException(code: 0): Attempt to read property \"cpu\" on null at /config/www/SupportedApps/Proxmox/Proxmox.php:59)
[stacktrace]
#0 /config/www/SupportedApps/Proxmox/Proxmox.php(59): Illuminate\\Foundation\\Bootstrap\\HandleExceptions->handleError()
#1 /app/www/app/Http/Controllers/ItemController.php(503): App\\SupportedApps\\Proxmox\\Proxmox->livestats()
#2 /app/www/vendor/laravel/framework/src/Illuminate/Routing/Controller.php(54): App\\Http\\Controllers\\ItemController->getStats()
#3 /app/www/vendor/laravel/framework/src/Illuminate/Routing/ControllerDispatcher.php(45): Illuminate\\Routing\\Controller->callAction()
#4 /app/www/vendor/laravel/framework/src/Illuminate/Routing/Route.php(262): Illuminate\\Routing\\ControllerDispatcher->dispatch()
#5 /app/www/vendor/laravel/framework/src/Illuminate/Routing/Route.php(205): Illuminate\\Routing\\Route->runController()
#6 /app/www/vendor/laravel/framework/src/Illuminate/Routing/Router.php(721): Illuminate\\Routing\\Route->run()
#7 /app/www/vendor/laravel/framework/src/Illuminate/Pipeline/Pipeline.php(128): Illuminate\\Routing\\Router->Illuminate\\Routing\\{closure}()
#8 /app/www/app/Http/Middleware/CheckAllowed.php(46): Illuminate\\Pipeline\\Pipeline->Illuminate\\Pipeline\\{closure}()
#9 /app/www/vendor/laravel/framework/src/Illuminate/Pipeline/Pipeline.php(167): App\\Http\\Middleware\\CheckAllowed->handle()
#10 /app/www/app/Http/Controllers/Controller.php(22): Illuminate\\Pipeline\\Pipeline->Illuminate\\Pipeline\\{closure}()
#11 /app/www/vendor/laravel/framework/src/Illuminate/Pipeline/Pipeline.php(149): App\\Http\\Controllers\\Controller->App\\Http\\Controllers\\{closure}()
#12 /app/www/vendor/laravel/framework/src/Illuminate/Routing/Middleware/SubstituteBindings.php(50): Illuminate\\Pipeline\\Pipeline->Illuminate\\Pipeline\\{closure}()
#13 /app/www/vendor/laravel/framework/src/Illuminate/Pipeline/Pipeline.php(167): Illuminate\\Routing\\Middleware\\SubstituteBindings->handle()
#14 /app/www/vendor/laravel/framework/src/Illuminate/Foundation/Http/Middleware/VerifyCsrfToken.php(78): Illuminate\\Pipeline\\Pipeline->Illuminate\\Pipeline\\{closure}()
#15 /app/www/vendor/laravel/framework/src/Illuminate/Pipeline/Pipeline.php(167): Illuminate\\Foundation\\Http\\Middleware\\VerifyCsrfToken->handle()
#16 /app/www/vendor/laravel/framework/src/Illuminate/View/Middleware/ShareErrorsFromSession.php(49): Illuminate\\Pipeline\\Pipeline->Illuminate\\Pipeline\\{closure}()
#17 /app/www/vendor/laravel/framework/src/Illuminate/Pipeline/Pipeline.php(167): Illuminate\\View\\Middleware\\ShareErrorsFromSession->handle()
#18 /app/www/vendor/laravel/framework/src/Illuminate/Session/Middleware/StartSession.php(121): Illuminate\\Pipeline\\Pipeline->Illuminate\\Pipeline\\{closure}()
#19 /app/www/vendor/laravel/framework/src/Illuminate/Session/Middleware/StartSession.php(64): Illuminate\\Session\\Middleware\\StartSession->handleStatefulRequest()
#20 /app/www/vendor/laravel/framework/src/Illuminate/Pipeline/Pipeline.php(167): Illuminate\\Session\\Middleware\\StartSession->handle()
#21 /app/www/vendor/laravel/framework/src/Illuminate/Cookie/Middleware/AddQueuedCookiesToResponse.php(37): Illuminate\\Pipeline\\Pipeline->Illuminate\\Pipeline\\{closure}()
#22 /app/www/vendor/laravel/framework/src/Illuminate/Pipeline/Pipeline.php(167): Illuminate\\Cookie\\Middleware\\AddQueuedCookiesToResponse->handle()
#23 /app/www/vendor/laravel/framework/src/Illuminate/Cookie/Middleware/EncryptCookies.php(67): Illuminate\\Pipeline\\Pipeline->Illuminate\\Pipeline\\{closure}()
#24 /app/www/vendor/laravel/framework/src/Illuminate/Pipeline/Pipeline.php(167): Illuminate\\Cookie\\Middleware\\EncryptCookies->handle()
#25 /app/www/vendor/laravel/framework/src/Illuminate/Pipeline/Pipeline.php(103): Illuminate\\Pipeline\\Pipeline->Illuminate\\Pipeline\\{closure}()
#26 /app/www/vendor/laravel/framework/src/Illuminate/Routing/Router.php(723): Illuminate\\Pipeline\\Pipeline->then()
#27 /app/www/vendor/laravel/framework/src/Illuminate/Routing/Router.php(698): Illuminate\\Routing\\Router->runRouteWithinStack()
#28 /app/www/vendor/laravel/framework/src/Illuminate/Routing/Router.php(662): Illuminate\\Routing\\Router->runRoute()
#29 /app/www/vendor/laravel/framework/src/Illuminate/Routing/Router.php(651): Illuminate\\Routing\\Router->dispatchToRoute()
#30 /app/www/vendor/laravel/framework/src/Illuminate/Foundation/Http/Kernel.php(167): Illuminate\\Routing\\Router->dispatch()
#31 /app/www/vendor/laravel/framework/src/Illuminate/Pipeline/Pipeline.php(128): Illuminate\\Foundation\\Http\\Kernel->Illuminate\\Foundation\\Http\\{closure}()
#32 /app/www/vendor/fideloper/proxy/src/TrustProxies.php(57): Illuminate\\Pipeline\\Pipeline->Illuminate\\Pipeline\\{closure}()
#33 /app/www/vendor/laravel/framework/src/Illuminate/Pipeline/Pipeline.php(167): Fideloper\\Proxy\\TrustProxies->handle()
#34 /app/www/vendor/laravel/framework/src/Illuminate/Foundation/Http/Middleware/TransformsRequest.php(21): Illuminate\\Pipeline\\Pipeline->Illuminate\\Pipeline\\{closure}()
#35 /app/www/vendor/laravel/framework/src/Illuminate/Foundation/Http/Middleware/ConvertEmptyStringsToNull.php(31): Illuminate\\Foundation\\Http\\Middleware\\TransformsRequest->handle()
#36 /app/www/vendor/laravel/framework/src/Illuminate/Pipeline/Pipeline.php(167): Illuminate\\Foundation\\Http\\Middleware\\ConvertEmptyStringsToNull->handle()
#37 /app/www/vendor/laravel/framework/src/Illuminate/Foundation/Http/Middleware/TransformsRequest.php(21): Illuminate\\Pipeline\\Pipeline->Illuminate\\Pipeline\\{closure}()
#38 /app/www/vendor/laravel/framework/src/Illuminate/Foundation/Http/Middleware/TrimStrings.php(40): Illuminate\\Foundation\\Http\\Middleware\\TransformsRequest->handle()
#39 /app/www/vendor/laravel/framework/src/Illuminate/Pipeline/Pipeline.php(167): Illuminate\\Foundation\\Http\\Middleware\\TrimStrings->handle()
#40 /app/www/vendor/laravel/framework/src/Illuminate/Foundation/Http/Middleware/ValidatePostSize.php(27): Illuminate\\Pipeline\\Pipeline->Illuminate\\Pipeline\\{closure}()
#41 /app/www/vendor/laravel/framework/src/Illuminate/Pipeline/Pipeline.php(167): Illuminate\\Foundation\\Http\\Middleware\\ValidatePostSize->handle()
#42 /app/www/vendor/laravel/framework/src/Illuminate/Foundation/Http/Middleware/PreventRequestsDuringMaintenance.php(86): Illuminate\\Pipeline\\Pipeline->Illuminate\\Pipeline\\{closure}()
#43 /app/www/vendor/laravel/framework/src/Illuminate/Pipeline/Pipeline.php(167): Illuminate\\Foundation\\Http\\Middleware\\PreventRequestsDuringMaintenance->handle()
#44 /app/www/vendor/laravel/framework/src/Illuminate/Pipeline/Pipeline.php(103): Illuminate\\Pipeline\\Pipeline->Illuminate\\Pipeline\\{closure}()
#45 /app/www/vendor/laravel/framework/src/Illuminate/Foundation/Http/Kernel.php(142): Illuminate\\Pipeline\\Pipeline->then()
#46 /app/www/vendor/laravel/framework/src/Illuminate/Foundation/Http/Kernel.php(111): Illuminate\\Foundation\\Http\\Kernel->sendRequestThroughRouter()
#47 /app/www/public/index.php(55): Illuminate\\Foundation\\Http\\Kernel->handle()
#48 {main}
"} 
[2023-01-08 05:56:39] local.ERROR: Attempt to read property "cpu" on null {"exception":"[object] (ErrorException(code: 0): Attempt to read property \"cpu\" on null at /config/www/SupportedApps/Proxmox/Proxmox.php:59)
[stacktrace]
#0 /config/www/SupportedApps/Proxmox/Proxmox.php(59): Illuminate\\Foundation\\Bootstrap\\HandleExceptions->handleError()
#1 /app/www/app/Http/Controllers/ItemController.php(503): App\\SupportedApps\\Proxmox\\Proxmox->livestats()
#2 /app/www/vendor/laravel/framework/src/Illuminate/Routing/Controller.php(54): App\\Http\\Controllers\\ItemController->getStats()
#3 /app/www/vendor/laravel/framework/src/Illuminate/Routing/ControllerDispatcher.php(45): Illuminate\\Routing\\Controller->callAction()
#4 /app/www/vendor/laravel/framework/src/Illuminate/Routing/Route.php(262): Illuminate\\Routing\\ControllerDispatcher->dispatch()
#5 /app/www/vendor/laravel/framework/src/Illuminate/Routing/Route.php(205): Illuminate\\Routing\\Route->runController()
#6 /app/www/vendor/laravel/framework/src/Illuminate/Routing/Router.php(721): Illuminate\\Routing\\Route->run()
#7 /app/www/vendor/laravel/framework/src/Illuminate/Pipeline/Pipeline.php(128): Illuminate\\Routing\\Router->Illuminate\\Routing\\{closure}()
#8 /app/www/app/Http/Middleware/CheckAllowed.php(46): Illuminate\\Pipeline\\Pipeline->Illuminate\\Pipeline\\{closure}()
#9 /app/www/vendor/laravel/framework/src/Illuminate/Pipeline/Pipeline.php(167): App\\Http\\Middleware\\CheckAllowed->handle()
#10 /app/www/app/Http/Controllers/Controller.php(22): Illuminate\\Pipeline\\Pipeline->Illuminate\\Pipeline\\{closure}()
#11 /app/www/vendor/laravel/framework/src/Illuminate/Pipeline/Pipeline.php(149): App\\Http\\Controllers\\Controller->App\\Http\\Controllers\\{closure}()
#12 /app/www/vendor/laravel/framework/src/Illuminate/Routing/Middleware/SubstituteBindings.php(50): Illuminate\\Pipeline\\Pipeline->Illuminate\\Pipeline\\{closure}()
#13 /app/www/vendor/laravel/framework/src/Illuminate/Pipeline/Pipeline.php(167): Illuminate\\Routing\\Middleware\\SubstituteBindings->handle()
#14 /app/www/vendor/laravel/framework/src/Illuminate/Foundation/Http/Middleware/VerifyCsrfToken.php(78): Illuminate\\Pipeline\\Pipeline->Illuminate\\Pipeline\\{closure}()
#15 /app/www/vendor/laravel/framework/src/Illuminate/Pipeline/Pipeline.php(167): Illuminate\\Foundation\\Http\\Middleware\\VerifyCsrfToken->handle()
#16 /app/www/vendor/laravel/framework/src/Illuminate/View/Middleware/ShareErrorsFromSession.php(49): Illuminate\\Pipeline\\Pipeline->Illuminate\\Pipeline\\{closure}()
#17 /app/www/vendor/laravel/framework/src/Illuminate/Pipeline/Pipeline.php(167): Illuminate\\View\\Middleware\\ShareErrorsFromSession->handle()
#18 /app/www/vendor/laravel/framework/src/Illuminate/Session/Middleware/StartSession.php(121): Illuminate\\Pipeline\\Pipeline->Illuminate\\Pipeline\\{closure}()
#19 /app/www/vendor/laravel/framework/src/Illuminate/Session/Middleware/StartSession.php(64): Illuminate\\Session\\Middleware\\StartSession->handleStatefulRequest()
#20 /app/www/vendor/laravel/framework/src/Illuminate/Pipeline/Pipeline.php(167): Illuminate\\Session\\Middleware\\StartSession->handle()
#21 /app/www/vendor/laravel/framework/src/Illuminate/Cookie/Middleware/AddQueuedCookiesToResponse.php(37): Illuminate\\Pipeline\\Pipeline->Illuminate\\Pipeline\\{closure}()
#22 /app/www/vendor/laravel/framework/src/Illuminate/Pipeline/Pipeline.php(167): Illuminate\\Cookie\\Middleware\\AddQueuedCookiesToResponse->handle()
#23 /app/www/vendor/laravel/framework/src/Illuminate/Cookie/Middleware/EncryptCookies.php(67): Illuminate\\Pipeline\\Pipeline->Illuminate\\Pipeline\\{closure}()
#24 /app/www/vendor/laravel/framework/src/Illuminate/Pipeline/Pipeline.php(167): Illuminate\\Cookie\\Middleware\\EncryptCookies->handle()
#25 /app/www/vendor/laravel/framework/src/Illuminate/Pipeline/Pipeline.php(103): Illuminate\\Pipeline\\Pipeline->Illuminate\\Pipeline\\{closure}()
#26 /app/www/vendor/laravel/framework/src/Illuminate/Routing/Router.php(723): Illuminate\\Pipeline\\Pipeline->then()
#27 /app/www/vendor/laravel/framework/src/Illuminate/Routing/Router.php(698): Illuminate\\Routing\\Router->runRouteWithinStack()
#28 /app/www/vendor/laravel/framework/src/Illuminate/Routing/Router.php(662): Illuminate\\Routing\\Router->runRoute()
#29 /app/www/vendor/laravel/framework/src/Illuminate/Routing/Router.php(651): Illuminate\\Routing\\Router->dispatchToRoute()
#30 /app/www/vendor/laravel/framework/src/Illuminate/Foundation/Http/Kernel.php(167): Illuminate\\Routing\\Router->dispatch()
#31 /app/www/vendor/laravel/framework/src/Illuminate/Pipeline/Pipeline.php(128): Illuminate\\Foundation\\Http\\Kernel->Illuminate\\Foundation\\Http\\{closure}()
#32 /app/www/vendor/fideloper/proxy/src/TrustProxies.php(57): Illuminate\\Pipeline\\Pipeline->Illuminate\\Pipeline\\{closure}()
#33 /app/www/vendor/laravel/framework/src/Illuminate/Pipeline/Pipeline.php(167): Fideloper\\Proxy\\TrustProxies->handle()
#34 /app/www/vendor/laravel/framework/src/Illuminate/Foundation/Http/Middleware/TransformsRequest.php(21): Illuminate\\Pipeline\\Pipeline->Illuminate\\Pipeline\\{closure}()
#35 /app/www/vendor/laravel/framework/src/Illuminate/Foundation/Http/Middleware/ConvertEmptyStringsToNull.php(31): Illuminate\\Foundation\\Http\\Middleware\\TransformsRequest->handle()
#36 /app/www/vendor/laravel/framework/src/Illuminate/Pipeline/Pipeline.php(167): Illuminate\\Foundation\\Http\\Middleware\\ConvertEmptyStringsToNull->handle()
#37 /app/www/vendor/laravel/framework/src/Illuminate/Foundation/Http/Middleware/TransformsRequest.php(21): Illuminate\\Pipeline\\Pipeline->Illuminate\\Pipeline\\{closure}()
#38 /app/www/vendor/laravel/framework/src/Illuminate/Foundation/Http/Middleware/TrimStrings.php(40): Illuminate\\Foundation\\Http\\Middleware\\TransformsRequest->handle()
#39 /app/www/vendor/laravel/framework/src/Illuminate/Pipeline/Pipeline.php(167): Illuminate\\Foundation\\Http\\Middleware\\TrimStrings->handle()
#40 /app/www/vendor/laravel/framework/src/Illuminate/Foundation/Http/Middleware/ValidatePostSize.php(27): Illuminate\\Pipeline\\Pipeline->Illuminate\\Pipeline\\{closure}()
#41 /app/www/vendor/laravel/framework/src/Illuminate/Pipeline/Pipeline.php(167): Illuminate\\Foundation\\Http\\Middleware\\ValidatePostSize->handle()
#42 /app/www/vendor/laravel/framework/src/Illuminate/Foundation/Http/Middleware/PreventRequestsDuringMaintenance.php(86): Illuminate\\Pipeline\\Pipeline->Illuminate\\Pipeline\\{closure}()
#43 /app/www/vendor/laravel/framework/src/Illuminate/Pipeline/Pipeline.php(167): Illuminate\\Foundation\\Http\\Middleware\\PreventRequestsDuringMaintenance->handle()
#44 /app/www/vendor/laravel/framework/src/Illuminate/Pipeline/Pipeline.php(103): Illuminate\\Pipeline\\Pipeline->Illuminate\\Pipeline\\{closure}()
#45 /app/www/vendor/laravel/framework/src/Illuminate/Foundation/Http/Kernel.php(142): Illuminate\\Pipeline\\Pipeline->then()
#46 /app/www/vendor/laravel/framework/src/Illuminate/Foundation/Http/Kernel.php(111): Illuminate\\Foundation\\Http\\Kernel->sendRequestThroughRouter()
#47 /app/www/public/index.php(55): Illuminate\\Foundation\\Http\\Kernel->handle()
#48 {main}
"} 
[2023-01-08 05:56:46] local.ERROR: Attempt to read property "cpu" on null {"exception":"[object] (ErrorException(code: 0): Attempt to read property \"cpu\" on null at /config/www/SupportedApps/Proxmox/Proxmox.php:59)
[stacktrace]
#0 /config/www/SupportedApps/Proxmox/Proxmox.php(59): Illuminate\\Foundation\\Bootstrap\\HandleExceptions->handleError()
#1 /app/www/app/Http/Controllers/ItemController.php(503): App\\SupportedApps\\Proxmox\\Proxmox->livestats()
#2 /app/www/vendor/laravel/framework/src/Illuminate/Routing/Controller.php(54): App\\Http\\Controllers\\ItemController->getStats()
#3 /app/www/vendor/laravel/framework/src/Illuminate/Routing/ControllerDispatcher.php(45): Illuminate\\Routing\\Controller->callAction()
#4 /app/www/vendor/laravel/framework/src/Illuminate/Routing/Route.php(262): Illuminate\\Routing\\ControllerDispatcher->dispatch()
#5 /app/www/vendor/laravel/framework/src/Illuminate/Routing/Route.php(205): Illuminate\\Routing\\Route->runController()
#6 /app/www/vendor/laravel/framework/src/Illuminate/Routing/Router.php(721): Illuminate\\Routing\\Route->run()
#7 /app/www/vendor/laravel/framework/src/Illuminate/Pipeline/Pipeline.php(128): Illuminate\\Routing\\Router->Illuminate\\Routing\\{closure}()
#8 /app/www/app/Http/Middleware/CheckAllowed.php(46): Illuminate\\Pipeline\\Pipeline->Illuminate\\Pipeline\\{closure}()
#9 /app/www/vendor/laravel/framework/src/Illuminate/Pipeline/Pipeline.php(167): App\\Http\\Middleware\\CheckAllowed->handle()
#10 /app/www/app/Http/Controllers/Controller.php(22): Illuminate\\Pipeline\\Pipeline->Illuminate\\Pipeline\\{closure}()
#11 /app/www/vendor/laravel/framework/src/Illuminate/Pipeline/Pipeline.php(149): App\\Http\\Controllers\\Controller->App\\Http\\Controllers\\{closure}()
#12 /app/www/vendor/laravel/framework/src/Illuminate/Routing/Middleware/SubstituteBindings.php(50): Illuminate\\Pipeline\\Pipeline->Illuminate\\Pipeline\\{closure}()
#13 /app/www/vendor/laravel/framework/src/Illuminate/Pipeline/Pipeline.php(167): Illuminate\\Routing\\Middleware\\SubstituteBindings->handle()
#14 /app/www/vendor/laravel/framework/src/Illuminate/Foundation/Http/Middleware/VerifyCsrfToken.php(78): Illuminate\\Pipeline\\Pipeline->Illuminate\\Pipeline\\{closure}()
#15 /app/www/vendor/laravel/framework/src/Illuminate/Pipeline/Pipeline.php(167): Illuminate\\Foundation\\Http\\Middleware\\VerifyCsrfToken->handle()
#16 /app/www/vendor/laravel/framework/src/Illuminate/View/Middleware/ShareErrorsFromSession.php(49): Illuminate\\Pipeline\\Pipeline->Illuminate\\Pipeline\\{closure}()
#17 /app/www/vendor/laravel/framework/src/Illuminate/Pipeline/Pipeline.php(167): Illuminate\\View\\Middleware\\ShareErrorsFromSession->handle()
#18 /app/www/vendor/laravel/framework/src/Illuminate/Session/Middleware/StartSession.php(121): Illuminate\\Pipeline\\Pipeline->Illuminate\\Pipeline\\{closure}()
#19 /app/www/vendor/laravel/framework/src/Illuminate/Session/Middleware/StartSession.php(64): Illuminate\\Session\\Middleware\\StartSession->handleStatefulRequest()
#20 /app/www/vendor/laravel/framework/src/Illuminate/Pipeline/Pipeline.php(167): Illuminate\\Session\\Middleware\\StartSession->handle()
#21 /app/www/vendor/laravel/framework/src/Illuminate/Cookie/Middleware/AddQueuedCookiesToResponse.php(37): Illuminate\\Pipeline\\Pipeline->Illuminate\\Pipeline\\{closure}()
#22 /app/www/vendor/laravel/framework/src/Illuminate/Pipeline/Pipeline.php(167): Illuminate\\Cookie\\Middleware\\AddQueuedCookiesToResponse->handle()
#23 /app/www/vendor/laravel/framework/src/Illuminate/Cookie/Middleware/EncryptCookies.php(67): Illuminate\\Pipeline\\Pipeline->Illuminate\\Pipeline\\{closure}()
#24 /app/www/vendor/laravel/framework/src/Illuminate/Pipeline/Pipeline.php(167): Illuminate\\Cookie\\Middleware\\EncryptCookies->handle()
#25 /app/www/vendor/laravel/framework/src/Illuminate/Pipeline/Pipeline.php(103): Illuminate\\Pipeline\\Pipeline->Illuminate\\Pipeline\\{closure}()
#26 /app/www/vendor/laravel/framework/src/Illuminate/Routing/Router.php(723): Illuminate\\Pipeline\\Pipeline->then()
#27 /app/www/vendor/laravel/framework/src/Illuminate/Routing/Router.php(698): Illuminate\\Routing\\Router->runRouteWithinStack()
#28 /app/www/vendor/laravel/framework/src/Illuminate/Routing/Router.php(662): Illuminate\\Routing\\Router->runRoute()
#29 /app/www/vendor/laravel/framework/src/Illuminate/Routing/Router.php(651): Illuminate\\Routing\\Router->dispatchToRoute()
#30 /app/www/vendor/laravel/framework/src/Illuminate/Foundation/Http/Kernel.php(167): Illuminate\\Routing\\Router->dispatch()
#31 /app/www/vendor/laravel/framework/src/Illuminate/Pipeline/Pipeline.php(128): Illuminate\\Foundation\\Http\\Kernel->Illuminate\\Foundation\\Http\\{closure}()
#32 /app/www/vendor/fideloper/proxy/src/TrustProxies.php(57): Illuminate\\Pipeline\\Pipeline->Illuminate\\Pipeline\\{closure}()
#33 /app/www/vendor/laravel/framework/src/Illuminate/Pipeline/Pipeline.php(167): Fideloper\\Proxy\\TrustProxies->handle()
#34 /app/www/vendor/laravel/framework/src/Illuminate/Foundation/Http/Middleware/TransformsRequest.php(21): Illuminate\\Pipeline\\Pipeline->Illuminate\\Pipeline\\{closure}()
#35 /app/www/vendor/laravel/framework/src/Illuminate/Foundation/Http/Middleware/ConvertEmptyStringsToNull.php(31): Illuminate\\Foundation\\Http\\Middleware\\TransformsRequest->handle()
#36 /app/www/vendor/laravel/framework/src/Illuminate/Pipeline/Pipeline.php(167): Illuminate\\Foundation\\Http\\Middleware\\ConvertEmptyStringsToNull->handle()
#37 /app/www/vendor/laravel/framework/src/Illuminate/Foundation/Http/Middleware/TransformsRequest.php(21): Illuminate\\Pipeline\\Pipeline->Illuminate\\Pipeline\\{closure}()
#38 /app/www/vendor/laravel/framework/src/Illuminate/Foundation/Http/Middleware/TrimStrings.php(40): Illuminate\\Foundation\\Http\\Middleware\\TransformsRequest->handle()
#39 /app/www/vendor/laravel/framework/src/Illuminate/Pipeline/Pipeline.php(167): Illuminate\\Foundation\\Http\\Middleware\\TrimStrings->handle()
#40 /app/www/vendor/laravel/framework/src/Illuminate/Foundation/Http/Middleware/ValidatePostSize.php(27): Illuminate\\Pipeline\\Pipeline->Illuminate\\Pipeline\\{closure}()
#41 /app/www/vendor/laravel/framework/src/Illuminate/Pipeline/Pipeline.php(167): Illuminate\\Foundation\\Http\\Middleware\\ValidatePostSize->handle()
#42 /app/www/vendor/laravel/framework/src/Illuminate/Foundation/Http/Middleware/PreventRequestsDuringMaintenance.php(86): Illuminate\\Pipeline\\Pipeline->Illuminate\\Pipeline\\{closure}()
#43 /app/www/vendor/laravel/framework/src/Illuminate/Pipeline/Pipeline.php(167): Illuminate\\Foundation\\Http\\Middleware\\PreventRequestsDuringMaintenance->handle()
#44 /app/www/vendor/laravel/framework/src/Illuminate/Pipeline/Pipeline.php(103): Illuminate\\Pipeline\\Pipeline->Illuminate\\Pipeline\\{closure}()
#45 /app/www/vendor/laravel/framework/src/Illuminate/Foundation/Http/Kernel.php(142): Illuminate\\Pipeline\\Pipeline->then()
#46 /app/www/vendor/laravel/framework/src/Illuminate/Foundation/Http/Kernel.php(111): Illuminate\\Foundation\\Http\\Kernel->sendRequestThroughRouter()
#47 /app/www/public/index.php(55): Illuminate\\Foundation\\Http\\Kernel->handle()
#48 {main}
"} 
[2023-01-08 05:56:46] local.ERROR: Attempt to read property "cpu" on null {"exception":"[object] (ErrorException(code: 0): Attempt to read property \"cpu\" on null at /config/www/SupportedApps/Proxmox/Proxmox.php:59)
[stacktrace]
#0 /config/www/SupportedApps/Proxmox/Proxmox.php(59): Illuminate\\Foundation\\Bootstrap\\HandleExceptions->handleError()
#1 /app/www/app/Http/Controllers/ItemController.php(503): App\\SupportedApps\\Proxmox\\Proxmox->livestats()
#2 /app/www/vendor/laravel/framework/src/Illuminate/Routing/Controller.php(54): App\\Http\\Controllers\\ItemController->getStats()
#3 /app/www/vendor/laravel/framework/src/Illuminate/Routing/ControllerDispatcher.php(45): Illuminate\\Routing\\Controller->callAction()
#4 /app/www/vendor/laravel/framework/src/Illuminate/Routing/Route.php(262): Illuminate\\Routing\\ControllerDispatcher->dispatch()
#5 /app/www/vendor/laravel/framework/src/Illuminate/Routing/Route.php(205): Illuminate\\Routing\\Route->runController()
#6 /app/www/vendor/laravel/framework/src/Illuminate/Routing/Router.php(721): Illuminate\\Routing\\Route->run()
#7 /app/www/vendor/laravel/framework/src/Illuminate/Pipeline/Pipeline.php(128): Illuminate\\Routing\\Router->Illuminate\\Routing\\{closure}()
#8 /app/www/app/Http/Middleware/CheckAllowed.php(46): Illuminate\\Pipeline\\Pipeline->Illuminate\\Pipeline\\{closure}()
#9 /app/www/vendor/laravel/framework/src/Illuminate/Pipeline/Pipeline.php(167): App\\Http\\Middleware\\CheckAllowed->handle()
#10 /app/www/app/Http/Controllers/Controller.php(22): Illuminate\\Pipeline\\Pipeline->Illuminate\\Pipeline\\{closure}()
#11 /app/www/vendor/laravel/framework/src/Illuminate/Pipeline/Pipeline.php(149): App\\Http\\Controllers\\Controller->App\\Http\\Controllers\\{closure}()
#12 /app/www/vendor/laravel/framework/src/Illuminate/Routing/Middleware/SubstituteBindings.php(50): Illuminate\\Pipeline\\Pipeline->Illuminate\\Pipeline\\{closure}()
#13 /app/www/vendor/laravel/framework/src/Illuminate/Pipeline/Pipeline.php(167): Illuminate\\Routing\\Middleware\\SubstituteBindings->handle()
#14 /app/www/vendor/laravel/framework/src/Illuminate/Foundation/Http/Middleware/VerifyCsrfToken.php(78): Illuminate\\Pipeline\\Pipeline->Illuminate\\Pipeline\\{closure}()
#15 /app/www/vendor/laravel/framework/src/Illuminate/Pipeline/Pipeline.php(167): Illuminate\\Foundation\\Http\\Middleware\\VerifyCsrfToken->handle()
#16 /app/www/vendor/laravel/framework/src/Illuminate/View/Middleware/ShareErrorsFromSession.php(49): Illuminate\\Pipeline\\Pipeline->Illuminate\\Pipeline\\{closure}()
#17 /app/www/vendor/laravel/framework/src/Illuminate/Pipeline/Pipeline.php(167): Illuminate\\View\\Middleware\\ShareErrorsFromSession->handle()
#18 /app/www/vendor/laravel/framework/src/Illuminate/Session/Middleware/StartSession.php(121): Illuminate\\Pipeline\\Pipeline->Illuminate\\Pipeline\\{closure}()
#19 /app/www/vendor/laravel/framework/src/Illuminate/Session/Middleware/StartSession.php(64): Illuminate\\Session\\Middleware\\StartSession->handleStatefulRequest()
#20 /app/www/vendor/laravel/framework/src/Illuminate/Pipeline/Pipeline.php(167): Illuminate\\Session\\Middleware\\StartSession->handle()
#21 /app/www/vendor/laravel/framework/src/Illuminate/Cookie/Middleware/AddQueuedCookiesToResponse.php(37): Illuminate\\Pipeline\\Pipeline->Illuminate\\Pipeline\\{closure}()
#22 /app/www/vendor/laravel/framework/src/Illuminate/Pipeline/Pipeline.php(167): Illuminate\\Cookie\\Middleware\\AddQueuedCookiesToResponse->handle()
#23 /app/www/vendor/laravel/framework/src/Illuminate/Cookie/Middleware/EncryptCookies.php(67): Illuminate\\Pipeline\\Pipeline->Illuminate\\Pipeline\\{closure}()
#24 /app/www/vendor/laravel/framework/src/Illuminate/Pipeline/Pipeline.php(167): Illuminate\\Cookie\\Middleware\\EncryptCookies->handle()
#25 /app/www/vendor/laravel/framework/src/Illuminate/Pipeline/Pipeline.php(103): Illuminate\\Pipeline\\Pipeline->Illuminate\\Pipeline\\{closure}()
#26 /app/www/vendor/laravel/framework/src/Illuminate/Routing/Router.php(723): Illuminate\\Pipeline\\Pipeline->then()
#27 /app/www/vendor/laravel/framework/src/Illuminate/Routing/Router.php(698): Illuminate\\Routing\\Router->runRouteWithinStack()
#28 /app/www/vendor/laravel/framework/src/Illuminate/Routing/Router.php(662): Illuminate\\Routing\\Router->runRoute()
#29 /app/www/vendor/laravel/framework/src/Illuminate/Routing/Router.php(651): Illuminate\\Routing\\Router->dispatchToRoute()
#30 /app/www/vendor/laravel/framework/src/Illuminate/Foundation/Http/Kernel.php(167): Illuminate\\Routing\\Router->dispatch()
#31 /app/www/vendor/laravel/framework/src/Illuminate/Pipeline/Pipeline.php(128): Illuminate\\Foundation\\Http\\Kernel->Illuminate\\Foundation\\Http\\{closure}()
#32 /app/www/vendor/fideloper/proxy/src/TrustProxies.php(57): Illuminate\\Pipeline\\Pipeline->Illuminate\\Pipeline\\{closure}()
#33 /app/www/vendor/laravel/framework/src/Illuminate/Pipeline/Pipeline.php(167): Fideloper\\Proxy\\TrustProxies->handle()
#34 /app/www/vendor/laravel/framework/src/Illuminate/Foundation/Http/Middleware/TransformsRequest.php(21): Illuminate\\Pipeline\\Pipeline->Illuminate\\Pipeline\\{closure}()
#35 /app/www/vendor/laravel/framework/src/Illuminate/Foundation/Http/Middleware/ConvertEmptyStringsToNull.php(31): Illuminate\\Foundation\\Http\\Middleware\\TransformsRequest->handle()
#36 /app/www/vendor/laravel/framework/src/Illuminate/Pipeline/Pipeline.php(167): Illuminate\\Foundation\\Http\\Middleware\\ConvertEmptyStringsToNull->handle()
#37 /app/www/vendor/laravel/framework/src/Illuminate/Foundation/Http/Middleware/TransformsRequest.php(21): Illuminate\\Pipeline\\Pipeline->Illuminate\\Pipeline\\{closure}()
#38 /app/www/vendor/laravel/framework/src/Illuminate/Foundation/Http/Middleware/TrimStrings.php(40): Illuminate\\Foundation\\Http\\Middleware\\TransformsRequest->handle()
#39 /app/www/vendor/laravel/framework/src/Illuminate/Pipeline/Pipeline.php(167): Illuminate\\Foundation\\Http\\Middleware\\TrimStrings->handle()
#40 /app/www/vendor/laravel/framework/src/Illuminate/Foundation/Http/Middleware/ValidatePostSize.php(27): Illuminate\\Pipeline\\Pipeline->Illuminate\\Pipeline\\{closure}()
#41 /app/www/vendor/laravel/framework/src/Illuminate/Pipeline/Pipeline.php(167): Illuminate\\Foundation\\Http\\Middleware\\ValidatePostSize->handle()
#42 /app/www/vendor/laravel/framework/src/Illuminate/Foundation/Http/Middleware/PreventRequestsDuringMaintenance.php(86): Illuminate\\Pipeline\\Pipeline->Illuminate\\Pipeline\\{closure}()
#43 /app/www/vendor/laravel/framework/src/Illuminate/Pipeline/Pipeline.php(167): Illuminate\\Foundation\\Http\\Middleware\\PreventRequestsDuringMaintenance->handle()
#44 /app/www/vendor/laravel/framework/src/Illuminate/Pipeline/Pipeline.php(103): Illuminate\\Pipeline\\Pipeline->Illuminate\\Pipeline\\{closure}()
#45 /app/www/vendor/laravel/framework/src/Illuminate/Foundation/Http/Kernel.php(142): Illuminate\\Pipeline\\Pipeline->then()
#46 /app/www/vendor/laravel/framework/src/Illuminate/Foundation/Http/Kernel.php(111): Illuminate\\Foundation\\Http\\Kernel->sendRequestThroughRouter()
#47 /app/www/public/index.php(55): Illuminate\\Foundation\\Http\\Kernel->handle()
#48 {main}
"} 
[2023-01-08 05:56:46] local.ERROR: Attempt to read property "cpu" on null {"exception":"[object] (ErrorException(code: 0): Attempt to read property \"cpu\" on null at /config/www/SupportedApps/Proxmox/Proxmox.php:59)
[stacktrace]
#0 /config/www/SupportedApps/Proxmox/Proxmox.php(59): Illuminate\\Foundation\\Bootstrap\\HandleExceptions->handleError()
#1 /app/www/app/Http/Controllers/ItemController.php(503): App\\SupportedApps\\Proxmox\\Proxmox->livestats()
#2 /app/www/vendor/laravel/framework/src/Illuminate/Routing/Controller.php(54): App\\Http\\Controllers\\ItemController->getStats()
#3 /app/www/vendor/laravel/framework/src/Illuminate/Routing/ControllerDispatcher.php(45): Illuminate\\Routing\\Controller->callAction()
#4 /app/www/vendor/laravel/framework/src/Illuminate/Routing/Route.php(262): Illuminate\\Routing\\ControllerDispatcher->dispatch()
#5 /app/www/vendor/laravel/framework/src/Illuminate/Routing/Route.php(205): Illuminate\\Routing\\Route->runController()
#6 /app/www/vendor/laravel/framework/src/Illuminate/Routing/Router.php(721): Illuminate\\Routing\\Route->run()
#7 /app/www/vendor/laravel/framework/src/Illuminate/Pipeline/Pipeline.php(128): Illuminate\\Routing\\Router->Illuminate\\Routing\\{closure}()
#8 /app/www/app/Http/Middleware/CheckAllowed.php(46): Illuminate\\Pipeline\\Pipeline->Illuminate\\Pipeline\\{closure}()
#9 /app/www/vendor/laravel/framework/src/Illuminate/Pipeline/Pipeline.php(167): App\\Http\\Middleware\\CheckAllowed->handle()
#10 /app/www/app/Http/Controllers/Controller.php(22): Illuminate\\Pipeline\\Pipeline->Illuminate\\Pipeline\\{closure}()
#11 /app/www/vendor/laravel/framework/src/Illuminate/Pipeline/Pipeline.php(149): App\\Http\\Controllers\\Controller->App\\Http\\Controllers\\{closure}()
#12 /app/www/vendor/laravel/framework/src/Illuminate/Routing/Middleware/SubstituteBindings.php(50): Illuminate\\Pipeline\\Pipeline->Illuminate\\Pipeline\\{closure}()
#13 /app/www/vendor/laravel/framework/src/Illuminate/Pipeline/Pipeline.php(167): Illuminate\\Routing\\Middleware\\SubstituteBindings->handle()
#14 /app/www/vendor/laravel/framework/src/Illuminate/Foundation/Http/Middleware/VerifyCsrfToken.php(78): Illuminate\\Pipeline\\Pipeline->Illuminate\\Pipeline\\{closure}()
#15 /app/www/vendor/laravel/framework/src/Illuminate/Pipeline/Pipeline.php(167): Illuminate\\Foundation\\Http\\Middleware\\VerifyCsrfToken->handle()
#16 /app/www/vendor/laravel/framework/src/Illuminate/View/Middleware/ShareErrorsFromSession.php(49): Illuminate\\Pipeline\\Pipeline->Illuminate\\Pipeline\\{closure}()
#17 /app/www/vendor/laravel/framework/src/Illuminate/Pipeline/Pipeline.php(167): Illuminate\\View\\Middleware\\ShareErrorsFromSession->handle()
#18 /app/www/vendor/laravel/framework/src/Illuminate/Session/Middleware/StartSession.php(121): Illuminate\\Pipeline\\Pipeline->Illuminate\\Pipeline\\{closure}()
#19 /app/www/vendor/laravel/framework/src/Illuminate/Session/Middleware/StartSession.php(64): Illuminate\\Session\\Middleware\\StartSession->handleStatefulRequest()
#20 /app/www/vendor/laravel/framework/src/Illuminate/Pipeline/Pipeline.php(167): Illuminate\\Session\\Middleware\\StartSession->handle()
#21 /app/www/vendor/laravel/framework/src/Illuminate/Cookie/Middleware/AddQueuedCookiesToResponse.php(37): Illuminate\\Pipeline\\Pipeline->Illuminate\\Pipeline\\{closure}()
#22 /app/www/vendor/laravel/framework/src/Illuminate/Pipeline/Pipeline.php(167): Illuminate\\Cookie\\Middleware\\AddQueuedCookiesToResponse->handle()
#23 /app/www/vendor/laravel/framework/src/Illuminate/Cookie/Middleware/EncryptCookies.php(67): Illuminate\\Pipeline\\Pipeline->Illuminate\\Pipeline\\{closure}()
#24 /app/www/vendor/laravel/framework/src/Illuminate/Pipeline/Pipeline.php(167): Illuminate\\Cookie\\Middleware\\EncryptCookies->handle()
#25 /app/www/vendor/laravel/framework/src/Illuminate/Pipeline/Pipeline.php(103): Illuminate\\Pipeline\\Pipeline->Illuminate\\Pipeline\\{closure}()
#26 /app/www/vendor/laravel/framework/src/Illuminate/Routing/Router.php(723): Illuminate\\Pipeline\\Pipeline->then()
#27 /app/www/vendor/laravel/framework/src/Illuminate/Routing/Router.php(698): Illuminate\\Routing\\Router->runRouteWithinStack()
#28 /app/www/vendor/laravel/framework/src/Illuminate/Routing/Router.php(662): Illuminate\\Routing\\Router->runRoute()
#29 /app/www/vendor/laravel/framework/src/Illuminate/Routing/Router.php(651): Illuminate\\Routing\\Router->dispatchToRoute()
#30 /app/www/vendor/laravel/framework/src/Illuminate/Foundation/Http/Kernel.php(167): Illuminate\\Routing\\Router->dispatch()
#31 /app/www/vendor/laravel/framework/src/Illuminate/Pipeline/Pipeline.php(128): Illuminate\\Foundation\\Http\\Kernel->Illuminate\\Foundation\\Http\\{closure}()
#32 /app/www/vendor/fideloper/proxy/src/TrustProxies.php(57): Illuminate\\Pipeline\\Pipeline->Illuminate\\Pipeline\\{closure}()
#33 /app/www/vendor/laravel/framework/src/Illuminate/Pipeline/Pipeline.php(167): Fideloper\\Proxy\\TrustProxies->handle()
#34 /app/www/vendor/laravel/framework/src/Illuminate/Foundation/Http/Middleware/TransformsRequest.php(21): Illuminate\\Pipeline\\Pipeline->Illuminate\\Pipeline\\{closure}()
#35 /app/www/vendor/laravel/framework/src/Illuminate/Foundation/Http/Middleware/ConvertEmptyStringsToNull.php(31): Illuminate\\Foundation\\Http\\Middleware\\TransformsRequest->handle()
#36 /app/www/vendor/laravel/framework/src/Illuminate/Pipeline/Pipeline.php(167): Illuminate\\Foundation\\Http\\Middleware\\ConvertEmptyStringsToNull->handle()
#37 /app/www/vendor/laravel/framework/src/Illuminate/Foundation/Http/Middleware/TransformsRequest.php(21): Illuminate\\Pipeline\\Pipeline->Illuminate\\Pipeline\\{closure}()
#38 /app/www/vendor/laravel/framework/src/Illuminate/Foundation/Http/Middleware/TrimStrings.php(40): Illuminate\\Foundation\\Http\\Middleware\\TransformsRequest->handle()
#39 /app/www/vendor/laravel/framework/src/Illuminate/Pipeline/Pipeline.php(167): Illuminate\\Foundation\\Http\\Middleware\\TrimStrings->handle()
#40 /app/www/vendor/laravel/framework/src/Illuminate/Foundation/Http/Middleware/ValidatePostSize.php(27): Illuminate\\Pipeline\\Pipeline->Illuminate\\Pipeline\\{closure}()
#41 /app/www/vendor/laravel/framework/src/Illuminate/Pipeline/Pipeline.php(167): Illuminate\\Foundation\\Http\\Middleware\\ValidatePostSize->handle()
#42 /app/www/vendor/laravel/framework/src/Illuminate/Foundation/Http/Middleware/PreventRequestsDuringMaintenance.php(86): Illuminate\\Pipeline\\Pipeline->Illuminate\\Pipeline\\{closure}()
#43 /app/www/vendor/laravel/framework/src/Illuminate/Pipeline/Pipeline.php(167): Illuminate\\Foundation\\Http\\Middleware\\PreventRequestsDuringMaintenance->handle()
#44 /app/www/vendor/laravel/framework/src/Illuminate/Pipeline/Pipeline.php(103): Illuminate\\Pipeline\\Pipeline->Illuminate\\Pipeline\\{closure}()
#45 /app/www/vendor/laravel/framework/src/Illuminate/Foundation/Http/Kernel.php(142): Illuminate\\Pipeline\\Pipeline->then()
#46 /app/www/vendor/laravel/framework/src/Illuminate/Foundation/Http/Kernel.php(111): Illuminate\\Foundation\\Http\\Kernel->sendRequestThroughRouter()
#47 /app/www/public/index.php(55): Illuminate\\Foundation\\Http\\Kernel->handle()
#48 {main}
"} 
[2023-01-08 05:57:35] local.DEBUG: Get app triggered for: aebda823a279b219476c565be863d83739999502  
[2023-01-08 05:57:35] local.DEBUG: Download triggered for stdClass Object
(
    [appid] => aebda823a279b219476c565be863d83739999502
    [name] => Plex
    [website] => https://www.plex.tv
    [license] => Freemium
    [description] => Plex media server allows you to aggregate all your personal media and access it anywhere you go. Enjoy your own content on all your devices with Plex.
    [enhanced] => 1
    [tile_background] => dark
    [icon] => plex.png
    [sha] => a2adcd1b7c59861f74fc283951495f7044491e08
    [class] => \App\SupportedApps\Plex\Plex
)
  
[2023-01-08 06:00:19] local.ERROR: Attempt to read property "cpu" on null {"exception":"[object] (ErrorException(code: 0): Attempt to read property \"cpu\" on null at /config/www/SupportedApps/Proxmox/Proxmox.php:59)
[stacktrace]
#0 /config/www/SupportedApps/Proxmox/Proxmox.php(59): Illuminate\\Foundation\\Bootstrap\\HandleExceptions->handleError()
#1 /app/www/app/Http/Controllers/ItemController.php(503): App\\SupportedApps\\Proxmox\\Proxmox->livestats()
#2 /app/www/vendor/laravel/framework/src/Illuminate/Routing/Controller.php(54): App\\Http\\Controllers\\ItemController->getStats()
#3 /app/www/vendor/laravel/framework/src/Illuminate/Routing/ControllerDispatcher.php(45): Illuminate\\Routing\\Controller->callAction()
#4 /app/www/vendor/laravel/framework/src/Illuminate/Routing/Route.php(262): Illuminate\\Routing\\ControllerDispatcher->dispatch()
#5 /app/www/vendor/laravel/framework/src/Illuminate/Routing/Route.php(205): Illuminate\\Routing\\Route->runController()
#6 /app/www/vendor/laravel/framework/src/Illuminate/Routing/Router.php(721): Illuminate\\Routing\\Route->run()
#7 /app/www/vendor/laravel/framework/src/Illuminate/Pipeline/Pipeline.php(128): Illuminate\\Routing\\Router->Illuminate\\Routing\\{closure}()
#8 /app/www/app/Http/Middleware/CheckAllowed.php(46): Illuminate\\Pipeline\\Pipeline->Illuminate\\Pipeline\\{closure}()
#9 /app/www/vendor/laravel/framework/src/Illuminate/Pipeline/Pipeline.php(167): App\\Http\\Middleware\\CheckAllowed->handle()
#10 /app/www/app/Http/Controllers/Controller.php(22): Illuminate\\Pipeline\\Pipeline->Illuminate\\Pipeline\\{closure}()
#11 /app/www/vendor/laravel/framework/src/Illuminate/Pipeline/Pipeline.php(149): App\\Http\\Controllers\\Controller->App\\Http\\Controllers\\{closure}()
#12 /app/www/vendor/laravel/framework/src/Illuminate/Routing/Middleware/SubstituteBindings.php(50): Illuminate\\Pipeline\\Pipeline->Illuminate\\Pipeline\\{closure}()
#13 /app/www/vendor/laravel/framework/src/Illuminate/Pipeline/Pipeline.php(167): Illuminate\\Routing\\Middleware\\SubstituteBindings->handle()
#14 /app/www/vendor/laravel/framework/src/Illuminate/Foundation/Http/Middleware/VerifyCsrfToken.php(78): Illuminate\\Pipeline\\Pipeline->Illuminate\\Pipeline\\{closure}()
#15 /app/www/vendor/laravel/framework/src/Illuminate/Pipeline/Pipeline.php(167): Illuminate\\Foundation\\Http\\Middleware\\VerifyCsrfToken->handle()
#16 /app/www/vendor/laravel/framework/src/Illuminate/View/Middleware/ShareErrorsFromSession.php(49): Illuminate\\Pipeline\\Pipeline->Illuminate\\Pipeline\\{closure}()
#17 /app/www/vendor/laravel/framework/src/Illuminate/Pipeline/Pipeline.php(167): Illuminate\\View\\Middleware\\ShareErrorsFromSession->handle()
#18 /app/www/vendor/laravel/framework/src/Illuminate/Session/Middleware/StartSession.php(121): Illuminate\\Pipeline\\Pipeline->Illuminate\\Pipeline\\{closure}()
#19 /app/www/vendor/laravel/framework/src/Illuminate/Session/Middleware/StartSession.php(64): Illuminate\\Session\\Middleware\\StartSession->handleStatefulRequest()
#20 /app/www/vendor/laravel/framework/src/Illuminate/Pipeline/Pipeline.php(167): Illuminate\\Session\\Middleware\\StartSession->handle()
#21 /app/www/vendor/laravel/framework/src/Illuminate/Cookie/Middleware/AddQueuedCookiesToResponse.php(37): Illuminate\\Pipeline\\Pipeline->Illuminate\\Pipeline\\{closure}()
#22 /app/www/vendor/laravel/framework/src/Illuminate/Pipeline/Pipeline.php(167): Illuminate\\Cookie\\Middleware\\AddQueuedCookiesToResponse->handle()
#23 /app/www/vendor/laravel/framework/src/Illuminate/Cookie/Middleware/EncryptCookies.php(67): Illuminate\\Pipeline\\Pipeline->Illuminate\\Pipeline\\{closure}()
#24 /app/www/vendor/laravel/framework/src/Illuminate/Pipeline/Pipeline.php(167): Illuminate\\Cookie\\Middleware\\EncryptCookies->handle()
#25 /app/www/vendor/laravel/framework/src/Illuminate/Pipeline/Pipeline.php(103): Illuminate\\Pipeline\\Pipeline->Illuminate\\Pipeline\\{closure}()
#26 /app/www/vendor/laravel/framework/src/Illuminate/Routing/Router.php(723): Illuminate\\Pipeline\\Pipeline->then()
#27 /app/www/vendor/laravel/framework/src/Illuminate/Routing/Router.php(698): Illuminate\\Routing\\Router->runRouteWithinStack()
#28 /app/www/vendor/laravel/framework/src/Illuminate/Routing/Router.php(662): Illuminate\\Routing\\Router->runRoute()
#29 /app/www/vendor/laravel/framework/src/Illuminate/Routing/Router.php(651): Illuminate\\Routing\\Router->dispatchToRoute()
#30 /app/www/vendor/laravel/framework/src/Illuminate/Foundation/Http/Kernel.php(167): Illuminate\\Routing\\Router->dispatch()
#31 /app/www/vendor/laravel/framework/src/Illuminate/Pipeline/Pipeline.php(128): Illuminate\\Foundation\\Http\\Kernel->Illuminate\\Foundation\\Http\\{closure}()
#32 /app/www/vendor/fideloper/proxy/src/TrustProxies.php(57): Illuminate\\Pipeline\\Pipeline->Illuminate\\Pipeline\\{closure}()
#33 /app/www/vendor/laravel/framework/src/Illuminate/Pipeline/Pipeline.php(167): Fideloper\\Proxy\\TrustProxies->handle()
#34 /app/www/vendor/laravel/framework/src/Illuminate/Foundation/Http/Middleware/TransformsRequest.php(21): Illuminate\\Pipeline\\Pipeline->Illuminate\\Pipeline\\{closure}()
#35 /app/www/vendor/laravel/framework/src/Illuminate/Foundation/Http/Middleware/ConvertEmptyStringsToNull.php(31): Illuminate\\Foundation\\Http\\Middleware\\TransformsRequest->handle()
#36 /app/www/vendor/laravel/framework/src/Illuminate/Pipeline/Pipeline.php(167): Illuminate\\Foundation\\Http\\Middleware\\ConvertEmptyStringsToNull->handle()
#37 /app/www/vendor/laravel/framework/src/Illuminate/Foundation/Http/Middleware/TransformsRequest.php(21): Illuminate\\Pipeline\\Pipeline->Illuminate\\Pipeline\\{closure}()
#38 /app/www/vendor/laravel/framework/src/Illuminate/Foundation/Http/Middleware/TrimStrings.php(40): Illuminate\\Foundation\\Http\\Middleware\\TransformsRequest->handle()
#39 /app/www/vendor/laravel/framework/src/Illuminate/Pipeline/Pipeline.php(167): Illuminate\\Foundation\\Http\\Middleware\\TrimStrings->handle()
#40 /app/www/vendor/laravel/framework/src/Illuminate/Foundation/Http/Middleware/ValidatePostSize.php(27): Illuminate\\Pipeline\\Pipeline->Illuminate\\Pipeline\\{closure}()
#41 /app/www/vendor/laravel/framework/src/Illuminate/Pipeline/Pipeline.php(167): Illuminate\\Foundation\\Http\\Middleware\\ValidatePostSize->handle()
#42 /app/www/vendor/laravel/framework/src/Illuminate/Foundation/Http/Middleware/PreventRequestsDuringMaintenance.php(86): Illuminate\\Pipeline\\Pipeline->Illuminate\\Pipeline\\{closure}()
#43 /app/www/vendor/laravel/framework/src/Illuminate/Pipeline/Pipeline.php(167): Illuminate\\Foundation\\Http\\Middleware\\PreventRequestsDuringMaintenance->handle()
#44 /app/www/vendor/laravel/framework/src/Illuminate/Pipeline/Pipeline.php(103): Illuminate\\Pipeline\\Pipeline->Illuminate\\Pipeline\\{closure}()
#45 /app/www/vendor/laravel/framework/src/Illuminate/Foundation/Http/Kernel.php(142): Illuminate\\Pipeline\\Pipeline->then()
#46 /app/www/vendor/laravel/framework/src/Illuminate/Foundation/Http/Kernel.php(111): Illuminate\\Foundation\\Http\\Kernel->sendRequestThroughRouter()
#47 /app/www/public/index.php(55): Illuminate\\Foundation\\Http\\Kernel->handle()
#48 {main}
"} 
[2023-01-08 06:00:20] local.ERROR: Attempt to read property "cpu" on null {"exception":"[object] (ErrorException(code: 0): Attempt to read property \"cpu\" on null at /config/www/SupportedApps/Proxmox/Proxmox.php:59)
[stacktrace]
#0 /config/www/SupportedApps/Proxmox/Proxmox.php(59): Illuminate\\Foundation\\Bootstrap\\HandleExceptions->handleError()
#1 /app/www/app/Http/Controllers/ItemController.php(503): App\\SupportedApps\\Proxmox\\Proxmox->livestats()
#2 /app/www/vendor/laravel/framework/src/Illuminate/Routing/Controller.php(54): App\\Http\\Controllers\\ItemController->getStats()
#3 /app/www/vendor/laravel/framework/src/Illuminate/Routing/ControllerDispatcher.php(45): Illuminate\\Routing\\Controller->callAction()
#4 /app/www/vendor/laravel/framework/src/Illuminate/Routing/Route.php(262): Illuminate\\Routing\\ControllerDispatcher->dispatch()
#5 /app/www/vendor/laravel/framework/src/Illuminate/Routing/Route.php(205): Illuminate\\Routing\\Route->runController()
#6 /app/www/vendor/laravel/framework/src/Illuminate/Routing/Router.php(721): Illuminate\\Routing\\Route->run()
#7 /app/www/vendor/laravel/framework/src/Illuminate/Pipeline/Pipeline.php(128): Illuminate\\Routing\\Router->Illuminate\\Routing\\{closure}()
#8 /app/www/app/Http/Middleware/CheckAllowed.php(46): Illuminate\\Pipeline\\Pipeline->Illuminate\\Pipeline\\{closure}()
#9 /app/www/vendor/laravel/framework/src/Illuminate/Pipeline/Pipeline.php(167): App\\Http\\Middleware\\CheckAllowed->handle()
#10 /app/www/app/Http/Controllers/Controller.php(22): Illuminate\\Pipeline\\Pipeline->Illuminate\\Pipeline\\{closure}()
#11 /app/www/vendor/laravel/framework/src/Illuminate/Pipeline/Pipeline.php(149): App\\Http\\Controllers\\Controller->App\\Http\\Controllers\\{closure}()
#12 /app/www/vendor/laravel/framework/src/Illuminate/Routing/Middleware/SubstituteBindings.php(50): Illuminate\\Pipeline\\Pipeline->Illuminate\\Pipeline\\{closure}()
#13 /app/www/vendor/laravel/framework/src/Illuminate/Pipeline/Pipeline.php(167): Illuminate\\Routing\\Middleware\\SubstituteBindings->handle()
#14 /app/www/vendor/laravel/framework/src/Illuminate/Foundation/Http/Middleware/VerifyCsrfToken.php(78): Illuminate\\Pipeline\\Pipeline->Illuminate\\Pipeline\\{closure}()
#15 /app/www/vendor/laravel/framework/src/Illuminate/Pipeline/Pipeline.php(167): Illuminate\\Foundation\\Http\\Middleware\\VerifyCsrfToken->handle()
#16 /app/www/vendor/laravel/framework/src/Illuminate/View/Middleware/ShareErrorsFromSession.php(49): Illuminate\\Pipeline\\Pipeline->Illuminate\\Pipeline\\{closure}()
#17 /app/www/vendor/laravel/framework/src/Illuminate/Pipeline/Pipeline.php(167): Illuminate\\View\\Middleware\\ShareErrorsFromSession->handle()
#18 /app/www/vendor/laravel/framework/src/Illuminate/Session/Middleware/StartSession.php(121): Illuminate\\Pipeline\\Pipeline->Illuminate\\Pipeline\\{closure}()
#19 /app/www/vendor/laravel/framework/src/Illuminate/Session/Middleware/StartSession.php(64): Illuminate\\Session\\Middleware\\StartSession->handleStatefulRequest()
#20 /app/www/vendor/laravel/framework/src/Illuminate/Pipeline/Pipeline.php(167): Illuminate\\Session\\Middleware\\StartSession->handle()
#21 /app/www/vendor/laravel/framework/src/Illuminate/Cookie/Middleware/AddQueuedCookiesToResponse.php(37): Illuminate\\Pipeline\\Pipeline->Illuminate\\Pipeline\\{closure}()
#22 /app/www/vendor/laravel/framework/src/Illuminate/Pipeline/Pipeline.php(167): Illuminate\\Cookie\\Middleware\\AddQueuedCookiesToResponse->handle()
#23 /app/www/vendor/laravel/framework/src/Illuminate/Cookie/Middleware/EncryptCookies.php(67): Illuminate\\Pipeline\\Pipeline->Illuminate\\Pipeline\\{closure}()
#24 /app/www/vendor/laravel/framework/src/Illuminate/Pipeline/Pipeline.php(167): Illuminate\\Cookie\\Middleware\\EncryptCookies->handle()
#25 /app/www/vendor/laravel/framework/src/Illuminate/Pipeline/Pipeline.php(103): Illuminate\\Pipeline\\Pipeline->Illuminate\\Pipeline\\{closure}()
#26 /app/www/vendor/laravel/framework/src/Illuminate/Routing/Router.php(723): Illuminate\\Pipeline\\Pipeline->then()
#27 /app/www/vendor/laravel/framework/src/Illuminate/Routing/Router.php(698): Illuminate\\Routing\\Router->runRouteWithinStack()
#28 /app/www/vendor/laravel/framework/src/Illuminate/Routing/Router.php(662): Illuminate\\Routing\\Router->runRoute()
#29 /app/www/vendor/laravel/framework/src/Illuminate/Routing/Router.php(651): Illuminate\\Routing\\Router->dispatchToRoute()
#30 /app/www/vendor/laravel/framework/src/Illuminate/Foundation/Http/Kernel.php(167): Illuminate\\Routing\\Router->dispatch()
#31 /app/www/vendor/laravel/framework/src/Illuminate/Pipeline/Pipeline.php(128): Illuminate\\Foundation\\Http\\Kernel->Illuminate\\Foundation\\Http\\{closure}()
#32 /app/www/vendor/fideloper/proxy/src/TrustProxies.php(57): Illuminate\\Pipeline\\Pipeline->Illuminate\\Pipeline\\{closure}()
#33 /app/www/vendor/laravel/framework/src/Illuminate/Pipeline/Pipeline.php(167): Fideloper\\Proxy\\TrustProxies->handle()
#34 /app/www/vendor/laravel/framework/src/Illuminate/Foundation/Http/Middleware/TransformsRequest.php(21): Illuminate\\Pipeline\\Pipeline->Illuminate\\Pipeline\\{closure}()
#35 /app/www/vendor/laravel/framework/src/Illuminate/Foundation/Http/Middleware/ConvertEmptyStringsToNull.php(31): Illuminate\\Foundation\\Http\\Middleware\\TransformsRequest->handle()
#36 /app/www/vendor/laravel/framework/src/Illuminate/Pipeline/Pipeline.php(167): Illuminate\\Foundation\\Http\\Middleware\\ConvertEmptyStringsToNull->handle()
#37 /app/www/vendor/laravel/framework/src/Illuminate/Foundation/Http/Middleware/TransformsRequest.php(21): Illuminate\\Pipeline\\Pipeline->Illuminate\\Pipeline\\{closure}()
#38 /app/www/vendor/laravel/framework/src/Illuminate/Foundation/Http/Middleware/TrimStrings.php(40): Illuminate\\Foundation\\Http\\Middleware\\TransformsRequest->handle()
#39 /app/www/vendor/laravel/framework/src/Illuminate/Pipeline/Pipeline.php(167): Illuminate\\Foundation\\Http\\Middleware\\TrimStrings->handle()
#40 /app/www/vendor/laravel/framework/src/Illuminate/Foundation/Http/Middleware/ValidatePostSize.php(27): Illuminate\\Pipeline\\Pipeline->Illuminate\\Pipeline\\{closure}()
#41 /app/www/vendor/laravel/framework/src/Illuminate/Pipeline/Pipeline.php(167): Illuminate\\Foundation\\Http\\Middleware\\ValidatePostSize->handle()
#42 /app/www/vendor/laravel/framework/src/Illuminate/Foundation/Http/Middleware/PreventRequestsDuringMaintenance.php(86): Illuminate\\Pipeline\\Pipeline->Illuminate\\Pipeline\\{closure}()
#43 /app/www/vendor/laravel/framework/src/Illuminate/Pipeline/Pipeline.php(167): Illuminate\\Foundation\\Http\\Middleware\\PreventRequestsDuringMaintenance->handle()
#44 /app/www/vendor/laravel/framework/src/Illuminate/Pipeline/Pipeline.php(103): Illuminate\\Pipeline\\Pipeline->Illuminate\\Pipeline\\{closure}()
#45 /app/www/vendor/laravel/framework/src/Illuminate/Foundation/Http/Kernel.php(142): Illuminate\\Pipeline\\Pipeline->then()
#46 /app/www/vendor/laravel/framework/src/Illuminate/Foundation/Http/Kernel.php(111): Illuminate\\Foundation\\Http\\Kernel->sendRequestThroughRouter()
#47 /app/www/public/index.php(55): Illuminate\\Foundation\\Http\\Kernel->handle()
#48 {main}
"} 
[2023-01-08 06:00:20] local.ERROR: Attempt to read property "cpu" on null {"exception":"[object] (ErrorException(code: 0): Attempt to read property \"cpu\" on null at /config/www/SupportedApps/Proxmox/Proxmox.php:59)
[stacktrace]
#0 /config/www/SupportedApps/Proxmox/Proxmox.php(59): Illuminate\\Foundation\\Bootstrap\\HandleExceptions->handleError()
#1 /app/www/app/Http/Controllers/ItemController.php(503): App\\SupportedApps\\Proxmox\\Proxmox->livestats()
#2 /app/www/vendor/laravel/framework/src/Illuminate/Routing/Controller.php(54): App\\Http\\Controllers\\ItemController->getStats()
#3 /app/www/vendor/laravel/framework/src/Illuminate/Routing/ControllerDispatcher.php(45): Illuminate\\Routing\\Controller->callAction()
#4 /app/www/vendor/laravel/framework/src/Illuminate/Routing/Route.php(262): Illuminate\\Routing\\ControllerDispatcher->dispatch()
#5 /app/www/vendor/laravel/framework/src/Illuminate/Routing/Route.php(205): Illuminate\\Routing\\Route->runController()
#6 /app/www/vendor/laravel/framework/src/Illuminate/Routing/Router.php(721): Illuminate\\Routing\\Route->run()
#7 /app/www/vendor/laravel/framework/src/Illuminate/Pipeline/Pipeline.php(128): Illuminate\\Routing\\Router->Illuminate\\Routing\\{closure}()
#8 /app/www/app/Http/Middleware/CheckAllowed.php(46): Illuminate\\Pipeline\\Pipeline->Illuminate\\Pipeline\\{closure}()
#9 /app/www/vendor/laravel/framework/src/Illuminate/Pipeline/Pipeline.php(167): App\\Http\\Middleware\\CheckAllowed->handle()
#10 /app/www/app/Http/Controllers/Controller.php(22): Illuminate\\Pipeline\\Pipeline->Illuminate\\Pipeline\\{closure}()
#11 /app/www/vendor/laravel/framework/src/Illuminate/Pipeline/Pipeline.php(149): App\\Http\\Controllers\\Controller->App\\Http\\Controllers\\{closure}()
#12 /app/www/vendor/laravel/framework/src/Illuminate/Routing/Middleware/SubstituteBindings.php(50): Illuminate\\Pipeline\\Pipeline->Illuminate\\Pipeline\\{closure}()
#13 /app/www/vendor/laravel/framework/src/Illuminate/Pipeline/Pipeline.php(167): Illuminate\\Routing\\Middleware\\SubstituteBindings->handle()
#14 /app/www/vendor/laravel/framework/src/Illuminate/Foundation/Http/Middleware/VerifyCsrfToken.php(78): Illuminate\\Pipeline\\Pipeline->Illuminate\\Pipeline\\{closure}()
#15 /app/www/vendor/laravel/framework/src/Illuminate/Pipeline/Pipeline.php(167): Illuminate\\Foundation\\Http\\Middleware\\VerifyCsrfToken->handle()
#16 /app/www/vendor/laravel/framework/src/Illuminate/View/Middleware/ShareErrorsFromSession.php(49): Illuminate\\Pipeline\\Pipeline->Illuminate\\Pipeline\\{closure}()
#17 /app/www/vendor/laravel/framework/src/Illuminate/Pipeline/Pipeline.php(167): Illuminate\\View\\Middleware\\ShareErrorsFromSession->handle()
#18 /app/www/vendor/laravel/framework/src/Illuminate/Session/Middleware/StartSession.php(121): Illuminate\\Pipeline\\Pipeline->Illuminate\\Pipeline\\{closure}()
#19 /app/www/vendor/laravel/framework/src/Illuminate/Session/Middleware/StartSession.php(64): Illuminate\\Session\\Middleware\\StartSession->handleStatefulRequest()
#20 /app/www/vendor/laravel/framework/src/Illuminate/Pipeline/Pipeline.php(167): Illuminate\\Session\\Middleware\\StartSession->handle()
#21 /app/www/vendor/laravel/framework/src/Illuminate/Cookie/Middleware/AddQueuedCookiesToResponse.php(37): Illuminate\\Pipeline\\Pipeline->Illuminate\\Pipeline\\{closure}()
#22 /app/www/vendor/laravel/framework/src/Illuminate/Pipeline/Pipeline.php(167): Illuminate\\Cookie\\Middleware\\AddQueuedCookiesToResponse->handle()
#23 /app/www/vendor/laravel/framework/src/Illuminate/Cookie/Middleware/EncryptCookies.php(67): Illuminate\\Pipeline\\Pipeline->Illuminate\\Pipeline\\{closure}()
#24 /app/www/vendor/laravel/framework/src/Illuminate/Pipeline/Pipeline.php(167): Illuminate\\Cookie\\Middleware\\EncryptCookies->handle()
#25 /app/www/vendor/laravel/framework/src/Illuminate/Pipeline/Pipeline.php(103): Illuminate\\Pipeline\\Pipeline->Illuminate\\Pipeline\\{closure}()
#26 /app/www/vendor/laravel/framework/src/Illuminate/Routing/Router.php(723): Illuminate\\Pipeline\\Pipeline->then()
#27 /app/www/vendor/laravel/framework/src/Illuminate/Routing/Router.php(698): Illuminate\\Routing\\Router->runRouteWithinStack()
#28 /app/www/vendor/laravel/framework/src/Illuminate/Routing/Router.php(662): Illuminate\\Routing\\Router->runRoute()
#29 /app/www/vendor/laravel/framework/src/Illuminate/Routing/Router.php(651): Illuminate\\Routing\\Router->dispatchToRoute()
#30 /app/www/vendor/laravel/framework/src/Illuminate/Foundation/Http/Kernel.php(167): Illuminate\\Routing\\Router->dispatch()
#31 /app/www/vendor/laravel/framework/src/Illuminate/Pipeline/Pipeline.php(128): Illuminate\\Foundation\\Http\\Kernel->Illuminate\\Foundation\\Http\\{closure}()
#32 /app/www/vendor/fideloper/proxy/src/TrustProxies.php(57): Illuminate\\Pipeline\\Pipeline->Illuminate\\Pipeline\\{closure}()
#33 /app/www/vendor/laravel/framework/src/Illuminate/Pipeline/Pipeline.php(167): Fideloper\\Proxy\\TrustProxies->handle()
#34 /app/www/vendor/laravel/framework/src/Illuminate/Foundation/Http/Middleware/TransformsRequest.php(21): Illuminate\\Pipeline\\Pipeline->Illuminate\\Pipeline\\{closure}()
#35 /app/www/vendor/laravel/framework/src/Illuminate/Foundation/Http/Middleware/ConvertEmptyStringsToNull.php(31): Illuminate\\Foundation\\Http\\Middleware\\TransformsRequest->handle()
#36 /app/www/vendor/laravel/framework/src/Illuminate/Pipeline/Pipeline.php(167): Illuminate\\Foundation\\Http\\Middleware\\ConvertEmptyStringsToNull->handle()
#37 /app/www/vendor/laravel/framework/src/Illuminate/Foundation/Http/Middleware/TransformsRequest.php(21): Illuminate\\Pipeline\\Pipeline->Illuminate\\Pipeline\\{closure}()
#38 /app/www/vendor/laravel/framework/src/Illuminate/Foundation/Http/Middleware/TrimStrings.php(40): Illuminate\\Foundation\\Http\\Middleware\\TransformsRequest->handle()
#39 /app/www/vendor/laravel/framework/src/Illuminate/Pipeline/Pipeline.php(167): Illuminate\\Foundation\\Http\\Middleware\\TrimStrings->handle()
#40 /app/www/vendor/laravel/framework/src/Illuminate/Foundation/Http/Middleware/ValidatePostSize.php(27): Illuminate\\Pipeline\\Pipeline->Illuminate\\Pipeline\\{closure}()
#41 /app/www/vendor/laravel/framework/src/Illuminate/Pipeline/Pipeline.php(167): Illuminate\\Foundation\\Http\\Middleware\\ValidatePostSize->handle()
#42 /app/www/vendor/laravel/framework/src/Illuminate/Foundation/Http/Middleware/PreventRequestsDuringMaintenance.php(86): Illuminate\\Pipeline\\Pipeline->Illuminate\\Pipeline\\{closure}()
#43 /app/www/vendor/laravel/framework/src/Illuminate/Pipeline/Pipeline.php(167): Illuminate\\Foundation\\Http\\Middleware\\PreventRequestsDuringMaintenance->handle()
#44 /app/www/vendor/laravel/framework/src/Illuminate/Pipeline/Pipeline.php(103): Illuminate\\Pipeline\\Pipeline->Illuminate\\Pipeline\\{closure}()
#45 /app/www/vendor/laravel/framework/src/Illuminate/Foundation/Http/Kernel.php(142): Illuminate\\Pipeline\\Pipeline->then()
#46 /app/www/vendor/laravel/framework/src/Illuminate/Foundation/Http/Kernel.php(111): Illuminate\\Foundation\\Http\\Kernel->sendRequestThroughRouter()
#47 /app/www/public/index.php(55): Illuminate\\Foundation\\Http\\Kernel->handle()
#48 {main}
"} 
[2023-01-08 06:00:20] local.ERROR: cURL error 60: SSL: no alternative certificate subject name matches target host name '192.168.100.50' (see https://curl.haxx.se/libcurl/c/libcurl-errors.html) for https://192.168.100.50:32400/library/onDeck?X-Plex-Token=zGqxSysMJpbnktLCFc5r {"exception":"[object] (GuzzleHttp\\Exception\\RequestException(code: 0): cURL error 60: SSL: no alternative certificate subject name matches target host name '192.168.100.50' (see https://curl.haxx.se/libcurl/c/libcurl-errors.html) for https://192.168.100.50:32400/library/onDeck?X-Plex-Token=zGqxSysMJpbnktLCFc5r at /app/www/vendor/guzzlehttp/guzzle/src/Handler/CurlFactory.php:211)
[stacktrace]
#0 /app/www/vendor/guzzlehttp/guzzle/src/Handler/CurlFactory.php(158): GuzzleHttp\\Handler\\CurlFactory::createRejection()
#1 /app/www/vendor/guzzlehttp/guzzle/src/Handler/CurlFactory.php(110): GuzzleHttp\\Handler\\CurlFactory::finishError()
#2 /app/www/vendor/guzzlehttp/guzzle/src/Handler/CurlHandler.php(47): GuzzleHttp\\Handler\\CurlFactory::finish()
#3 /app/www/vendor/guzzlehttp/guzzle/src/Handler/Proxy.php(28): GuzzleHttp\\Handler\\CurlHandler->__invoke()
#4 /app/www/vendor/guzzlehttp/guzzle/src/Handler/Proxy.php(48): GuzzleHttp\\Handler\\Proxy::GuzzleHttp\\Handler\\{closure}()
#5 /app/www/vendor/guzzlehttp/guzzle/src/PrepareBodyMiddleware.php(35): GuzzleHttp\\Handler\\Proxy::GuzzleHttp\\Handler\\{closure}()
#6 /app/www/vendor/guzzlehttp/guzzle/src/Middleware.php(31): GuzzleHttp\\PrepareBodyMiddleware->__invoke()
#7 /app/www/vendor/guzzlehttp/guzzle/src/RedirectMiddleware.php(71): GuzzleHttp\\Middleware::GuzzleHttp\\{closure}()
#8 /app/www/vendor/guzzlehttp/guzzle/src/Middleware.php(61): GuzzleHttp\\RedirectMiddleware->__invoke()
#9 /app/www/vendor/guzzlehttp/guzzle/src/HandlerStack.php(75): GuzzleHttp\\Middleware::GuzzleHttp\\{closure}()
#10 /app/www/vendor/guzzlehttp/guzzle/src/Client.php(331): GuzzleHttp\\HandlerStack->__invoke()
#11 /app/www/vendor/guzzlehttp/guzzle/src/Client.php(168): GuzzleHttp\\Client->transfer()
#12 /app/www/vendor/guzzlehttp/guzzle/src/Client.php(187): GuzzleHttp\\Client->requestAsync()
#13 /app/www/app/SupportedApps.php(94): GuzzleHttp\\Client->request()
#14 /config/www/SupportedApps/Plex/Plex.php(45): App\\SupportedApps->execute()
#15 /app/www/app/Http/Controllers/ItemController.php(503): App\\SupportedApps\\Plex\\Plex->livestats()
#16 /app/www/vendor/laravel/framework/src/Illuminate/Routing/Controller.php(54): App\\Http\\Controllers\\ItemController->getStats()
#17 /app/www/vendor/laravel/framework/src/Illuminate/Routing/ControllerDispatcher.php(45): Illuminate\\Routing\\Controller->callAction()
#18 /app/www/vendor/laravel/framework/src/Illuminate/Routing/Route.php(262): Illuminate\\Routing\\ControllerDispatcher->dispatch()
#19 /app/www/vendor/laravel/framework/src/Illuminate/Routing/Route.php(205): Illuminate\\Routing\\Route->runController()
#20 /app/www/vendor/laravel/framework/src/Illuminate/Routing/Router.php(721): Illuminate\\Routing\\Route->run()
#21 /app/www/vendor/laravel/framework/src/Illuminate/Pipeline/Pipeline.php(128): Illuminate\\Routing\\Router->Illuminate\\Routing\\{closure}()
#22 /app/www/app/Http/Middleware/CheckAllowed.php(46): Illuminate\\Pipeline\\Pipeline->Illuminate\\Pipeline\\{closure}()
#23 /app/www/vendor/laravel/framework/src/Illuminate/Pipeline/Pipeline.php(167): App\\Http\\Middleware\\CheckAllowed->handle()
#24 /app/www/app/Http/Controllers/Controller.php(22): Illuminate\\Pipeline\\Pipeline->Illuminate\\Pipeline\\{closure}()
#25 /app/www/vendor/laravel/framework/src/Illuminate/Pipeline/Pipeline.php(149): App\\Http\\Controllers\\Controller->App\\Http\\Controllers\\{closure}()
#26 /app/www/vendor/laravel/framework/src/Illuminate/Routing/Middleware/SubstituteBindings.php(50): Illuminate\\Pipeline\\Pipeline->Illuminate\\Pipeline\\{closure}()
#27 /app/www/vendor/laravel/framework/src/Illuminate/Pipeline/Pipeline.php(167): Illuminate\\Routing\\Middleware\\SubstituteBindings->handle()
#28 /app/www/vendor/laravel/framework/src/Illuminate/Foundation/Http/Middleware/VerifyCsrfToken.php(78): Illuminate\\Pipeline\\Pipeline->Illuminate\\Pipeline\\{closure}()
#29 /app/www/vendor/laravel/framework/src/Illuminate/Pipeline/Pipeline.php(167): Illuminate\\Foundation\\Http\\Middleware\\VerifyCsrfToken->handle()
#30 /app/www/vendor/laravel/framework/src/Illuminate/View/Middleware/ShareErrorsFromSession.php(49): Illuminate\\Pipeline\\Pipeline->Illuminate\\Pipeline\\{closure}()
#31 /app/www/vendor/laravel/framework/src/Illuminate/Pipeline/Pipeline.php(167): Illuminate\\View\\Middleware\\ShareErrorsFromSession->handle()
#32 /app/www/vendor/laravel/framework/src/Illuminate/Session/Middleware/StartSession.php(121): Illuminate\\Pipeline\\Pipeline->Illuminate\\Pipeline\\{closure}()
#33 /app/www/vendor/laravel/framework/src/Illuminate/Session/Middleware/StartSession.php(64): Illuminate\\Session\\Middleware\\StartSession->handleStatefulRequest()
#34 /app/www/vendor/laravel/framework/src/Illuminate/Pipeline/Pipeline.php(167): Illuminate\\Session\\Middleware\\StartSession->handle()
#35 /app/www/vendor/laravel/framework/src/Illuminate/Cookie/Middleware/AddQueuedCookiesToResponse.php(37): Illuminate\\Pipeline\\Pipeline->Illuminate\\Pipeline\\{closure}()
#36 /app/www/vendor/laravel/framework/src/Illuminate/Pipeline/Pipeline.php(167): Illuminate\\Cookie\\Middleware\\AddQueuedCookiesToResponse->handle()
#37 /app/www/vendor/laravel/framework/src/Illuminate/Cookie/Middleware/EncryptCookies.php(67): Illuminate\\Pipeline\\Pipeline->Illuminate\\Pipeline\\{closure}()
#38 /app/www/vendor/laravel/framework/src/Illuminate/Pipeline/Pipeline.php(167): Illuminate\\Cookie\\Middleware\\EncryptCookies->handle()
#39 /app/www/vendor/laravel/framework/src/Illuminate/Pipeline/Pipeline.php(103): Illuminate\\Pipeline\\Pipeline->Illuminate\\Pipeline\\{closure}()
#40 /app/www/vendor/laravel/framework/src/Illuminate/Routing/Router.php(723): Illuminate\\Pipeline\\Pipeline->then()
#41 /app/www/vendor/laravel/framework/src/Illuminate/Routing/Router.php(698): Illuminate\\Routing\\Router->runRouteWithinStack()
#42 /app/www/vendor/laravel/framework/src/Illuminate/Routing/Router.php(662): Illuminate\\Routing\\Router->runRoute()
#43 /app/www/vendor/laravel/framework/src/Illuminate/Routing/Router.php(651): Illuminate\\Routing\\Router->dispatchToRoute()
#44 /app/www/vendor/laravel/framework/src/Illuminate/Foundation/Http/Kernel.php(167): Illuminate\\Routing\\Router->dispatch()
#45 /app/www/vendor/laravel/framework/src/Illuminate/Pipeline/Pipeline.php(128): Illuminate\\Foundation\\Http\\Kernel->Illuminate\\Foundation\\Http\\{closure}()
#46 /app/www/vendor/fideloper/proxy/src/TrustProxies.php(57): Illuminate\\Pipeline\\Pipeline->Illuminate\\Pipeline\\{closure}()
#47 /app/www/vendor/laravel/framework/src/Illuminate/Pipeline/Pipeline.php(167): Fideloper\\Proxy\\TrustProxies->handle()
#48 /app/www/vendor/laravel/framework/src/Illuminate/Foundation/Http/Middleware/TransformsRequest.php(21): Illuminate\\Pipeline\\Pipeline->Illuminate\\Pipeline\\{closure}()
#49 /app/www/vendor/laravel/framework/src/Illuminate/Foundation/Http/Middleware/ConvertEmptyStringsToNull.php(31): Illuminate\\Foundation\\Http\\Middleware\\TransformsRequest->handle()
#50 /app/www/vendor/laravel/framework/src/Illuminate/Pipeline/Pipeline.php(167): Illuminate\\Foundation\\Http\\Middleware\\ConvertEmptyStringsToNull->handle()
#51 /app/www/vendor/laravel/framework/src/Illuminate/Foundation/Http/Middleware/TransformsRequest.php(21): Illuminate\\Pipeline\\Pipeline->Illuminate\\Pipeline\\{closure}()
#52 /app/www/vendor/laravel/framework/src/Illuminate/Foundation/Http/Middleware/TrimStrings.php(40): Illuminate\\Foundation\\Http\\Middleware\\TransformsRequest->handle()
#53 /app/www/vendor/laravel/framework/src/Illuminate/Pipeline/Pipeline.php(167): Illuminate\\Foundation\\Http\\Middleware\\TrimStrings->handle()
#54 /app/www/vendor/laravel/framework/src/Illuminate/Foundation/Http/Middleware/ValidatePostSize.php(27): Illuminate\\Pipeline\\Pipeline->Illuminate\\Pipeline\\{closure}()
#55 /app/www/vendor/laravel/framework/src/Illuminate/Pipeline/Pipeline.php(167): Illuminate\\Foundation\\Http\\Middleware\\ValidatePostSize->handle()
#56 /app/www/vendor/laravel/framework/src/Illuminate/Foundation/Http/Middleware/PreventRequestsDuringMaintenance.php(86): Illuminate\\Pipeline\\Pipeline->Illuminate\\Pipeline\\{closure}()
#57 /app/www/vendor/laravel/framework/src/Illuminate/Pipeline/Pipeline.php(167): Illuminate\\Foundation\\Http\\Middleware\\PreventRequestsDuringMaintenance->handle()
#58 /app/www/vendor/laravel/framework/src/Illuminate/Pipeline/Pipeline.php(103): Illuminate\\Pipeline\\Pipeline->Illuminate\\Pipeline\\{closure}()
#59 /app/www/vendor/laravel/framework/src/Illuminate/Foundation/Http/Kernel.php(142): Illuminate\\Pipeline\\Pipeline->then()
#60 /app/www/vendor/laravel/framework/src/Illuminate/Foundation/Http/Kernel.php(111): Illuminate\\Foundation\\Http\\Kernel->sendRequestThroughRouter()
#61 /app/www/public/index.php(55): Illuminate\\Foundation\\Http\\Kernel->handle()
#62 {main}
"} 
[2023-01-08 06:00:51] local.DEBUG: Get app triggered for: 64b2b6d12bfe4baae7dad3d018f8cbf6b0e7a044  
[2023-01-08 06:00:51] local.DEBUG: Download triggered for stdClass Object
(
    [appid] => 64b2b6d12bfe4baae7dad3d018f8cbf6b0e7a044
    [name] => GitHub
    [website] => https://github.com
    [license] => MIT License
    [description] => GitHub brings together the world's largest community of developers to discover, share, and build better software.
    [enhanced] => 
    [tile_background] => light
    [icon] => github.svg
    [sha] => 2142344091362df12eaba1ce71dcffae2ac27f24
    [class] => \App\SupportedApps\GitHub\GitHub
)
  
[2023-01-08 06:00:52] local.ERROR: Call to undefined method Illuminate\Support\Facades\Request::input() {"exception":"[object] (Error(code: 0): Call to undefined method Illuminate\\Support\\Facades\\Request::input() at /app/www/routes/web.php:86)
[stacktrace]
#0 /app/www/vendor/laravel/framework/src/Illuminate/Routing/Route.php(238): Illuminate\\Routing\\RouteFileRegistrar->{closure}()
#1 /app/www/vendor/laravel/framework/src/Illuminate/Routing/Route.php(208): Illuminate\\Routing\\Route->runCallable()
#2 /app/www/vendor/laravel/framework/src/Illuminate/Routing/Router.php(721): Illuminate\\Routing\\Route->run()
#3 /app/www/vendor/laravel/framework/src/Illuminate/Pipeline/Pipeline.php(128): Illuminate\\Routing\\Router->Illuminate\\Routing\\{closure}()
#4 /app/www/vendor/laravel/framework/src/Illuminate/Routing/Middleware/SubstituteBindings.php(50): Illuminate\\Pipeline\\Pipeline->Illuminate\\Pipeline\\{closure}()
#5 /app/www/vendor/laravel/framework/src/Illuminate/Pipeline/Pipeline.php(167): Illuminate\\Routing\\Middleware\\SubstituteBindings->handle()
#6 /app/www/vendor/laravel/framework/src/Illuminate/Foundation/Http/Middleware/VerifyCsrfToken.php(78): Illuminate\\Pipeline\\Pipeline->Illuminate\\Pipeline\\{closure}()
#7 /app/www/vendor/laravel/framework/src/Illuminate/Pipeline/Pipeline.php(167): Illuminate\\Foundation\\Http\\Middleware\\VerifyCsrfToken->handle()
#8 /app/www/vendor/laravel/framework/src/Illuminate/View/Middleware/ShareErrorsFromSession.php(49): Illuminate\\Pipeline\\Pipeline->Illuminate\\Pipeline\\{closure}()
#9 /app/www/vendor/laravel/framework/src/Illuminate/Pipeline/Pipeline.php(167): Illuminate\\View\\Middleware\\ShareErrorsFromSession->handle()
#10 /app/www/vendor/laravel/framework/src/Illuminate/Session/Middleware/StartSession.php(121): Illuminate\\Pipeline\\Pipeline->Illuminate\\Pipeline\\{closure}()
#11 /app/www/vendor/laravel/framework/src/Illuminate/Session/Middleware/StartSession.php(64): Illuminate\\Session\\Middleware\\StartSession->handleStatefulRequest()
#12 /app/www/vendor/laravel/framework/src/Illuminate/Pipeline/Pipeline.php(167): Illuminate\\Session\\Middleware\\StartSession->handle()
#13 /app/www/vendor/laravel/framework/src/Illuminate/Cookie/Middleware/AddQueuedCookiesToResponse.php(37): Illuminate\\Pipeline\\Pipeline->Illuminate\\Pipeline\\{closure}()
#14 /app/www/vendor/laravel/framework/src/Illuminate/Pipeline/Pipeline.php(167): Illuminate\\Cookie\\Middleware\\AddQueuedCookiesToResponse->handle()
#15 /app/www/vendor/laravel/framework/src/Illuminate/Cookie/Middleware/EncryptCookies.php(67): Illuminate\\Pipeline\\Pipeline->Illuminate\\Pipeline\\{closure}()
#16 /app/www/vendor/laravel/framework/src/Illuminate/Pipeline/Pipeline.php(167): Illuminate\\Cookie\\Middleware\\EncryptCookies->handle()
#17 /app/www/vendor/laravel/framework/src/Illuminate/Pipeline/Pipeline.php(103): Illuminate\\Pipeline\\Pipeline->Illuminate\\Pipeline\\{closure}()
#18 /app/www/vendor/laravel/framework/src/Illuminate/Routing/Router.php(723): Illuminate\\Pipeline\\Pipeline->then()
#19 /app/www/vendor/laravel/framework/src/Illuminate/Routing/Router.php(698): Illuminate\\Routing\\Router->runRouteWithinStack()
#20 /app/www/vendor/laravel/framework/src/Illuminate/Routing/Router.php(662): Illuminate\\Routing\\Router->runRoute()
#21 /app/www/vendor/laravel/framework/src/Illuminate/Routing/Router.php(651): Illuminate\\Routing\\Router->dispatchToRoute()
#22 /app/www/vendor/laravel/framework/src/Illuminate/Foundation/Http/Kernel.php(167): Illuminate\\Routing\\Router->dispatch()
#23 /app/www/vendor/laravel/framework/src/Illuminate/Pipeline/Pipeline.php(128): Illuminate\\Foundation\\Http\\Kernel->Illuminate\\Foundation\\Http\\{closure}()
#24 /app/www/vendor/fideloper/proxy/src/TrustProxies.php(57): Illuminate\\Pipeline\\Pipeline->Illuminate\\Pipeline\\{closure}()
#25 /app/www/vendor/laravel/framework/src/Illuminate/Pipeline/Pipeline.php(167): Fideloper\\Proxy\\TrustProxies->handle()
#26 /app/www/vendor/laravel/framework/src/Illuminate/Foundation/Http/Middleware/TransformsRequest.php(21): Illuminate\\Pipeline\\Pipeline->Illuminate\\Pipeline\\{closure}()
#27 /app/www/vendor/laravel/framework/src/Illuminate/Foundation/Http/Middleware/ConvertEmptyStringsToNull.php(31): Illuminate\\Foundation\\Http\\Middleware\\TransformsRequest->handle()
#28 /app/www/vendor/laravel/framework/src/Illuminate/Pipeline/Pipeline.php(167): Illuminate\\Foundation\\Http\\Middleware\\ConvertEmptyStringsToNull->handle()
#29 /app/www/vendor/laravel/framework/src/Illuminate/Foundation/Http/Middleware/TransformsRequest.php(21): Illuminate\\Pipeline\\Pipeline->Illuminate\\Pipeline\\{closure}()
#30 /app/www/vendor/laravel/framework/src/Illuminate/Foundation/Http/Middleware/TrimStrings.php(40): Illuminate\\Foundation\\Http\\Middleware\\TransformsRequest->handle()
#31 /app/www/vendor/laravel/framework/src/Illuminate/Pipeline/Pipeline.php(167): Illuminate\\Foundation\\Http\\Middleware\\TrimStrings->handle()
#32 /app/www/vendor/laravel/framework/src/Illuminate/Foundation/Http/Middleware/ValidatePostSize.php(27): Illuminate\\Pipeline\\Pipeline->Illuminate\\Pipeline\\{closure}()
#33 /app/www/vendor/laravel/framework/src/Illuminate/Pipeline/Pipeline.php(167): Illuminate\\Foundation\\Http\\Middleware\\ValidatePostSize->handle()
#34 /app/www/vendor/laravel/framework/src/Illuminate/Foundation/Http/Middleware/PreventRequestsDuringMaintenance.php(86): Illuminate\\Pipeline\\Pipeline->Illuminate\\Pipeline\\{closure}()
#35 /app/www/vendor/laravel/framework/src/Illuminate/Pipeline/Pipeline.php(167): Illuminate\\Foundation\\Http\\Middleware\\PreventRequestsDuringMaintenance->handle()
#36 /app/www/vendor/laravel/framework/src/Illuminate/Pipeline/Pipeline.php(103): Illuminate\\Pipeline\\Pipeline->Illuminate\\Pipeline\\{closure}()
#37 /app/www/vendor/laravel/framework/src/Illuminate/Foundation/Http/Kernel.php(142): Illuminate\\Pipeline\\Pipeline->then()
#38 /app/www/vendor/laravel/framework/src/Illuminate/Foundation/Http/Kernel.php(111): Illuminate\\Foundation\\Http\\Kernel->sendRequestThroughRouter()
#39 /app/www/public/index.php(55): Illuminate\\Foundation\\Http\\Kernel->handle()
#40 {main}
"} 
[2023-01-08 06:01:06] local.DEBUG: Get app triggered for: 26f4d706681b01c78c47bff7ea009845f9ed57ac  
[2023-01-08 06:01:06] local.DEBUG: Download triggered for stdClass Object
(
    [appid] => 26f4d706681b01c78c47bff7ea009845f9ed57ac
    [name] => Network UPS Tools
    [website] => https://networkupstools.org/
    [license] => GNU General Public License v2.0 or later
    [description] => The primary goal of the Network UPS Tools (NUT) project is to provide support for Power Devices, such as Uninterruptible Power Supplies, Power Distribution Units, Automatic Transfer Switches, Power Supply Units and Solar Controllers. NUT provides a common protocol and set of tools to monitor and manage such devices, and to consistently name equivalent features and data points, across a vast range of vendor-specific protocols and connection media types.
    [enhanced] => 
    [tile_background] => light
    [icon] => nut.png
    [sha] => 2344aec130378e2e25b7415817ffe9af9aecd412
    [class] => \App\SupportedApps\NetworkUPSTools\NetworkUPSTools
)
  
[2023-01-08 06:01:36] local.DEBUG: Get app triggered for: 26f4d706681b01c78c47bff7ea009845f9ed57ac  
[2023-01-08 06:01:36] local.ERROR: Call to undefined method Illuminate\Support\Facades\Request::input() {"exception":"[object] (Error(code: 0): Call to undefined method Illuminate\\Support\\Facades\\Request::input() at /app/www/routes/web.php:86)
[stacktrace]
#0 /app/www/vendor/laravel/framework/src/Illuminate/Routing/Route.php(238): Illuminate\\Routing\\RouteFileRegistrar->{closure}()
#1 /app/www/vendor/laravel/framework/src/Illuminate/Routing/Route.php(208): Illuminate\\Routing\\Route->runCallable()
#2 /app/www/vendor/laravel/framework/src/Illuminate/Routing/Router.php(721): Illuminate\\Routing\\Route->run()
#3 /app/www/vendor/laravel/framework/src/Illuminate/Pipeline/Pipeline.php(128): Illuminate\\Routing\\Router->Illuminate\\Routing\\{closure}()
#4 /app/www/vendor/laravel/framework/src/Illuminate/Routing/Middleware/SubstituteBindings.php(50): Illuminate\\Pipeline\\Pipeline->Illuminate\\Pipeline\\{closure}()
#5 /app/www/vendor/laravel/framework/src/Illuminate/Pipeline/Pipeline.php(167): Illuminate\\Routing\\Middleware\\SubstituteBindings->handle()
#6 /app/www/vendor/laravel/framework/src/Illuminate/Foundation/Http/Middleware/VerifyCsrfToken.php(78): Illuminate\\Pipeline\\Pipeline->Illuminate\\Pipeline\\{closure}()
#7 /app/www/vendor/laravel/framework/src/Illuminate/Pipeline/Pipeline.php(167): Illuminate\\Foundation\\Http\\Middleware\\VerifyCsrfToken->handle()
#8 /app/www/vendor/laravel/framework/src/Illuminate/View/Middleware/ShareErrorsFromSession.php(49): Illuminate\\Pipeline\\Pipeline->Illuminate\\Pipeline\\{closure}()
#9 /app/www/vendor/laravel/framework/src/Illuminate/Pipeline/Pipeline.php(167): Illuminate\\View\\Middleware\\ShareErrorsFromSession->handle()
#10 /app/www/vendor/laravel/framework/src/Illuminate/Session/Middleware/StartSession.php(121): Illuminate\\Pipeline\\Pipeline->Illuminate\\Pipeline\\{closure}()
#11 /app/www/vendor/laravel/framework/src/Illuminate/Session/Middleware/StartSession.php(64): Illuminate\\Session\\Middleware\\StartSession->handleStatefulRequest()
#12 /app/www/vendor/laravel/framework/src/Illuminate/Pipeline/Pipeline.php(167): Illuminate\\Session\\Middleware\\StartSession->handle()
#13 /app/www/vendor/laravel/framework/src/Illuminate/Cookie/Middleware/AddQueuedCookiesToResponse.php(37): Illuminate\\Pipeline\\Pipeline->Illuminate\\Pipeline\\{closure}()
#14 /app/www/vendor/laravel/framework/src/Illuminate/Pipeline/Pipeline.php(167): Illuminate\\Cookie\\Middleware\\AddQueuedCookiesToResponse->handle()
#15 /app/www/vendor/laravel/framework/src/Illuminate/Cookie/Middleware/EncryptCookies.php(67): Illuminate\\Pipeline\\Pipeline->Illuminate\\Pipeline\\{closure}()
#16 /app/www/vendor/laravel/framework/src/Illuminate/Pipeline/Pipeline.php(167): Illuminate\\Cookie\\Middleware\\EncryptCookies->handle()
#17 /app/www/vendor/laravel/framework/src/Illuminate/Pipeline/Pipeline.php(103): Illuminate\\Pipeline\\Pipeline->Illuminate\\Pipeline\\{closure}()
#18 /app/www/vendor/laravel/framework/src/Illuminate/Routing/Router.php(723): Illuminate\\Pipeline\\Pipeline->then()
#19 /app/www/vendor/laravel/framework/src/Illuminate/Routing/Router.php(698): Illuminate\\Routing\\Router->runRouteWithinStack()
#20 /app/www/vendor/laravel/framework/src/Illuminate/Routing/Router.php(662): Illuminate\\Routing\\Router->runRoute()
#21 /app/www/vendor/laravel/framework/src/Illuminate/Routing/Router.php(651): Illuminate\\Routing\\Router->dispatchToRoute()
#22 /app/www/vendor/laravel/framework/src/Illuminate/Foundation/Http/Kernel.php(167): Illuminate\\Routing\\Router->dispatch()
#23 /app/www/vendor/laravel/framework/src/Illuminate/Pipeline/Pipeline.php(128): Illuminate\\Foundation\\Http\\Kernel->Illuminate\\Foundation\\Http\\{closure}()
#24 /app/www/vendor/fideloper/proxy/src/TrustProxies.php(57): Illuminate\\Pipeline\\Pipeline->Illuminate\\Pipeline\\{closure}()
#25 /app/www/vendor/laravel/framework/src/Illuminate/Pipeline/Pipeline.php(167): Fideloper\\Proxy\\TrustProxies->handle()
#26 /app/www/vendor/laravel/framework/src/Illuminate/Foundation/Http/Middleware/TransformsRequest.php(21): Illuminate\\Pipeline\\Pipeline->Illuminate\\Pipeline\\{closure}()
#27 /app/www/vendor/laravel/framework/src/Illuminate/Foundation/Http/Middleware/ConvertEmptyStringsToNull.php(31): Illuminate\\Foundation\\Http\\Middleware\\TransformsRequest->handle()
#28 /app/www/vendor/laravel/framework/src/Illuminate/Pipeline/Pipeline.php(167): Illuminate\\Foundation\\Http\\Middleware\\ConvertEmptyStringsToNull->handle()
#29 /app/www/vendor/laravel/framework/src/Illuminate/Foundation/Http/Middleware/TransformsRequest.php(21): Illuminate\\Pipeline\\Pipeline->Illuminate\\Pipeline\\{closure}()
#30 /app/www/vendor/laravel/framework/src/Illuminate/Foundation/Http/Middleware/TrimStrings.php(40): Illuminate\\Foundation\\Http\\Middleware\\TransformsRequest->handle()
#31 /app/www/vendor/laravel/framework/src/Illuminate/Pipeline/Pipeline.php(167): Illuminate\\Foundation\\Http\\Middleware\\TrimStrings->handle()
#32 /app/www/vendor/laravel/framework/src/Illuminate/Foundation/Http/Middleware/ValidatePostSize.php(27): Illuminate\\Pipeline\\Pipeline->Illuminate\\Pipeline\\{closure}()
#33 /app/www/vendor/laravel/framework/src/Illuminate/Pipeline/Pipeline.php(167): Illuminate\\Foundation\\Http\\Middleware\\ValidatePostSize->handle()
#34 /app/www/vendor/laravel/framework/src/Illuminate/Foundation/Http/Middleware/PreventRequestsDuringMaintenance.php(86): Illuminate\\Pipeline\\Pipeline->Illuminate\\Pipeline\\{closure}()
#35 /app/www/vendor/laravel/framework/src/Illuminate/Pipeline/Pipeline.php(167): Illuminate\\Foundation\\Http\\Middleware\\PreventRequestsDuringMaintenance->handle()
#36 /app/www/vendor/laravel/framework/src/Illuminate/Pipeline/Pipeline.php(103): Illuminate\\Pipeline\\Pipeline->Illuminate\\Pipeline\\{closure}()
#37 /app/www/vendor/laravel/framework/src/Illuminate/Foundation/Http/Kernel.php(142): Illuminate\\Pipeline\\Pipeline->then()
#38 /app/www/vendor/laravel/framework/src/Illuminate/Foundation/Http/Kernel.php(111): Illuminate\\Foundation\\Http\\Kernel->sendRequestThroughRouter()
#39 /app/www/public/index.php(55): Illuminate\\Foundation\\Http\\Kernel->handle()
#40 {main}
"} 
[2023-01-08 06:02:31] local.DEBUG: Get app triggered for: 15f90b18166400660896d011856a88cd88d68b33  
[2023-01-08 06:02:31] local.DEBUG: Download triggered for stdClass Object
(
    [appid] => 15f90b18166400660896d011856a88cd88d68b33
    [name] => Tailscale
    [website] => https://tailscale.com/
    [license] => BSD 3-Clause Clear License
    [description] => A secure network that just works
Zero config VPN. Installs on any device in minutes, manages firewall rules for you, and works from anywhere.
    [enhanced] => 
    [tile_background] => light
    [icon] => tailscale.svg
    [sha] => 94503e8437823de32a95cd931160852c3e55ae8e
    [class] => \App\SupportedApps\Tailscale\Tailscale
)
  
[2023-01-08 06:02:32] local.ERROR: Call to undefined method Illuminate\Support\Facades\Request::input() {"exception":"[object] (Error(code: 0): Call to undefined method Illuminate\\Support\\Facades\\Request::input() at /app/www/routes/web.php:86)
[stacktrace]
#0 /app/www/vendor/laravel/framework/src/Illuminate/Routing/Route.php(238): Illuminate\\Routing\\RouteFileRegistrar->{closure}()
#1 /app/www/vendor/laravel/framework/src/Illuminate/Routing/Route.php(208): Illuminate\\Routing\\Route->runCallable()
#2 /app/www/vendor/laravel/framework/src/Illuminate/Routing/Router.php(721): Illuminate\\Routing\\Route->run()
#3 /app/www/vendor/laravel/framework/src/Illuminate/Pipeline/Pipeline.php(128): Illuminate\\Routing\\Router->Illuminate\\Routing\\{closure}()
#4 /app/www/vendor/laravel/framework/src/Illuminate/Routing/Middleware/SubstituteBindings.php(50): Illuminate\\Pipeline\\Pipeline->Illuminate\\Pipeline\\{closure}()
#5 /app/www/vendor/laravel/framework/src/Illuminate/Pipeline/Pipeline.php(167): Illuminate\\Routing\\Middleware\\SubstituteBindings->handle()
#6 /app/www/vendor/laravel/framework/src/Illuminate/Foundation/Http/Middleware/VerifyCsrfToken.php(78): Illuminate\\Pipeline\\Pipeline->Illuminate\\Pipeline\\{closure}()
#7 /app/www/vendor/laravel/framework/src/Illuminate/Pipeline/Pipeline.php(167): Illuminate\\Foundation\\Http\\Middleware\\VerifyCsrfToken->handle()
#8 /app/www/vendor/laravel/framework/src/Illuminate/View/Middleware/ShareErrorsFromSession.php(49): Illuminate\\Pipeline\\Pipeline->Illuminate\\Pipeline\\{closure}()
#9 /app/www/vendor/laravel/framework/src/Illuminate/Pipeline/Pipeline.php(167): Illuminate\\View\\Middleware\\ShareErrorsFromSession->handle()
#10 /app/www/vendor/laravel/framework/src/Illuminate/Session/Middleware/StartSession.php(121): Illuminate\\Pipeline\\Pipeline->Illuminate\\Pipeline\\{closure}()
#11 /app/www/vendor/laravel/framework/src/Illuminate/Session/Middleware/StartSession.php(64): Illuminate\\Session\\Middleware\\StartSession->handleStatefulRequest()
#12 /app/www/vendor/laravel/framework/src/Illuminate/Pipeline/Pipeline.php(167): Illuminate\\Session\\Middleware\\StartSession->handle()
#13 /app/www/vendor/laravel/framework/src/Illuminate/Cookie/Middleware/AddQueuedCookiesToResponse.php(37): Illuminate\\Pipeline\\Pipeline->Illuminate\\Pipeline\\{closure}()
#14 /app/www/vendor/laravel/framework/src/Illuminate/Pipeline/Pipeline.php(167): Illuminate\\Cookie\\Middleware\\AddQueuedCookiesToResponse->handle()
#15 /app/www/vendor/laravel/framework/src/Illuminate/Cookie/Middleware/EncryptCookies.php(67): Illuminate\\Pipeline\\Pipeline->Illuminate\\Pipeline\\{closure}()
#16 /app/www/vendor/laravel/framework/src/Illuminate/Pipeline/Pipeline.php(167): Illuminate\\Cookie\\Middleware\\EncryptCookies->handle()
#17 /app/www/vendor/laravel/framework/src/Illuminate/Pipeline/Pipeline.php(103): Illuminate\\Pipeline\\Pipeline->Illuminate\\Pipeline\\{closure}()
#18 /app/www/vendor/laravel/framework/src/Illuminate/Routing/Router.php(723): Illuminate\\Pipeline\\Pipeline->then()
#19 /app/www/vendor/laravel/framework/src/Illuminate/Routing/Router.php(698): Illuminate\\Routing\\Router->runRouteWithinStack()
#20 /app/www/vendor/laravel/framework/src/Illuminate/Routing/Router.php(662): Illuminate\\Routing\\Router->runRoute()
#21 /app/www/vendor/laravel/framework/src/Illuminate/Routing/Router.php(651): Illuminate\\Routing\\Router->dispatchToRoute()
#22 /app/www/vendor/laravel/framework/src/Illuminate/Foundation/Http/Kernel.php(167): Illuminate\\Routing\\Router->dispatch()
#23 /app/www/vendor/laravel/framework/src/Illuminate/Pipeline/Pipeline.php(128): Illuminate\\Foundation\\Http\\Kernel->Illuminate\\Foundation\\Http\\{closure}()
#24 /app/www/vendor/fideloper/proxy/src/TrustProxies.php(57): Illuminate\\Pipeline\\Pipeline->Illuminate\\Pipeline\\{closure}()
#25 /app/www/vendor/laravel/framework/src/Illuminate/Pipeline/Pipeline.php(167): Fideloper\\Proxy\\TrustProxies->handle()
#26 /app/www/vendor/laravel/framework/src/Illuminate/Foundation/Http/Middleware/TransformsRequest.php(21): Illuminate\\Pipeline\\Pipeline->Illuminate\\Pipeline\\{closure}()
#27 /app/www/vendor/laravel/framework/src/Illuminate/Foundation/Http/Middleware/ConvertEmptyStringsToNull.php(31): Illuminate\\Foundation\\Http\\Middleware\\TransformsRequest->handle()
#28 /app/www/vendor/laravel/framework/src/Illuminate/Pipeline/Pipeline.php(167): Illuminate\\Foundation\\Http\\Middleware\\ConvertEmptyStringsToNull->handle()
#29 /app/www/vendor/laravel/framework/src/Illuminate/Foundation/Http/Middleware/TransformsRequest.php(21): Illuminate\\Pipeline\\Pipeline->Illuminate\\Pipeline\\{closure}()
#30 /app/www/vendor/laravel/framework/src/Illuminate/Foundation/Http/Middleware/TrimStrings.php(40): Illuminate\\Foundation\\Http\\Middleware\\TransformsRequest->handle()
#31 /app/www/vendor/laravel/framework/src/Illuminate/Pipeline/Pipeline.php(167): Illuminate\\Foundation\\Http\\Middleware\\TrimStrings->handle()
#32 /app/www/vendor/laravel/framework/src/Illuminate/Foundation/Http/Middleware/ValidatePostSize.php(27): Illuminate\\Pipeline\\Pipeline->Illuminate\\Pipeline\\{closure}()
#33 /app/www/vendor/laravel/framework/src/Illuminate/Pipeline/Pipeline.php(167): Illuminate\\Foundation\\Http\\Middleware\\ValidatePostSize->handle()
#34 /app/www/vendor/laravel/framework/src/Illuminate/Foundation/Http/Middleware/PreventRequestsDuringMaintenance.php(86): Illuminate\\Pipeline\\Pipeline->Illuminate\\Pipeline\\{closure}()
#35 /app/www/vendor/laravel/framework/src/Illuminate/Pipeline/Pipeline.php(167): Illuminate\\Foundation\\Http\\Middleware\\PreventRequestsDuringMaintenance->handle()
#36 /app/www/vendor/laravel/framework/src/Illuminate/Pipeline/Pipeline.php(103): Illuminate\\Pipeline\\Pipeline->Illuminate\\Pipeline\\{closure}()
#37 /app/www/vendor/laravel/framework/src/Illuminate/Foundation/Http/Kernel.php(142): Illuminate\\Pipeline\\Pipeline->then()
#38 /app/www/vendor/laravel/framework/src/Illuminate/Foundation/Http/Kernel.php(111): Illuminate\\Foundation\\Http\\Kernel->sendRequestThroughRouter()
#39 /app/www/public/index.php(55): Illuminate\\Foundation\\Http\\Kernel->handle()
#40 {main}
"} 
[2023-01-08 06:03:03] local.ERROR: Attempt to read property "cpu" on null {"exception":"[object] (ErrorException(code: 0): Attempt to read property \"cpu\" on null at /config/www/SupportedApps/Proxmox/Proxmox.php:59)
[stacktrace]
#0 /config/www/SupportedApps/Proxmox/Proxmox.php(59): Illuminate\\Foundation\\Bootstrap\\HandleExceptions->handleError()
#1 /app/www/app/Http/Controllers/ItemController.php(503): App\\SupportedApps\\Proxmox\\Proxmox->livestats()
#2 /app/www/vendor/laravel/framework/src/Illuminate/Routing/Controller.php(54): App\\Http\\Controllers\\ItemController->getStats()
#3 /app/www/vendor/laravel/framework/src/Illuminate/Routing/ControllerDispatcher.php(45): Illuminate\\Routing\\Controller->callAction()
#4 /app/www/vendor/laravel/framework/src/Illuminate/Routing/Route.php(262): Illuminate\\Routing\\ControllerDispatcher->dispatch()
#5 /app/www/vendor/laravel/framework/src/Illuminate/Routing/Route.php(205): Illuminate\\Routing\\Route->runController()
#6 /app/www/vendor/laravel/framework/src/Illuminate/Routing/Router.php(721): Illuminate\\Routing\\Route->run()
#7 /app/www/vendor/laravel/framework/src/Illuminate/Pipeline/Pipeline.php(128): Illuminate\\Routing\\Router->Illuminate\\Routing\\{closure}()
#8 /app/www/app/Http/Middleware/CheckAllowed.php(46): Illuminate\\Pipeline\\Pipeline->Illuminate\\Pipeline\\{closure}()
#9 /app/www/vendor/laravel/framework/src/Illuminate/Pipeline/Pipeline.php(167): App\\Http\\Middleware\\CheckAllowed->handle()
#10 /app/www/app/Http/Controllers/Controller.php(22): Illuminate\\Pipeline\\Pipeline->Illuminate\\Pipeline\\{closure}()
#11 /app/www/vendor/laravel/framework/src/Illuminate/Pipeline/Pipeline.php(149): App\\Http\\Controllers\\Controller->App\\Http\\Controllers\\{closure}()
#12 /app/www/vendor/laravel/framework/src/Illuminate/Routing/Middleware/SubstituteBindings.php(50): Illuminate\\Pipeline\\Pipeline->Illuminate\\Pipeline\\{closure}()
#13 /app/www/vendor/laravel/framework/src/Illuminate/Pipeline/Pipeline.php(167): Illuminate\\Routing\\Middleware\\SubstituteBindings->handle()
#14 /app/www/vendor/laravel/framework/src/Illuminate/Foundation/Http/Middleware/VerifyCsrfToken.php(78): Illuminate\\Pipeline\\Pipeline->Illuminate\\Pipeline\\{closure}()
#15 /app/www/vendor/laravel/framework/src/Illuminate/Pipeline/Pipeline.php(167): Illuminate\\Foundation\\Http\\Middleware\\VerifyCsrfToken->handle()
#16 /app/www/vendor/laravel/framework/src/Illuminate/View/Middleware/ShareErrorsFromSession.php(49): Illuminate\\Pipeline\\Pipeline->Illuminate\\Pipeline\\{closure}()
#17 /app/www/vendor/laravel/framework/src/Illuminate/Pipeline/Pipeline.php(167): Illuminate\\View\\Middleware\\ShareErrorsFromSession->handle()
#18 /app/www/vendor/laravel/framework/src/Illuminate/Session/Middleware/StartSession.php(121): Illuminate\\Pipeline\\Pipeline->Illuminate\\Pipeline\\{closure}()
#19 /app/www/vendor/laravel/framework/src/Illuminate/Session/Middleware/StartSession.php(64): Illuminate\\Session\\Middleware\\StartSession->handleStatefulRequest()
#20 /app/www/vendor/laravel/framework/src/Illuminate/Pipeline/Pipeline.php(167): Illuminate\\Session\\Middleware\\StartSession->handle()
#21 /app/www/vendor/laravel/framework/src/Illuminate/Cookie/Middleware/AddQueuedCookiesToResponse.php(37): Illuminate\\Pipeline\\Pipeline->Illuminate\\Pipeline\\{closure}()
#22 /app/www/vendor/laravel/framework/src/Illuminate/Pipeline/Pipeline.php(167): Illuminate\\Cookie\\Middleware\\AddQueuedCookiesToResponse->handle()
#23 /app/www/vendor/laravel/framework/src/Illuminate/Cookie/Middleware/EncryptCookies.php(67): Illuminate\\Pipeline\\Pipeline->Illuminate\\Pipeline\\{closure}()
#24 /app/www/vendor/laravel/framework/src/Illuminate/Pipeline/Pipeline.php(167): Illuminate\\Cookie\\Middleware\\EncryptCookies->handle()
#25 /app/www/vendor/laravel/framework/src/Illuminate/Pipeline/Pipeline.php(103): Illuminate\\Pipeline\\Pipeline->Illuminate\\Pipeline\\{closure}()
#26 /app/www/vendor/laravel/framework/src/Illuminate/Routing/Router.php(723): Illuminate\\Pipeline\\Pipeline->then()
#27 /app/www/vendor/laravel/framework/src/Illuminate/Routing/Router.php(698): Illuminate\\Routing\\Router->runRouteWithinStack()
#28 /app/www/vendor/laravel/framework/src/Illuminate/Routing/Router.php(662): Illuminate\\Routing\\Router->runRoute()
#29 /app/www/vendor/laravel/framework/src/Illuminate/Routing/Router.php(651): Illuminate\\Routing\\Router->dispatchToRoute()
#30 /app/www/vendor/laravel/framework/src/Illuminate/Foundation/Http/Kernel.php(167): Illuminate\\Routing\\Router->dispatch()
#31 /app/www/vendor/laravel/framework/src/Illuminate/Pipeline/Pipeline.php(128): Illuminate\\Foundation\\Http\\Kernel->Illuminate\\Foundation\\Http\\{closure}()
#32 /app/www/vendor/fideloper/proxy/src/TrustProxies.php(57): Illuminate\\Pipeline\\Pipeline->Illuminate\\Pipeline\\{closure}()
#33 /app/www/vendor/laravel/framework/src/Illuminate/Pipeline/Pipeline.php(167): Fideloper\\Proxy\\TrustProxies->handle()
#34 /app/www/vendor/laravel/framework/src/Illuminate/Foundation/Http/Middleware/TransformsRequest.php(21): Illuminate\\Pipeline\\Pipeline->Illuminate\\Pipeline\\{closure}()
#35 /app/www/vendor/laravel/framework/src/Illuminate/Foundation/Http/Middleware/ConvertEmptyStringsToNull.php(31): Illuminate\\Foundation\\Http\\Middleware\\TransformsRequest->handle()
#36 /app/www/vendor/laravel/framework/src/Illuminate/Pipeline/Pipeline.php(167): Illuminate\\Foundation\\Http\\Middleware\\ConvertEmptyStringsToNull->handle()
#37 /app/www/vendor/laravel/framework/src/Illuminate/Foundation/Http/Middleware/TransformsRequest.php(21): Illuminate\\Pipeline\\Pipeline->Illuminate\\Pipeline\\{closure}()
#38 /app/www/vendor/laravel/framework/src/Illuminate/Foundation/Http/Middleware/TrimStrings.php(40): Illuminate\\Foundation\\Http\\Middleware\\TransformsRequest->handle()
#39 /app/www/vendor/laravel/framework/src/Illuminate/Pipeline/Pipeline.php(167): Illuminate\\Foundation\\Http\\Middleware\\TrimStrings->handle()
#40 /app/www/vendor/laravel/framework/src/Illuminate/Foundation/Http/Middleware/ValidatePostSize.php(27): Illuminate\\Pipeline\\Pipeline->Illuminate\\Pipeline\\{closure}()
#41 /app/www/vendor/laravel/framework/src/Illuminate/Pipeline/Pipeline.php(167): Illuminate\\Foundation\\Http\\Middleware\\ValidatePostSize->handle()
#42 /app/www/vendor/laravel/framework/src/Illuminate/Foundation/Http/Middleware/PreventRequestsDuringMaintenance.php(86): Illuminate\\Pipeline\\Pipeline->Illuminate\\Pipeline\\{closure}()
#43 /app/www/vendor/laravel/framework/src/Illuminate/Pipeline/Pipeline.php(167): Illuminate\\Foundation\\Http\\Middleware\\PreventRequestsDuringMaintenance->handle()
#44 /app/www/vendor/laravel/framework/src/Illuminate/Pipeline/Pipeline.php(103): Illuminate\\Pipeline\\Pipeline->Illuminate\\Pipeline\\{closure}()
#45 /app/www/vendor/laravel/framework/src/Illuminate/Foundation/Http/Kernel.php(142): Illuminate\\Pipeline\\Pipeline->then()
#46 /app/www/vendor/laravel/framework/src/Illuminate/Foundation/Http/Kernel.php(111): Illuminate\\Foundation\\Http\\Kernel->sendRequestThroughRouter()
#47 /app/www/public/index.php(55): Illuminate\\Foundation\\Http\\Kernel->handle()
#48 {main}
"} 
[2023-01-08 06:03:03] local.ERROR: Attempt to read property "cpu" on null {"exception":"[object] (ErrorException(code: 0): Attempt to read property \"cpu\" on null at /config/www/SupportedApps/Proxmox/Proxmox.php:59)
[stacktrace]
#0 /config/www/SupportedApps/Proxmox/Proxmox.php(59): Illuminate\\Foundation\\Bootstrap\\HandleExceptions->handleError()
#1 /app/www/app/Http/Controllers/ItemController.php(503): App\\SupportedApps\\Proxmox\\Proxmox->livestats()
#2 /app/www/vendor/laravel/framework/src/Illuminate/Routing/Controller.php(54): App\\Http\\Controllers\\ItemController->getStats()
#3 /app/www/vendor/laravel/framework/src/Illuminate/Routing/ControllerDispatcher.php(45): Illuminate\\Routing\\Controller->callAction()
#4 /app/www/vendor/laravel/framework/src/Illuminate/Routing/Route.php(262): Illuminate\\Routing\\ControllerDispatcher->dispatch()
#5 /app/www/vendor/laravel/framework/src/Illuminate/Routing/Route.php(205): Illuminate\\Routing\\Route->runController()
#6 /app/www/vendor/laravel/framework/src/Illuminate/Routing/Router.php(721): Illuminate\\Routing\\Route->run()
#7 /app/www/vendor/laravel/framework/src/Illuminate/Pipeline/Pipeline.php(128): Illuminate\\Routing\\Router->Illuminate\\Routing\\{closure}()
#8 /app/www/app/Http/Middleware/CheckAllowed.php(46): Illuminate\\Pipeline\\Pipeline->Illuminate\\Pipeline\\{closure}()
#9 /app/www/vendor/laravel/framework/src/Illuminate/Pipeline/Pipeline.php(167): App\\Http\\Middleware\\CheckAllowed->handle()
#10 /app/www/app/Http/Controllers/Controller.php(22): Illuminate\\Pipeline\\Pipeline->Illuminate\\Pipeline\\{closure}()
#11 /app/www/vendor/laravel/framework/src/Illuminate/Pipeline/Pipeline.php(149): App\\Http\\Controllers\\Controller->App\\Http\\Controllers\\{closure}()
#12 /app/www/vendor/laravel/framework/src/Illuminate/Routing/Middleware/SubstituteBindings.php(50): Illuminate\\Pipeline\\Pipeline->Illuminate\\Pipeline\\{closure}()
#13 /app/www/vendor/laravel/framework/src/Illuminate/Pipeline/Pipeline.php(167): Illuminate\\Routing\\Middleware\\SubstituteBindings->handle()
#14 /app/www/vendor/laravel/framework/src/Illuminate/Foundation/Http/Middleware/VerifyCsrfToken.php(78): Illuminate\\Pipeline\\Pipeline->Illuminate\\Pipeline\\{closure}()
#15 /app/www/vendor/laravel/framework/src/Illuminate/Pipeline/Pipeline.php(167): Illuminate\\Foundation\\Http\\Middleware\\VerifyCsrfToken->handle()
#16 /app/www/vendor/laravel/framework/src/Illuminate/View/Middleware/ShareErrorsFromSession.php(49): Illuminate\\Pipeline\\Pipeline->Illuminate\\Pipeline\\{closure}()
#17 /app/www/vendor/laravel/framework/src/Illuminate/Pipeline/Pipeline.php(167): Illuminate\\View\\Middleware\\ShareErrorsFromSession->handle()
#18 /app/www/vendor/laravel/framework/src/Illuminate/Session/Middleware/StartSession.php(121): Illuminate\\Pipeline\\Pipeline->Illuminate\\Pipeline\\{closure}()
#19 /app/www/vendor/laravel/framework/src/Illuminate/Session/Middleware/StartSession.php(64): Illuminate\\Session\\Middleware\\StartSession->handleStatefulRequest()
#20 /app/www/vendor/laravel/framework/src/Illuminate/Pipeline/Pipeline.php(167): Illuminate\\Session\\Middleware\\StartSession->handle()
#21 /app/www/vendor/laravel/framework/src/Illuminate/Cookie/Middleware/AddQueuedCookiesToResponse.php(37): Illuminate\\Pipeline\\Pipeline->Illuminate\\Pipeline\\{closure}()
#22 /app/www/vendor/laravel/framework/src/Illuminate/Pipeline/Pipeline.php(167): Illuminate\\Cookie\\Middleware\\AddQueuedCookiesToResponse->handle()
#23 /app/www/vendor/laravel/framework/src/Illuminate/Cookie/Middleware/EncryptCookies.php(67): Illuminate\\Pipeline\\Pipeline->Illuminate\\Pipeline\\{closure}()
#24 /app/www/vendor/laravel/framework/src/Illuminate/Pipeline/Pipeline.php(167): Illuminate\\Cookie\\Middleware\\EncryptCookies->handle()
#25 /app/www/vendor/laravel/framework/src/Illuminate/Pipeline/Pipeline.php(103): Illuminate\\Pipeline\\Pipeline->Illuminate\\Pipeline\\{closure}()
#26 /app/www/vendor/laravel/framework/src/Illuminate/Routing/Router.php(723): Illuminate\\Pipeline\\Pipeline->then()
#27 /app/www/vendor/laravel/framework/src/Illuminate/Routing/Router.php(698): Illuminate\\Routing\\Router->runRouteWithinStack()
#28 /app/www/vendor/laravel/framework/src/Illuminate/Routing/Router.php(662): Illuminate\\Routing\\Router->runRoute()
#29 /app/www/vendor/laravel/framework/src/Illuminate/Routing/Router.php(651): Illuminate\\Routing\\Router->dispatchToRoute()
#30 /app/www/vendor/laravel/framework/src/Illuminate/Foundation/Http/Kernel.php(167): Illuminate\\Routing\\Router->dispatch()
#31 /app/www/vendor/laravel/framework/src/Illuminate/Pipeline/Pipeline.php(128): Illuminate\\Foundation\\Http\\Kernel->Illuminate\\Foundation\\Http\\{closure}()
#32 /app/www/vendor/fideloper/proxy/src/TrustProxies.php(57): Illuminate\\Pipeline\\Pipeline->Illuminate\\Pipeline\\{closure}()
#33 /app/www/vendor/laravel/framework/src/Illuminate/Pipeline/Pipeline.php(167): Fideloper\\Proxy\\TrustProxies->handle()
#34 /app/www/vendor/laravel/framework/src/Illuminate/Foundation/Http/Middleware/TransformsRequest.php(21): Illuminate\\Pipeline\\Pipeline->Illuminate\\Pipeline\\{closure}()
#35 /app/www/vendor/laravel/framework/src/Illuminate/Foundation/Http/Middleware/ConvertEmptyStringsToNull.php(31): Illuminate\\Foundation\\Http\\Middleware\\TransformsRequest->handle()
#36 /app/www/vendor/laravel/framework/src/Illuminate/Pipeline/Pipeline.php(167): Illuminate\\Foundation\\Http\\Middleware\\ConvertEmptyStringsToNull->handle()
#37 /app/www/vendor/laravel/framework/src/Illuminate/Foundation/Http/Middleware/TransformsRequest.php(21): Illuminate\\Pipeline\\Pipeline->Illuminate\\Pipeline\\{closure}()
#38 /app/www/vendor/laravel/framework/src/Illuminate/Foundation/Http/Middleware/TrimStrings.php(40): Illuminate\\Foundation\\Http\\Middleware\\TransformsRequest->handle()
#39 /app/www/vendor/laravel/framework/src/Illuminate/Pipeline/Pipeline.php(167): Illuminate\\Foundation\\Http\\Middleware\\TrimStrings->handle()
#40 /app/www/vendor/laravel/framework/src/Illuminate/Foundation/Http/Middleware/ValidatePostSize.php(27): Illuminate\\Pipeline\\Pipeline->Illuminate\\Pipeline\\{closure}()
#41 /app/www/vendor/laravel/framework/src/Illuminate/Pipeline/Pipeline.php(167): Illuminate\\Foundation\\Http\\Middleware\\ValidatePostSize->handle()
#42 /app/www/vendor/laravel/framework/src/Illuminate/Foundation/Http/Middleware/PreventRequestsDuringMaintenance.php(86): Illuminate\\Pipeline\\Pipeline->Illuminate\\Pipeline\\{closure}()
#43 /app/www/vendor/laravel/framework/src/Illuminate/Pipeline/Pipeline.php(167): Illuminate\\Foundation\\Http\\Middleware\\PreventRequestsDuringMaintenance->handle()
#44 /app/www/vendor/laravel/framework/src/Illuminate/Pipeline/Pipeline.php(103): Illuminate\\Pipeline\\Pipeline->Illuminate\\Pipeline\\{closure}()
#45 /app/www/vendor/laravel/framework/src/Illuminate/Foundation/Http/Kernel.php(142): Illuminate\\Pipeline\\Pipeline->then()
#46 /app/www/vendor/laravel/framework/src/Illuminate/Foundation/Http/Kernel.php(111): Illuminate\\Foundation\\Http\\Kernel->sendRequestThroughRouter()
#47 /app/www/public/index.php(55): Illuminate\\Foundation\\Http\\Kernel->handle()
#48 {main}
"} 
[2023-01-08 06:03:03] local.ERROR: Attempt to read property "cpu" on null {"exception":"[object] (ErrorException(code: 0): Attempt to read property \"cpu\" on null at /config/www/SupportedApps/Proxmox/Proxmox.php:59)
[stacktrace]
#0 /config/www/SupportedApps/Proxmox/Proxmox.php(59): Illuminate\\Foundation\\Bootstrap\\HandleExceptions->handleError()
#1 /app/www/app/Http/Controllers/ItemController.php(503): App\\SupportedApps\\Proxmox\\Proxmox->livestats()
#2 /app/www/vendor/laravel/framework/src/Illuminate/Routing/Controller.php(54): App\\Http\\Controllers\\ItemController->getStats()
#3 /app/www/vendor/laravel/framework/src/Illuminate/Routing/ControllerDispatcher.php(45): Illuminate\\Routing\\Controller->callAction()
#4 /app/www/vendor/laravel/framework/src/Illuminate/Routing/Route.php(262): Illuminate\\Routing\\ControllerDispatcher->dispatch()
#5 /app/www/vendor/laravel/framework/src/Illuminate/Routing/Route.php(205): Illuminate\\Routing\\Route->runController()
#6 /app/www/vendor/laravel/framework/src/Illuminate/Routing/Router.php(721): Illuminate\\Routing\\Route->run()
#7 /app/www/vendor/laravel/framework/src/Illuminate/Pipeline/Pipeline.php(128): Illuminate\\Routing\\Router->Illuminate\\Routing\\{closure}()
#8 /app/www/app/Http/Middleware/CheckAllowed.php(46): Illuminate\\Pipeline\\Pipeline->Illuminate\\Pipeline\\{closure}()
#9 /app/www/vendor/laravel/framework/src/Illuminate/Pipeline/Pipeline.php(167): App\\Http\\Middleware\\CheckAllowed->handle()
#10 /app/www/app/Http/Controllers/Controller.php(22): Illuminate\\Pipeline\\Pipeline->Illuminate\\Pipeline\\{closure}()
#11 /app/www/vendor/laravel/framework/src/Illuminate/Pipeline/Pipeline.php(149): App\\Http\\Controllers\\Controller->App\\Http\\Controllers\\{closure}()
#12 /app/www/vendor/laravel/framework/src/Illuminate/Routing/Middleware/SubstituteBindings.php(50): Illuminate\\Pipeline\\Pipeline->Illuminate\\Pipeline\\{closure}()
#13 /app/www/vendor/laravel/framework/src/Illuminate/Pipeline/Pipeline.php(167): Illuminate\\Routing\\Middleware\\SubstituteBindings->handle()
#14 /app/www/vendor/laravel/framework/src/Illuminate/Foundation/Http/Middleware/VerifyCsrfToken.php(78): Illuminate\\Pipeline\\Pipeline->Illuminate\\Pipeline\\{closure}()
#15 /app/www/vendor/laravel/framework/src/Illuminate/Pipeline/Pipeline.php(167): Illuminate\\Foundation\\Http\\Middleware\\VerifyCsrfToken->handle()
#16 /app/www/vendor/laravel/framework/src/Illuminate/View/Middleware/ShareErrorsFromSession.php(49): Illuminate\\Pipeline\\Pipeline->Illuminate\\Pipeline\\{closure}()
#17 /app/www/vendor/laravel/framework/src/Illuminate/Pipeline/Pipeline.php(167): Illuminate\\View\\Middleware\\ShareErrorsFromSession->handle()
#18 /app/www/vendor/laravel/framework/src/Illuminate/Session/Middleware/StartSession.php(121): Illuminate\\Pipeline\\Pipeline->Illuminate\\Pipeline\\{closure}()
#19 /app/www/vendor/laravel/framework/src/Illuminate/Session/Middleware/StartSession.php(64): Illuminate\\Session\\Middleware\\StartSession->handleStatefulRequest()
#20 /app/www/vendor/laravel/framework/src/Illuminate/Pipeline/Pipeline.php(167): Illuminate\\Session\\Middleware\\StartSession->handle()
#21 /app/www/vendor/laravel/framework/src/Illuminate/Cookie/Middleware/AddQueuedCookiesToResponse.php(37): Illuminate\\Pipeline\\Pipeline->Illuminate\\Pipeline\\{closure}()
#22 /app/www/vendor/laravel/framework/src/Illuminate/Pipeline/Pipeline.php(167): Illuminate\\Cookie\\Middleware\\AddQueuedCookiesToResponse->handle()
#23 /app/www/vendor/laravel/framework/src/Illuminate/Cookie/Middleware/EncryptCookies.php(67): Illuminate\\Pipeline\\Pipeline->Illuminate\\Pipeline\\{closure}()
#24 /app/www/vendor/laravel/framework/src/Illuminate/Pipeline/Pipeline.php(167): Illuminate\\Cookie\\Middleware\\EncryptCookies->handle()
#25 /app/www/vendor/laravel/framework/src/Illuminate/Pipeline/Pipeline.php(103): Illuminate\\Pipeline\\Pipeline->Illuminate\\Pipeline\\{closure}()
#26 /app/www/vendor/laravel/framework/src/Illuminate/Routing/Router.php(723): Illuminate\\Pipeline\\Pipeline->then()
#27 /app/www/vendor/laravel/framework/src/Illuminate/Routing/Router.php(698): Illuminate\\Routing\\Router->runRouteWithinStack()
#28 /app/www/vendor/laravel/framework/src/Illuminate/Routing/Router.php(662): Illuminate\\Routing\\Router->runRoute()
#29 /app/www/vendor/laravel/framework/src/Illuminate/Routing/Router.php(651): Illuminate\\Routing\\Router->dispatchToRoute()
#30 /app/www/vendor/laravel/framework/src/Illuminate/Foundation/Http/Kernel.php(167): Illuminate\\Routing\\Router->dispatch()
#31 /app/www/vendor/laravel/framework/src/Illuminate/Pipeline/Pipeline.php(128): Illuminate\\Foundation\\Http\\Kernel->Illuminate\\Foundation\\Http\\{closure}()
#32 /app/www/vendor/fideloper/proxy/src/TrustProxies.php(57): Illuminate\\Pipeline\\Pipeline->Illuminate\\Pipeline\\{closure}()
#33 /app/www/vendor/laravel/framework/src/Illuminate/Pipeline/Pipeline.php(167): Fideloper\\Proxy\\TrustProxies->handle()
#34 /app/www/vendor/laravel/framework/src/Illuminate/Foundation/Http/Middleware/TransformsRequest.php(21): Illuminate\\Pipeline\\Pipeline->Illuminate\\Pipeline\\{closure}()
#35 /app/www/vendor/laravel/framework/src/Illuminate/Foundation/Http/Middleware/ConvertEmptyStringsToNull.php(31): Illuminate\\Foundation\\Http\\Middleware\\TransformsRequest->handle()
#36 /app/www/vendor/laravel/framework/src/Illuminate/Pipeline/Pipeline.php(167): Illuminate\\Foundation\\Http\\Middleware\\ConvertEmptyStringsToNull->handle()
#37 /app/www/vendor/laravel/framework/src/Illuminate/Foundation/Http/Middleware/TransformsRequest.php(21): Illuminate\\Pipeline\\Pipeline->Illuminate\\Pipeline\\{closure}()
#38 /app/www/vendor/laravel/framework/src/Illuminate/Foundation/Http/Middleware/TrimStrings.php(40): Illuminate\\Foundation\\Http\\Middleware\\TransformsRequest->handle()
#39 /app/www/vendor/laravel/framework/src/Illuminate/Pipeline/Pipeline.php(167): Illuminate\\Foundation\\Http\\Middleware\\TrimStrings->handle()
#40 /app/www/vendor/laravel/framework/src/Illuminate/Foundation/Http/Middleware/ValidatePostSize.php(27): Illuminate\\Pipeline\\Pipeline->Illuminate\\Pipeline\\{closure}()
#41 /app/www/vendor/laravel/framework/src/Illuminate/Pipeline/Pipeline.php(167): Illuminate\\Foundation\\Http\\Middleware\\ValidatePostSize->handle()
#42 /app/www/vendor/laravel/framework/src/Illuminate/Foundation/Http/Middleware/PreventRequestsDuringMaintenance.php(86): Illuminate\\Pipeline\\Pipeline->Illuminate\\Pipeline\\{closure}()
#43 /app/www/vendor/laravel/framework/src/Illuminate/Pipeline/Pipeline.php(167): Illuminate\\Foundation\\Http\\Middleware\\PreventRequestsDuringMaintenance->handle()
#44 /app/www/vendor/laravel/framework/src/Illuminate/Pipeline/Pipeline.php(103): Illuminate\\Pipeline\\Pipeline->Illuminate\\Pipeline\\{closure}()
#45 /app/www/vendor/laravel/framework/src/Illuminate/Foundation/Http/Kernel.php(142): Illuminate\\Pipeline\\Pipeline->then()
#46 /app/www/vendor/laravel/framework/src/Illuminate/Foundation/Http/Kernel.php(111): Illuminate\\Foundation\\Http\\Kernel->sendRequestThroughRouter()
#47 /app/www/public/index.php(55): Illuminate\\Foundation\\Http\\Kernel->handle()
#48 {main}
"} 
[2023-01-08 06:03:03] local.ERROR: cURL error 60: SSL: no alternative certificate subject name matches target host name '192.168.100.50' (see https://curl.haxx.se/libcurl/c/libcurl-errors.html) for https://192.168.100.50:32400/library/onDeck?X-Plex-Token=zGqxSysMJpbnktLCFc5r {"exception":"[object] (GuzzleHttp\\Exception\\RequestException(code: 0): cURL error 60: SSL: no alternative certificate subject name matches target host name '192.168.100.50' (see https://curl.haxx.se/libcurl/c/libcurl-errors.html) for https://192.168.100.50:32400/library/onDeck?X-Plex-Token=zGqxSysMJpbnktLCFc5r at /app/www/vendor/guzzlehttp/guzzle/src/Handler/CurlFactory.php:211)
[stacktrace]
#0 /app/www/vendor/guzzlehttp/guzzle/src/Handler/CurlFactory.php(158): GuzzleHttp\\Handler\\CurlFactory::createRejection()
#1 /app/www/vendor/guzzlehttp/guzzle/src/Handler/CurlFactory.php(110): GuzzleHttp\\Handler\\CurlFactory::finishError()
#2 /app/www/vendor/guzzlehttp/guzzle/src/Handler/CurlHandler.php(47): GuzzleHttp\\Handler\\CurlFactory::finish()
#3 /app/www/vendor/guzzlehttp/guzzle/src/Handler/Proxy.php(28): GuzzleHttp\\Handler\\CurlHandler->__invoke()
#4 /app/www/vendor/guzzlehttp/guzzle/src/Handler/Proxy.php(48): GuzzleHttp\\Handler\\Proxy::GuzzleHttp\\Handler\\{closure}()
#5 /app/www/vendor/guzzlehttp/guzzle/src/PrepareBodyMiddleware.php(35): GuzzleHttp\\Handler\\Proxy::GuzzleHttp\\Handler\\{closure}()
#6 /app/www/vendor/guzzlehttp/guzzle/src/Middleware.php(31): GuzzleHttp\\PrepareBodyMiddleware->__invoke()
#7 /app/www/vendor/guzzlehttp/guzzle/src/RedirectMiddleware.php(71): GuzzleHttp\\Middleware::GuzzleHttp\\{closure}()
#8 /app/www/vendor/guzzlehttp/guzzle/src/Middleware.php(61): GuzzleHttp\\RedirectMiddleware->__invoke()
#9 /app/www/vendor/guzzlehttp/guzzle/src/HandlerStack.php(75): GuzzleHttp\\Middleware::GuzzleHttp\\{closure}()
#10 /app/www/vendor/guzzlehttp/guzzle/src/Client.php(331): GuzzleHttp\\HandlerStack->__invoke()
#11 /app/www/vendor/guzzlehttp/guzzle/src/Client.php(168): GuzzleHttp\\Client->transfer()
#12 /app/www/vendor/guzzlehttp/guzzle/src/Client.php(187): GuzzleHttp\\Client->requestAsync()
#13 /app/www/app/SupportedApps.php(94): GuzzleHttp\\Client->request()
#14 /config/www/SupportedApps/Plex/Plex.php(45): App\\SupportedApps->execute()
#15 /app/www/app/Http/Controllers/ItemController.php(503): App\\SupportedApps\\Plex\\Plex->livestats()
#16 /app/www/vendor/laravel/framework/src/Illuminate/Routing/Controller.php(54): App\\Http\\Controllers\\ItemController->getStats()
#17 /app/www/vendor/laravel/framework/src/Illuminate/Routing/ControllerDispatcher.php(45): Illuminate\\Routing\\Controller->callAction()
#18 /app/www/vendor/laravel/framework/src/Illuminate/Routing/Route.php(262): Illuminate\\Routing\\ControllerDispatcher->dispatch()
#19 /app/www/vendor/laravel/framework/src/Illuminate/Routing/Route.php(205): Illuminate\\Routing\\Route->runController()
#20 /app/www/vendor/laravel/framework/src/Illuminate/Routing/Router.php(721): Illuminate\\Routing\\Route->run()
#21 /app/www/vendor/laravel/framework/src/Illuminate/Pipeline/Pipeline.php(128): Illuminate\\Routing\\Router->Illuminate\\Routing\\{closure}()
#22 /app/www/app/Http/Middleware/CheckAllowed.php(46): Illuminate\\Pipeline\\Pipeline->Illuminate\\Pipeline\\{closure}()
#23 /app/www/vendor/laravel/framework/src/Illuminate/Pipeline/Pipeline.php(167): App\\Http\\Middleware\\CheckAllowed->handle()
#24 /app/www/app/Http/Controllers/Controller.php(22): Illuminate\\Pipeline\\Pipeline->Illuminate\\Pipeline\\{closure}()
#25 /app/www/vendor/laravel/framework/src/Illuminate/Pipeline/Pipeline.php(149): App\\Http\\Controllers\\Controller->App\\Http\\Controllers\\{closure}()
#26 /app/www/vendor/laravel/framework/src/Illuminate/Routing/Middleware/SubstituteBindings.php(50): Illuminate\\Pipeline\\Pipeline->Illuminate\\Pipeline\\{closure}()
#27 /app/www/vendor/laravel/framework/src/Illuminate/Pipeline/Pipeline.php(167): Illuminate\\Routing\\Middleware\\SubstituteBindings->handle()
#28 /app/www/vendor/laravel/framework/src/Illuminate/Foundation/Http/Middleware/VerifyCsrfToken.php(78): Illuminate\\Pipeline\\Pipeline->Illuminate\\Pipeline\\{closure}()
#29 /app/www/vendor/laravel/framework/src/Illuminate/Pipeline/Pipeline.php(167): Illuminate\\Foundation\\Http\\Middleware\\VerifyCsrfToken->handle()
#30 /app/www/vendor/laravel/framework/src/Illuminate/View/Middleware/ShareErrorsFromSession.php(49): Illuminate\\Pipeline\\Pipeline->Illuminate\\Pipeline\\{closure}()
#31 /app/www/vendor/laravel/framework/src/Illuminate/Pipeline/Pipeline.php(167): Illuminate\\View\\Middleware\\ShareErrorsFromSession->handle()
#32 /app/www/vendor/laravel/framework/src/Illuminate/Session/Middleware/StartSession.php(121): Illuminate\\Pipeline\\Pipeline->Illuminate\\Pipeline\\{closure}()
#33 /app/www/vendor/laravel/framework/src/Illuminate/Session/Middleware/StartSession.php(64): Illuminate\\Session\\Middleware\\StartSession->handleStatefulRequest()
#34 /app/www/vendor/laravel/framework/src/Illuminate/Pipeline/Pipeline.php(167): Illuminate\\Session\\Middleware\\StartSession->handle()
#35 /app/www/vendor/laravel/framework/src/Illuminate/Cookie/Middleware/AddQueuedCookiesToResponse.php(37): Illuminate\\Pipeline\\Pipeline->Illuminate\\Pipeline\\{closure}()
#36 /app/www/vendor/laravel/framework/src/Illuminate/Pipeline/Pipeline.php(167): Illuminate\\Cookie\\Middleware\\AddQueuedCookiesToResponse->handle()
#37 /app/www/vendor/laravel/framework/src/Illuminate/Cookie/Middleware/EncryptCookies.php(67): Illuminate\\Pipeline\\Pipeline->Illuminate\\Pipeline\\{closure}()
#38 /app/www/vendor/laravel/framework/src/Illuminate/Pipeline/Pipeline.php(167): Illuminate\\Cookie\\Middleware\\EncryptCookies->handle()
#39 /app/www/vendor/laravel/framework/src/Illuminate/Pipeline/Pipeline.php(103): Illuminate\\Pipeline\\Pipeline->Illuminate\\Pipeline\\{closure}()
#40 /app/www/vendor/laravel/framework/src/Illuminate/Routing/Router.php(723): Illuminate\\Pipeline\\Pipeline->then()
#41 /app/www/vendor/laravel/framework/src/Illuminate/Routing/Router.php(698): Illuminate\\Routing\\Router->runRouteWithinStack()
#42 /app/www/vendor/laravel/framework/src/Illuminate/Routing/Router.php(662): Illuminate\\Routing\\Router->runRoute()
#43 /app/www/vendor/laravel/framework/src/Illuminate/Routing/Router.php(651): Illuminate\\Routing\\Router->dispatchToRoute()
#44 /app/www/vendor/laravel/framework/src/Illuminate/Foundation/Http/Kernel.php(167): Illuminate\\Routing\\Router->dispatch()
#45 /app/www/vendor/laravel/framework/src/Illuminate/Pipeline/Pipeline.php(128): Illuminate\\Foundation\\Http\\Kernel->Illuminate\\Foundation\\Http\\{closure}()
#46 /app/www/vendor/fideloper/proxy/src/TrustProxies.php(57): Illuminate\\Pipeline\\Pipeline->Illuminate\\Pipeline\\{closure}()
#47 /app/www/vendor/laravel/framework/src/Illuminate/Pipeline/Pipeline.php(167): Fideloper\\Proxy\\TrustProxies->handle()
#48 /app/www/vendor/laravel/framework/src/Illuminate/Foundation/Http/Middleware/TransformsRequest.php(21): Illuminate\\Pipeline\\Pipeline->Illuminate\\Pipeline\\{closure}()
#49 /app/www/vendor/laravel/framework/src/Illuminate/Foundation/Http/Middleware/ConvertEmptyStringsToNull.php(31): Illuminate\\Foundation\\Http\\Middleware\\TransformsRequest->handle()
#50 /app/www/vendor/laravel/framework/src/Illuminate/Pipeline/Pipeline.php(167): Illuminate\\Foundation\\Http\\Middleware\\ConvertEmptyStringsToNull->handle()
#51 /app/www/vendor/laravel/framework/src/Illuminate/Foundation/Http/Middleware/TransformsRequest.php(21): Illuminate\\Pipeline\\Pipeline->Illuminate\\Pipeline\\{closure}()
#52 /app/www/vendor/laravel/framework/src/Illuminate/Foundation/Http/Middleware/TrimStrings.php(40): Illuminate\\Foundation\\Http\\Middleware\\TransformsRequest->handle()
#53 /app/www/vendor/laravel/framework/src/Illuminate/Pipeline/Pipeline.php(167): Illuminate\\Foundation\\Http\\Middleware\\TrimStrings->handle()
#54 /app/www/vendor/laravel/framework/src/Illuminate/Foundation/Http/Middleware/ValidatePostSize.php(27): Illuminate\\Pipeline\\Pipeline->Illuminate\\Pipeline\\{closure}()
#55 /app/www/vendor/laravel/framework/src/Illuminate/Pipeline/Pipeline.php(167): Illuminate\\Foundation\\Http\\Middleware\\ValidatePostSize->handle()
#56 /app/www/vendor/laravel/framework/src/Illuminate/Foundation/Http/Middleware/PreventRequestsDuringMaintenance.php(86): Illuminate\\Pipeline\\Pipeline->Illuminate\\Pipeline\\{closure}()
#57 /app/www/vendor/laravel/framework/src/Illuminate/Pipeline/Pipeline.php(167): Illuminate\\Foundation\\Http\\Middleware\\PreventRequestsDuringMaintenance->handle()
#58 /app/www/vendor/laravel/framework/src/Illuminate/Pipeline/Pipeline.php(103): Illuminate\\Pipeline\\Pipeline->Illuminate\\Pipeline\\{closure}()
#59 /app/www/vendor/laravel/framework/src/Illuminate/Foundation/Http/Kernel.php(142): Illuminate\\Pipeline\\Pipeline->then()
#60 /app/www/vendor/laravel/framework/src/Illuminate/Foundation/Http/Kernel.php(111): Illuminate\\Foundation\\Http\\Kernel->sendRequestThroughRouter()
#61 /app/www/public/index.php(55): Illuminate\\Foundation\\Http\\Kernel->handle()
#62 {main}
"} 
[2023-01-08 06:03:21] local.ERROR: Attempt to read property "cpu" on null {"exception":"[object] (ErrorException(code: 0): Attempt to read property \"cpu\" on null at /config/www/SupportedApps/Proxmox/Proxmox.php:59)
[stacktrace]
#0 /config/www/SupportedApps/Proxmox/Proxmox.php(59): Illuminate\\Foundation\\Bootstrap\\HandleExceptions->handleError()
#1 /app/www/app/Http/Controllers/ItemController.php(503): App\\SupportedApps\\Proxmox\\Proxmox->livestats()
#2 /app/www/vendor/laravel/framework/src/Illuminate/Routing/Controller.php(54): App\\Http\\Controllers\\ItemController->getStats()
#3 /app/www/vendor/laravel/framework/src/Illuminate/Routing/ControllerDispatcher.php(45): Illuminate\\Routing\\Controller->callAction()
#4 /app/www/vendor/laravel/framework/src/Illuminate/Routing/Route.php(262): Illuminate\\Routing\\ControllerDispatcher->dispatch()
#5 /app/www/vendor/laravel/framework/src/Illuminate/Routing/Route.php(205): Illuminate\\Routing\\Route->runController()
#6 /app/www/vendor/laravel/framework/src/Illuminate/Routing/Router.php(721): Illuminate\\Routing\\Route->run()
#7 /app/www/vendor/laravel/framework/src/Illuminate/Pipeline/Pipeline.php(128): Illuminate\\Routing\\Router->Illuminate\\Routing\\{closure}()
#8 /app/www/app/Http/Middleware/CheckAllowed.php(46): Illuminate\\Pipeline\\Pipeline->Illuminate\\Pipeline\\{closure}()
#9 /app/www/vendor/laravel/framework/src/Illuminate/Pipeline/Pipeline.php(167): App\\Http\\Middleware\\CheckAllowed->handle()
#10 /app/www/app/Http/Controllers/Controller.php(22): Illuminate\\Pipeline\\Pipeline->Illuminate\\Pipeline\\{closure}()
#11 /app/www/vendor/laravel/framework/src/Illuminate/Pipeline/Pipeline.php(149): App\\Http\\Controllers\\Controller->App\\Http\\Controllers\\{closure}()
#12 /app/www/vendor/laravel/framework/src/Illuminate/Routing/Middleware/SubstituteBindings.php(50): Illuminate\\Pipeline\\Pipeline->Illuminate\\Pipeline\\{closure}()
#13 /app/www/vendor/laravel/framework/src/Illuminate/Pipeline/Pipeline.php(167): Illuminate\\Routing\\Middleware\\SubstituteBindings->handle()
#14 /app/www/vendor/laravel/framework/src/Illuminate/Foundation/Http/Middleware/VerifyCsrfToken.php(78): Illuminate\\Pipeline\\Pipeline->Illuminate\\Pipeline\\{closure}()
#15 /app/www/vendor/laravel/framework/src/Illuminate/Pipeline/Pipeline.php(167): Illuminate\\Foundation\\Http\\Middleware\\VerifyCsrfToken->handle()
#16 /app/www/vendor/laravel/framework/src/Illuminate/View/Middleware/ShareErrorsFromSession.php(49): Illuminate\\Pipeline\\Pipeline->Illuminate\\Pipeline\\{closure}()
#17 /app/www/vendor/laravel/framework/src/Illuminate/Pipeline/Pipeline.php(167): Illuminate\\View\\Middleware\\ShareErrorsFromSession->handle()
#18 /app/www/vendor/laravel/framework/src/Illuminate/Session/Middleware/StartSession.php(121): Illuminate\\Pipeline\\Pipeline->Illuminate\\Pipeline\\{closure}()
#19 /app/www/vendor/laravel/framework/src/Illuminate/Session/Middleware/StartSession.php(64): Illuminate\\Session\\Middleware\\StartSession->handleStatefulRequest()
#20 /app/www/vendor/laravel/framework/src/Illuminate/Pipeline/Pipeline.php(167): Illuminate\\Session\\Middleware\\StartSession->handle()
#21 /app/www/vendor/laravel/framework/src/Illuminate/Cookie/Middleware/AddQueuedCookiesToResponse.php(37): Illuminate\\Pipeline\\Pipeline->Illuminate\\Pipeline\\{closure}()
#22 /app/www/vendor/laravel/framework/src/Illuminate/Pipeline/Pipeline.php(167): Illuminate\\Cookie\\Middleware\\AddQueuedCookiesToResponse->handle()
#23 /app/www/vendor/laravel/framework/src/Illuminate/Cookie/Middleware/EncryptCookies.php(67): Illuminate\\Pipeline\\Pipeline->Illuminate\\Pipeline\\{closure}()
#24 /app/www/vendor/laravel/framework/src/Illuminate/Pipeline/Pipeline.php(167): Illuminate\\Cookie\\Middleware\\EncryptCookies->handle()
#25 /app/www/vendor/laravel/framework/src/Illuminate/Pipeline/Pipeline.php(103): Illuminate\\Pipeline\\Pipeline->Illuminate\\Pipeline\\{closure}()
#26 /app/www/vendor/laravel/framework/src/Illuminate/Routing/Router.php(723): Illuminate\\Pipeline\\Pipeline->then()
#27 /app/www/vendor/laravel/framework/src/Illuminate/Routing/Router.php(698): Illuminate\\Routing\\Router->runRouteWithinStack()
#28 /app/www/vendor/laravel/framework/src/Illuminate/Routing/Router.php(662): Illuminate\\Routing\\Router->runRoute()
#29 /app/www/vendor/laravel/framework/src/Illuminate/Routing/Router.php(651): Illuminate\\Routing\\Router->dispatchToRoute()
#30 /app/www/vendor/laravel/framework/src/Illuminate/Foundation/Http/Kernel.php(167): Illuminate\\Routing\\Router->dispatch()
#31 /app/www/vendor/laravel/framework/src/Illuminate/Pipeline/Pipeline.php(128): Illuminate\\Foundation\\Http\\Kernel->Illuminate\\Foundation\\Http\\{closure}()
#32 /app/www/vendor/fideloper/proxy/src/TrustProxies.php(57): Illuminate\\Pipeline\\Pipeline->Illuminate\\Pipeline\\{closure}()
#33 /app/www/vendor/laravel/framework/src/Illuminate/Pipeline/Pipeline.php(167): Fideloper\\Proxy\\TrustProxies->handle()
#34 /app/www/vendor/laravel/framework/src/Illuminate/Foundation/Http/Middleware/TransformsRequest.php(21): Illuminate\\Pipeline\\Pipeline->Illuminate\\Pipeline\\{closure}()
#35 /app/www/vendor/laravel/framework/src/Illuminate/Foundation/Http/Middleware/ConvertEmptyStringsToNull.php(31): Illuminate\\Foundation\\Http\\Middleware\\TransformsRequest->handle()
#36 /app/www/vendor/laravel/framework/src/Illuminate/Pipeline/Pipeline.php(167): Illuminate\\Foundation\\Http\\Middleware\\ConvertEmptyStringsToNull->handle()
#37 /app/www/vendor/laravel/framework/src/Illuminate/Foundation/Http/Middleware/TransformsRequest.php(21): Illuminate\\Pipeline\\Pipeline->Illuminate\\Pipeline\\{closure}()
#38 /app/www/vendor/laravel/framework/src/Illuminate/Foundation/Http/Middleware/TrimStrings.php(40): Illuminate\\Foundation\\Http\\Middleware\\TransformsRequest->handle()
#39 /app/www/vendor/laravel/framework/src/Illuminate/Pipeline/Pipeline.php(167): Illuminate\\Foundation\\Http\\Middleware\\TrimStrings->handle()
#40 /app/www/vendor/laravel/framework/src/Illuminate/Foundation/Http/Middleware/ValidatePostSize.php(27): Illuminate\\Pipeline\\Pipeline->Illuminate\\Pipeline\\{closure}()
#41 /app/www/vendor/laravel/framework/src/Illuminate/Pipeline/Pipeline.php(167): Illuminate\\Foundation\\Http\\Middleware\\ValidatePostSize->handle()
#42 /app/www/vendor/laravel/framework/src/Illuminate/Foundation/Http/Middleware/PreventRequestsDuringMaintenance.php(86): Illuminate\\Pipeline\\Pipeline->Illuminate\\Pipeline\\{closure}()
#43 /app/www/vendor/laravel/framework/src/Illuminate/Pipeline/Pipeline.php(167): Illuminate\\Foundation\\Http\\Middleware\\PreventRequestsDuringMaintenance->handle()
#44 /app/www/vendor/laravel/framework/src/Illuminate/Pipeline/Pipeline.php(103): Illuminate\\Pipeline\\Pipeline->Illuminate\\Pipeline\\{closure}()
#45 /app/www/vendor/laravel/framework/src/Illuminate/Foundation/Http/Kernel.php(142): Illuminate\\Pipeline\\Pipeline->then()
#46 /app/www/vendor/laravel/framework/src/Illuminate/Foundation/Http/Kernel.php(111): Illuminate\\Foundation\\Http\\Kernel->sendRequestThroughRouter()
#47 /app/www/public/index.php(55): Illuminate\\Foundation\\Http\\Kernel->handle()
#48 {main}
"} 
[2023-01-08 06:03:22] local.ERROR: Attempt to read property "cpu" on null {"exception":"[object] (ErrorException(code: 0): Attempt to read property \"cpu\" on null at /config/www/SupportedApps/Proxmox/Proxmox.php:59)
[stacktrace]
#0 /config/www/SupportedApps/Proxmox/Proxmox.php(59): Illuminate\\Foundation\\Bootstrap\\HandleExceptions->handleError()
#1 /app/www/app/Http/Controllers/ItemController.php(503): App\\SupportedApps\\Proxmox\\Proxmox->livestats()
#2 /app/www/vendor/laravel/framework/src/Illuminate/Routing/Controller.php(54): App\\Http\\Controllers\\ItemController->getStats()
#3 /app/www/vendor/laravel/framework/src/Illuminate/Routing/ControllerDispatcher.php(45): Illuminate\\Routing\\Controller->callAction()
#4 /app/www/vendor/laravel/framework/src/Illuminate/Routing/Route.php(262): Illuminate\\Routing\\ControllerDispatcher->dispatch()
#5 /app/www/vendor/laravel/framework/src/Illuminate/Routing/Route.php(205): Illuminate\\Routing\\Route->runController()
#6 /app/www/vendor/laravel/framework/src/Illuminate/Routing/Router.php(721): Illuminate\\Routing\\Route->run()
#7 /app/www/vendor/laravel/framework/src/Illuminate/Pipeline/Pipeline.php(128): Illuminate\\Routing\\Router->Illuminate\\Routing\\{closure}()
#8 /app/www/app/Http/Middleware/CheckAllowed.php(46): Illuminate\\Pipeline\\Pipeline->Illuminate\\Pipeline\\{closure}()
#9 /app/www/vendor/laravel/framework/src/Illuminate/Pipeline/Pipeline.php(167): App\\Http\\Middleware\\CheckAllowed->handle()
#10 /app/www/app/Http/Controllers/Controller.php(22): Illuminate\\Pipeline\\Pipeline->Illuminate\\Pipeline\\{closure}()
#11 /app/www/vendor/laravel/framework/src/Illuminate/Pipeline/Pipeline.php(149): App\\Http\\Controllers\\Controller->App\\Http\\Controllers\\{closure}()
#12 /app/www/vendor/laravel/framework/src/Illuminate/Routing/Middleware/SubstituteBindings.php(50): Illuminate\\Pipeline\\Pipeline->Illuminate\\Pipeline\\{closure}()
#13 /app/www/vendor/laravel/framework/src/Illuminate/Pipeline/Pipeline.php(167): Illuminate\\Routing\\Middleware\\SubstituteBindings->handle()
#14 /app/www/vendor/laravel/framework/src/Illuminate/Foundation/Http/Middleware/VerifyCsrfToken.php(78): Illuminate\\Pipeline\\Pipeline->Illuminate\\Pipeline\\{closure}()
#15 /app/www/vendor/laravel/framework/src/Illuminate/Pipeline/Pipeline.php(167): Illuminate\\Foundation\\Http\\Middleware\\VerifyCsrfToken->handle()
#16 /app/www/vendor/laravel/framework/src/Illuminate/View/Middleware/ShareErrorsFromSession.php(49): Illuminate\\Pipeline\\Pipeline->Illuminate\\Pipeline\\{closure}()
#17 /app/www/vendor/laravel/framework/src/Illuminate/Pipeline/Pipeline.php(167): Illuminate\\View\\Middleware\\ShareErrorsFromSession->handle()
#18 /app/www/vendor/laravel/framework/src/Illuminate/Session/Middleware/StartSession.php(121): Illuminate\\Pipeline\\Pipeline->Illuminate\\Pipeline\\{closure}()
#19 /app/www/vendor/laravel/framework/src/Illuminate/Session/Middleware/StartSession.php(64): Illuminate\\Session\\Middleware\\StartSession->handleStatefulRequest()
#20 /app/www/vendor/laravel/framework/src/Illuminate/Pipeline/Pipeline.php(167): Illuminate\\Session\\Middleware\\StartSession->handle()
#21 /app/www/vendor/laravel/framework/src/Illuminate/Cookie/Middleware/AddQueuedCookiesToResponse.php(37): Illuminate\\Pipeline\\Pipeline->Illuminate\\Pipeline\\{closure}()
#22 /app/www/vendor/laravel/framework/src/Illuminate/Pipeline/Pipeline.php(167): Illuminate\\Cookie\\Middleware\\AddQueuedCookiesToResponse->handle()
#23 /app/www/vendor/laravel/framework/src/Illuminate/Cookie/Middleware/EncryptCookies.php(67): Illuminate\\Pipeline\\Pipeline->Illuminate\\Pipeline\\{closure}()
#24 /app/www/vendor/laravel/framework/src/Illuminate/Pipeline/Pipeline.php(167): Illuminate\\Cookie\\Middleware\\EncryptCookies->handle()
#25 /app/www/vendor/laravel/framework/src/Illuminate/Pipeline/Pipeline.php(103): Illuminate\\Pipeline\\Pipeline->Illuminate\\Pipeline\\{closure}()
#26 /app/www/vendor/laravel/framework/src/Illuminate/Routing/Router.php(723): Illuminate\\Pipeline\\Pipeline->then()
#27 /app/www/vendor/laravel/framework/src/Illuminate/Routing/Router.php(698): Illuminate\\Routing\\Router->runRouteWithinStack()
#28 /app/www/vendor/laravel/framework/src/Illuminate/Routing/Router.php(662): Illuminate\\Routing\\Router->runRoute()
#29 /app/www/vendor/laravel/framework/src/Illuminate/Routing/Router.php(651): Illuminate\\Routing\\Router->dispatchToRoute()
#30 /app/www/vendor/laravel/framework/src/Illuminate/Foundation/Http/Kernel.php(167): Illuminate\\Routing\\Router->dispatch()
#31 /app/www/vendor/laravel/framework/src/Illuminate/Pipeline/Pipeline.php(128): Illuminate\\Foundation\\Http\\Kernel->Illuminate\\Foundation\\Http\\{closure}()
#32 /app/www/vendor/fideloper/proxy/src/TrustProxies.php(57): Illuminate\\Pipeline\\Pipeline->Illuminate\\Pipeline\\{closure}()
#33 /app/www/vendor/laravel/framework/src/Illuminate/Pipeline/Pipeline.php(167): Fideloper\\Proxy\\TrustProxies->handle()
#34 /app/www/vendor/laravel/framework/src/Illuminate/Foundation/Http/Middleware/TransformsRequest.php(21): Illuminate\\Pipeline\\Pipeline->Illuminate\\Pipeline\\{closure}()
#35 /app/www/vendor/laravel/framework/src/Illuminate/Foundation/Http/Middleware/ConvertEmptyStringsToNull.php(31): Illuminate\\Foundation\\Http\\Middleware\\TransformsRequest->handle()
#36 /app/www/vendor/laravel/framework/src/Illuminate/Pipeline/Pipeline.php(167): Illuminate\\Foundation\\Http\\Middleware\\ConvertEmptyStringsToNull->handle()
#37 /app/www/vendor/laravel/framework/src/Illuminate/Foundation/Http/Middleware/TransformsRequest.php(21): Illuminate\\Pipeline\\Pipeline->Illuminate\\Pipeline\\{closure}()
#38 /app/www/vendor/laravel/framework/src/Illuminate/Foundation/Http/Middleware/TrimStrings.php(40): Illuminate\\Foundation\\Http\\Middleware\\TransformsRequest->handle()
#39 /app/www/vendor/laravel/framework/src/Illuminate/Pipeline/Pipeline.php(167): Illuminate\\Foundation\\Http\\Middleware\\TrimStrings->handle()
#40 /app/www/vendor/laravel/framework/src/Illuminate/Foundation/Http/Middleware/ValidatePostSize.php(27): Illuminate\\Pipeline\\Pipeline->Illuminate\\Pipeline\\{closure}()
#41 /app/www/vendor/laravel/framework/src/Illuminate/Pipeline/Pipeline.php(167): Illuminate\\Foundation\\Http\\Middleware\\ValidatePostSize->handle()
#42 /app/www/vendor/laravel/framework/src/Illuminate/Foundation/Http/Middleware/PreventRequestsDuringMaintenance.php(86): Illuminate\\Pipeline\\Pipeline->Illuminate\\Pipeline\\{closure}()
#43 /app/www/vendor/laravel/framework/src/Illuminate/Pipeline/Pipeline.php(167): Illuminate\\Foundation\\Http\\Middleware\\PreventRequestsDuringMaintenance->handle()
#44 /app/www/vendor/laravel/framework/src/Illuminate/Pipeline/Pipeline.php(103): Illuminate\\Pipeline\\Pipeline->Illuminate\\Pipeline\\{closure}()
#45 /app/www/vendor/laravel/framework/src/Illuminate/Foundation/Http/Kernel.php(142): Illuminate\\Pipeline\\Pipeline->then()
#46 /app/www/vendor/laravel/framework/src/Illuminate/Foundation/Http/Kernel.php(111): Illuminate\\Foundation\\Http\\Kernel->sendRequestThroughRouter()
#47 /app/www/public/index.php(55): Illuminate\\Foundation\\Http\\Kernel->handle()
#48 {main}
"} 
[2023-01-08 06:03:22] local.ERROR: Attempt to read property "cpu" on null {"exception":"[object] (ErrorException(code: 0): Attempt to read property \"cpu\" on null at /config/www/SupportedApps/Proxmox/Proxmox.php:59)
[stacktrace]
#0 /config/www/SupportedApps/Proxmox/Proxmox.php(59): Illuminate\\Foundation\\Bootstrap\\HandleExceptions->handleError()
#1 /app/www/app/Http/Controllers/ItemController.php(503): App\\SupportedApps\\Proxmox\\Proxmox->livestats()
#2 /app/www/vendor/laravel/framework/src/Illuminate/Routing/Controller.php(54): App\\Http\\Controllers\\ItemController->getStats()
#3 /app/www/vendor/laravel/framework/src/Illuminate/Routing/ControllerDispatcher.php(45): Illuminate\\Routing\\Controller->callAction()
#4 /app/www/vendor/laravel/framework/src/Illuminate/Routing/Route.php(262): Illuminate\\Routing\\ControllerDispatcher->dispatch()
#5 /app/www/vendor/laravel/framework/src/Illuminate/Routing/Route.php(205): Illuminate\\Routing\\Route->runController()
#6 /app/www/vendor/laravel/framework/src/Illuminate/Routing/Router.php(721): Illuminate\\Routing\\Route->run()
#7 /app/www/vendor/laravel/framework/src/Illuminate/Pipeline/Pipeline.php(128): Illuminate\\Routing\\Router->Illuminate\\Routing\\{closure}()
#8 /app/www/app/Http/Middleware/CheckAllowed.php(46): Illuminate\\Pipeline\\Pipeline->Illuminate\\Pipeline\\{closure}()
#9 /app/www/vendor/laravel/framework/src/Illuminate/Pipeline/Pipeline.php(167): App\\Http\\Middleware\\CheckAllowed->handle()
#10 /app/www/app/Http/Controllers/Controller.php(22): Illuminate\\Pipeline\\Pipeline->Illuminate\\Pipeline\\{closure}()
#11 /app/www/vendor/laravel/framework/src/Illuminate/Pipeline/Pipeline.php(149): App\\Http\\Controllers\\Controller->App\\Http\\Controllers\\{closure}()
#12 /app/www/vendor/laravel/framework/src/Illuminate/Routing/Middleware/SubstituteBindings.php(50): Illuminate\\Pipeline\\Pipeline->Illuminate\\Pipeline\\{closure}()
#13 /app/www/vendor/laravel/framework/src/Illuminate/Pipeline/Pipeline.php(167): Illuminate\\Routing\\Middleware\\SubstituteBindings->handle()
#14 /app/www/vendor/laravel/framework/src/Illuminate/Foundation/Http/Middleware/VerifyCsrfToken.php(78): Illuminate\\Pipeline\\Pipeline->Illuminate\\Pipeline\\{closure}()
#15 /app/www/vendor/laravel/framework/src/Illuminate/Pipeline/Pipeline.php(167): Illuminate\\Foundation\\Http\\Middleware\\VerifyCsrfToken->handle()
#16 /app/www/vendor/laravel/framework/src/Illuminate/View/Middleware/ShareErrorsFromSession.php(49): Illuminate\\Pipeline\\Pipeline->Illuminate\\Pipeline\\{closure}()
#17 /app/www/vendor/laravel/framework/src/Illuminate/Pipeline/Pipeline.php(167): Illuminate\\View\\Middleware\\ShareErrorsFromSession->handle()
#18 /app/www/vendor/laravel/framework/src/Illuminate/Session/Middleware/StartSession.php(121): Illuminate\\Pipeline\\Pipeline->Illuminate\\Pipeline\\{closure}()
#19 /app/www/vendor/laravel/framework/src/Illuminate/Session/Middleware/StartSession.php(64): Illuminate\\Session\\Middleware\\StartSession->handleStatefulRequest()
#20 /app/www/vendor/laravel/framework/src/Illuminate/Pipeline/Pipeline.php(167): Illuminate\\Session\\Middleware\\StartSession->handle()
#21 /app/www/vendor/laravel/framework/src/Illuminate/Cookie/Middleware/AddQueuedCookiesToResponse.php(37): Illuminate\\Pipeline\\Pipeline->Illuminate\\Pipeline\\{closure}()
#22 /app/www/vendor/laravel/framework/src/Illuminate/Pipeline/Pipeline.php(167): Illuminate\\Cookie\\Middleware\\AddQueuedCookiesToResponse->handle()
#23 /app/www/vendor/laravel/framework/src/Illuminate/Cookie/Middleware/EncryptCookies.php(67): Illuminate\\Pipeline\\Pipeline->Illuminate\\Pipeline\\{closure}()
#24 /app/www/vendor/laravel/framework/src/Illuminate/Pipeline/Pipeline.php(167): Illuminate\\Cookie\\Middleware\\EncryptCookies->handle()
#25 /app/www/vendor/laravel/framework/src/Illuminate/Pipeline/Pipeline.php(103): Illuminate\\Pipeline\\Pipeline->Illuminate\\Pipeline\\{closure}()
#26 /app/www/vendor/laravel/framework/src/Illuminate/Routing/Router.php(723): Illuminate\\Pipeline\\Pipeline->then()
#27 /app/www/vendor/laravel/framework/src/Illuminate/Routing/Router.php(698): Illuminate\\Routing\\Router->runRouteWithinStack()
#28 /app/www/vendor/laravel/framework/src/Illuminate/Routing/Router.php(662): Illuminate\\Routing\\Router->runRoute()
#29 /app/www/vendor/laravel/framework/src/Illuminate/Routing/Router.php(651): Illuminate\\Routing\\Router->dispatchToRoute()
#30 /app/www/vendor/laravel/framework/src/Illuminate/Foundation/Http/Kernel.php(167): Illuminate\\Routing\\Router->dispatch()
#31 /app/www/vendor/laravel/framework/src/Illuminate/Pipeline/Pipeline.php(128): Illuminate\\Foundation\\Http\\Kernel->Illuminate\\Foundation\\Http\\{closure}()
#32 /app/www/vendor/fideloper/proxy/src/TrustProxies.php(57): Illuminate\\Pipeline\\Pipeline->Illuminate\\Pipeline\\{closure}()
#33 /app/www/vendor/laravel/framework/src/Illuminate/Pipeline/Pipeline.php(167): Fideloper\\Proxy\\TrustProxies->handle()
#34 /app/www/vendor/laravel/framework/src/Illuminate/Foundation/Http/Middleware/TransformsRequest.php(21): Illuminate\\Pipeline\\Pipeline->Illuminate\\Pipeline\\{closure}()
#35 /app/www/vendor/laravel/framework/src/Illuminate/Foundation/Http/Middleware/ConvertEmptyStringsToNull.php(31): Illuminate\\Foundation\\Http\\Middleware\\TransformsRequest->handle()
#36 /app/www/vendor/laravel/framework/src/Illuminate/Pipeline/Pipeline.php(167): Illuminate\\Foundation\\Http\\Middleware\\ConvertEmptyStringsToNull->handle()
#37 /app/www/vendor/laravel/framework/src/Illuminate/Foundation/Http/Middleware/TransformsRequest.php(21): Illuminate\\Pipeline\\Pipeline->Illuminate\\Pipeline\\{closure}()
#38 /app/www/vendor/laravel/framework/src/Illuminate/Foundation/Http/Middleware/TrimStrings.php(40): Illuminate\\Foundation\\Http\\Middleware\\TransformsRequest->handle()
#39 /app/www/vendor/laravel/framework/src/Illuminate/Pipeline/Pipeline.php(167): Illuminate\\Foundation\\Http\\Middleware\\TrimStrings->handle()
#40 /app/www/vendor/laravel/framework/src/Illuminate/Foundation/Http/Middleware/ValidatePostSize.php(27): Illuminate\\Pipeline\\Pipeline->Illuminate\\Pipeline\\{closure}()
#41 /app/www/vendor/laravel/framework/src/Illuminate/Pipeline/Pipeline.php(167): Illuminate\\Foundation\\Http\\Middleware\\ValidatePostSize->handle()
#42 /app/www/vendor/laravel/framework/src/Illuminate/Foundation/Http/Middleware/PreventRequestsDuringMaintenance.php(86): Illuminate\\Pipeline\\Pipeline->Illuminate\\Pipeline\\{closure}()
#43 /app/www/vendor/laravel/framework/src/Illuminate/Pipeline/Pipeline.php(167): Illuminate\\Foundation\\Http\\Middleware\\PreventRequestsDuringMaintenance->handle()
#44 /app/www/vendor/laravel/framework/src/Illuminate/Pipeline/Pipeline.php(103): Illuminate\\Pipeline\\Pipeline->Illuminate\\Pipeline\\{closure}()
#45 /app/www/vendor/laravel/framework/src/Illuminate/Foundation/Http/Kernel.php(142): Illuminate\\Pipeline\\Pipeline->then()
#46 /app/www/vendor/laravel/framework/src/Illuminate/Foundation/Http/Kernel.php(111): Illuminate\\Foundation\\Http\\Kernel->sendRequestThroughRouter()
#47 /app/www/public/index.php(55): Illuminate\\Foundation\\Http\\Kernel->handle()
#48 {main}
"} 
[2023-01-08 06:03:22] local.ERROR: cURL error 60: SSL: no alternative certificate subject name matches target host name '192.168.100.50' (see https://curl.haxx.se/libcurl/c/libcurl-errors.html) for https://192.168.100.50:32400/library/onDeck?X-Plex-Token=zGqxSysMJpbnktLCFc5r {"exception":"[object] (GuzzleHttp\\Exception\\RequestException(code: 0): cURL error 60: SSL: no alternative certificate subject name matches target host name '192.168.100.50' (see https://curl.haxx.se/libcurl/c/libcurl-errors.html) for https://192.168.100.50:32400/library/onDeck?X-Plex-Token=zGqxSysMJpbnktLCFc5r at /app/www/vendor/guzzlehttp/guzzle/src/Handler/CurlFactory.php:211)
[stacktrace]
#0 /app/www/vendor/guzzlehttp/guzzle/src/Handler/CurlFactory.php(158): GuzzleHttp\\Handler\\CurlFactory::createRejection()
#1 /app/www/vendor/guzzlehttp/guzzle/src/Handler/CurlFactory.php(110): GuzzleHttp\\Handler\\CurlFactory::finishError()
#2 /app/www/vendor/guzzlehttp/guzzle/src/Handler/CurlHandler.php(47): GuzzleHttp\\Handler\\CurlFactory::finish()
#3 /app/www/vendor/guzzlehttp/guzzle/src/Handler/Proxy.php(28): GuzzleHttp\\Handler\\CurlHandler->__invoke()
#4 /app/www/vendor/guzzlehttp/guzzle/src/Handler/Proxy.php(48): GuzzleHttp\\Handler\\Proxy::GuzzleHttp\\Handler\\{closure}()
#5 /app/www/vendor/guzzlehttp/guzzle/src/PrepareBodyMiddleware.php(35): GuzzleHttp\\Handler\\Proxy::GuzzleHttp\\Handler\\{closure}()
#6 /app/www/vendor/guzzlehttp/guzzle/src/Middleware.php(31): GuzzleHttp\\PrepareBodyMiddleware->__invoke()
#7 /app/www/vendor/guzzlehttp/guzzle/src/RedirectMiddleware.php(71): GuzzleHttp\\Middleware::GuzzleHttp\\{closure}()
#8 /app/www/vendor/guzzlehttp/guzzle/src/Middleware.php(61): GuzzleHttp\\RedirectMiddleware->__invoke()
#9 /app/www/vendor/guzzlehttp/guzzle/src/HandlerStack.php(75): GuzzleHttp\\Middleware::GuzzleHttp\\{closure}()
#10 /app/www/vendor/guzzlehttp/guzzle/src/Client.php(331): GuzzleHttp\\HandlerStack->__invoke()
#11 /app/www/vendor/guzzlehttp/guzzle/src/Client.php(168): GuzzleHttp\\Client->transfer()
#12 /app/www/vendor/guzzlehttp/guzzle/src/Client.php(187): GuzzleHttp\\Client->requestAsync()
#13 /app/www/app/SupportedApps.php(94): GuzzleHttp\\Client->request()
#14 /config/www/SupportedApps/Plex/Plex.php(45): App\\SupportedApps->execute()
#15 /app/www/app/Http/Controllers/ItemController.php(503): App\\SupportedApps\\Plex\\Plex->livestats()
#16 /app/www/vendor/laravel/framework/src/Illuminate/Routing/Controller.php(54): App\\Http\\Controllers\\ItemController->getStats()
#17 /app/www/vendor/laravel/framework/src/Illuminate/Routing/ControllerDispatcher.php(45): Illuminate\\Routing\\Controller->callAction()
#18 /app/www/vendor/laravel/framework/src/Illuminate/Routing/Route.php(262): Illuminate\\Routing\\ControllerDispatcher->dispatch()
#19 /app/www/vendor/laravel/framework/src/Illuminate/Routing/Route.php(205): Illuminate\\Routing\\Route->runController()
#20 /app/www/vendor/laravel/framework/src/Illuminate/Routing/Router.php(721): Illuminate\\Routing\\Route->run()
#21 /app/www/vendor/laravel/framework/src/Illuminate/Pipeline/Pipeline.php(128): Illuminate\\Routing\\Router->Illuminate\\Routing\\{closure}()
#22 /app/www/app/Http/Middleware/CheckAllowed.php(46): Illuminate\\Pipeline\\Pipeline->Illuminate\\Pipeline\\{closure}()
#23 /app/www/vendor/laravel/framework/src/Illuminate/Pipeline/Pipeline.php(167): App\\Http\\Middleware\\CheckAllowed->handle()
#24 /app/www/app/Http/Controllers/Controller.php(22): Illuminate\\Pipeline\\Pipeline->Illuminate\\Pipeline\\{closure}()
#25 /app/www/vendor/laravel/framework/src/Illuminate/Pipeline/Pipeline.php(149): App\\Http\\Controllers\\Controller->App\\Http\\Controllers\\{closure}()
#26 /app/www/vendor/laravel/framework/src/Illuminate/Routing/Middleware/SubstituteBindings.php(50): Illuminate\\Pipeline\\Pipeline->Illuminate\\Pipeline\\{closure}()
#27 /app/www/vendor/laravel/framework/src/Illuminate/Pipeline/Pipeline.php(167): Illuminate\\Routing\\Middleware\\SubstituteBindings->handle()
#28 /app/www/vendor/laravel/framework/src/Illuminate/Foundation/Http/Middleware/VerifyCsrfToken.php(78): Illuminate\\Pipeline\\Pipeline->Illuminate\\Pipeline\\{closure}()
#29 /app/www/vendor/laravel/framework/src/Illuminate/Pipeline/Pipeline.php(167): Illuminate\\Foundation\\Http\\Middleware\\VerifyCsrfToken->handle()
#30 /app/www/vendor/laravel/framework/src/Illuminate/View/Middleware/ShareErrorsFromSession.php(49): Illuminate\\Pipeline\\Pipeline->Illuminate\\Pipeline\\{closure}()
#31 /app/www/vendor/laravel/framework/src/Illuminate/Pipeline/Pipeline.php(167): Illuminate\\View\\Middleware\\ShareErrorsFromSession->handle()
#32 /app/www/vendor/laravel/framework/src/Illuminate/Session/Middleware/StartSession.php(121): Illuminate\\Pipeline\\Pipeline->Illuminate\\Pipeline\\{closure}()
#33 /app/www/vendor/laravel/framework/src/Illuminate/Session/Middleware/StartSession.php(64): Illuminate\\Session\\Middleware\\StartSession->handleStatefulRequest()
#34 /app/www/vendor/laravel/framework/src/Illuminate/Pipeline/Pipeline.php(167): Illuminate\\Session\\Middleware\\StartSession->handle()
#35 /app/www/vendor/laravel/framework/src/Illuminate/Cookie/Middleware/AddQueuedCookiesToResponse.php(37): Illuminate\\Pipeline\\Pipeline->Illuminate\\Pipeline\\{closure}()
#36 /app/www/vendor/laravel/framework/src/Illuminate/Pipeline/Pipeline.php(167): Illuminate\\Cookie\\Middleware\\AddQueuedCookiesToResponse->handle()
#37 /app/www/vendor/laravel/framework/src/Illuminate/Cookie/Middleware/EncryptCookies.php(67): Illuminate\\Pipeline\\Pipeline->Illuminate\\Pipeline\\{closure}()
#38 /app/www/vendor/laravel/framework/src/Illuminate/Pipeline/Pipeline.php(167): Illuminate\\Cookie\\Middleware\\EncryptCookies->handle()
#39 /app/www/vendor/laravel/framework/src/Illuminate/Pipeline/Pipeline.php(103): Illuminate\\Pipeline\\Pipeline->Illuminate\\Pipeline\\{closure}()
#40 /app/www/vendor/laravel/framework/src/Illuminate/Routing/Router.php(723): Illuminate\\Pipeline\\Pipeline->then()
#41 /app/www/vendor/laravel/framework/src/Illuminate/Routing/Router.php(698): Illuminate\\Routing\\Router->runRouteWithinStack()
#42 /app/www/vendor/laravel/framework/src/Illuminate/Routing/Router.php(662): Illuminate\\Routing\\Router->runRoute()
#43 /app/www/vendor/laravel/framework/src/Illuminate/Routing/Router.php(651): Illuminate\\Routing\\Router->dispatchToRoute()
#44 /app/www/vendor/laravel/framework/src/Illuminate/Foundation/Http/Kernel.php(167): Illuminate\\Routing\\Router->dispatch()
#45 /app/www/vendor/laravel/framework/src/Illuminate/Pipeline/Pipeline.php(128): Illuminate\\Foundation\\Http\\Kernel->Illuminate\\Foundation\\Http\\{closure}()
#46 /app/www/vendor/fideloper/proxy/src/TrustProxies.php(57): Illuminate\\Pipeline\\Pipeline->Illuminate\\Pipeline\\{closure}()
#47 /app/www/vendor/laravel/framework/src/Illuminate/Pipeline/Pipeline.php(167): Fideloper\\Proxy\\TrustProxies->handle()
#48 /app/www/vendor/laravel/framework/src/Illuminate/Foundation/Http/Middleware/TransformsRequest.php(21): Illuminate\\Pipeline\\Pipeline->Illuminate\\Pipeline\\{closure}()
#49 /app/www/vendor/laravel/framework/src/Illuminate/Foundation/Http/Middleware/ConvertEmptyStringsToNull.php(31): Illuminate\\Foundation\\Http\\Middleware\\TransformsRequest->handle()
#50 /app/www/vendor/laravel/framework/src/Illuminate/Pipeline/Pipeline.php(167): Illuminate\\Foundation\\Http\\Middleware\\ConvertEmptyStringsToNull->handle()
#51 /app/www/vendor/laravel/framework/src/Illuminate/Foundation/Http/Middleware/TransformsRequest.php(21): Illuminate\\Pipeline\\Pipeline->Illuminate\\Pipeline\\{closure}()
#52 /app/www/vendor/laravel/framework/src/Illuminate/Foundation/Http/Middleware/TrimStrings.php(40): Illuminate\\Foundation\\Http\\Middleware\\TransformsRequest->handle()
#53 /app/www/vendor/laravel/framework/src/Illuminate/Pipeline/Pipeline.php(167): Illuminate\\Foundation\\Http\\Middleware\\TrimStrings->handle()
#54 /app/www/vendor/laravel/framework/src/Illuminate/Foundation/Http/Middleware/ValidatePostSize.php(27): Illuminate\\Pipeline\\Pipeline->Illuminate\\Pipeline\\{closure}()
#55 /app/www/vendor/laravel/framework/src/Illuminate/Pipeline/Pipeline.php(167): Illuminate\\Foundation\\Http\\Middleware\\ValidatePostSize->handle()
#56 /app/www/vendor/laravel/framework/src/Illuminate/Foundation/Http/Middleware/PreventRequestsDuringMaintenance.php(86): Illuminate\\Pipeline\\Pipeline->Illuminate\\Pipeline\\{closure}()
#57 /app/www/vendor/laravel/framework/src/Illuminate/Pipeline/Pipeline.php(167): Illuminate\\Foundation\\Http\\Middleware\\PreventRequestsDuringMaintenance->handle()
#58 /app/www/vendor/laravel/framework/src/Illuminate/Pipeline/Pipeline.php(103): Illuminate\\Pipeline\\Pipeline->Illuminate\\Pipeline\\{closure}()
#59 /app/www/vendor/laravel/framework/src/Illuminate/Foundation/Http/Kernel.php(142): Illuminate\\Pipeline\\Pipeline->then()
#60 /app/www/vendor/laravel/framework/src/Illuminate/Foundation/Http/Kernel.php(111): Illuminate\\Foundation\\Http\\Kernel->sendRequestThroughRouter()
#61 /app/www/public/index.php(55): Illuminate\\Foundation\\Http\\Kernel->handle()
#62 {main}
"} 
[2023-01-08 06:03:24] local.ERROR: Attempt to read property "cpu" on null {"exception":"[object] (ErrorException(code: 0): Attempt to read property \"cpu\" on null at /config/www/SupportedApps/Proxmox/Proxmox.php:59)
[stacktrace]
#0 /config/www/SupportedApps/Proxmox/Proxmox.php(59): Illuminate\\Foundation\\Bootstrap\\HandleExceptions->handleError()
#1 /app/www/app/Http/Controllers/ItemController.php(503): App\\SupportedApps\\Proxmox\\Proxmox->livestats()
#2 /app/www/vendor/laravel/framework/src/Illuminate/Routing/Controller.php(54): App\\Http\\Controllers\\ItemController->getStats()
#3 /app/www/vendor/laravel/framework/src/Illuminate/Routing/ControllerDispatcher.php(45): Illuminate\\Routing\\Controller->callAction()
#4 /app/www/vendor/laravel/framework/src/Illuminate/Routing/Route.php(262): Illuminate\\Routing\\ControllerDispatcher->dispatch()
#5 /app/www/vendor/laravel/framework/src/Illuminate/Routing/Route.php(205): Illuminate\\Routing\\Route->runController()
#6 /app/www/vendor/laravel/framework/src/Illuminate/Routing/Router.php(721): Illuminate\\Routing\\Route->run()
#7 /app/www/vendor/laravel/framework/src/Illuminate/Pipeline/Pipeline.php(128): Illuminate\\Routing\\Router->Illuminate\\Routing\\{closure}()
#8 /app/www/app/Http/Middleware/CheckAllowed.php(46): Illuminate\\Pipeline\\Pipeline->Illuminate\\Pipeline\\{closure}()
#9 /app/www/vendor/laravel/framework/src/Illuminate/Pipeline/Pipeline.php(167): App\\Http\\Middleware\\CheckAllowed->handle()
#10 /app/www/app/Http/Controllers/Controller.php(22): Illuminate\\Pipeline\\Pipeline->Illuminate\\Pipeline\\{closure}()
#11 /app/www/vendor/laravel/framework/src/Illuminate/Pipeline/Pipeline.php(149): App\\Http\\Controllers\\Controller->App\\Http\\Controllers\\{closure}()
#12 /app/www/vendor/laravel/framework/src/Illuminate/Routing/Middleware/SubstituteBindings.php(50): Illuminate\\Pipeline\\Pipeline->Illuminate\\Pipeline\\{closure}()
#13 /app/www/vendor/laravel/framework/src/Illuminate/Pipeline/Pipeline.php(167): Illuminate\\Routing\\Middleware\\SubstituteBindings->handle()
#14 /app/www/vendor/laravel/framework/src/Illuminate/Foundation/Http/Middleware/VerifyCsrfToken.php(78): Illuminate\\Pipeline\\Pipeline->Illuminate\\Pipeline\\{closure}()
#15 /app/www/vendor/laravel/framework/src/Illuminate/Pipeline/Pipeline.php(167): Illuminate\\Foundation\\Http\\Middleware\\VerifyCsrfToken->handle()
#16 /app/www/vendor/laravel/framework/src/Illuminate/View/Middleware/ShareErrorsFromSession.php(49): Illuminate\\Pipeline\\Pipeline->Illuminate\\Pipeline\\{closure}()
#17 /app/www/vendor/laravel/framework/src/Illuminate/Pipeline/Pipeline.php(167): Illuminate\\View\\Middleware\\ShareErrorsFromSession->handle()
#18 /app/www/vendor/laravel/framework/src/Illuminate/Session/Middleware/StartSession.php(121): Illuminate\\Pipeline\\Pipeline->Illuminate\\Pipeline\\{closure}()
#19 /app/www/vendor/laravel/framework/src/Illuminate/Session/Middleware/StartSession.php(64): Illuminate\\Session\\Middleware\\StartSession->handleStatefulRequest()
#20 /app/www/vendor/laravel/framework/src/Illuminate/Pipeline/Pipeline.php(167): Illuminate\\Session\\Middleware\\StartSession->handle()
#21 /app/www/vendor/laravel/framework/src/Illuminate/Cookie/Middleware/AddQueuedCookiesToResponse.php(37): Illuminate\\Pipeline\\Pipeline->Illuminate\\Pipeline\\{closure}()
#22 /app/www/vendor/laravel/framework/src/Illuminate/Pipeline/Pipeline.php(167): Illuminate\\Cookie\\Middleware\\AddQueuedCookiesToResponse->handle()
#23 /app/www/vendor/laravel/framework/src/Illuminate/Cookie/Middleware/EncryptCookies.php(67): Illuminate\\Pipeline\\Pipeline->Illuminate\\Pipeline\\{closure}()
#24 /app/www/vendor/laravel/framework/src/Illuminate/Pipeline/Pipeline.php(167): Illuminate\\Cookie\\Middleware\\EncryptCookies->handle()
#25 /app/www/vendor/laravel/framework/src/Illuminate/Pipeline/Pipeline.php(103): Illuminate\\Pipeline\\Pipeline->Illuminate\\Pipeline\\{closure}()
#26 /app/www/vendor/laravel/framework/src/Illuminate/Routing/Router.php(723): Illuminate\\Pipeline\\Pipeline->then()
#27 /app/www/vendor/laravel/framework/src/Illuminate/Routing/Router.php(698): Illuminate\\Routing\\Router->runRouteWithinStack()
#28 /app/www/vendor/laravel/framework/src/Illuminate/Routing/Router.php(662): Illuminate\\Routing\\Router->runRoute()
#29 /app/www/vendor/laravel/framework/src/Illuminate/Routing/Router.php(651): Illuminate\\Routing\\Router->dispatchToRoute()
#30 /app/www/vendor/laravel/framework/src/Illuminate/Foundation/Http/Kernel.php(167): Illuminate\\Routing\\Router->dispatch()
#31 /app/www/vendor/laravel/framework/src/Illuminate/Pipeline/Pipeline.php(128): Illuminate\\Foundation\\Http\\Kernel->Illuminate\\Foundation\\Http\\{closure}()
#32 /app/www/vendor/fideloper/proxy/src/TrustProxies.php(57): Illuminate\\Pipeline\\Pipeline->Illuminate\\Pipeline\\{closure}()
#33 /app/www/vendor/laravel/framework/src/Illuminate/Pipeline/Pipeline.php(167): Fideloper\\Proxy\\TrustProxies->handle()
#34 /app/www/vendor/laravel/framework/src/Illuminate/Foundation/Http/Middleware/TransformsRequest.php(21): Illuminate\\Pipeline\\Pipeline->Illuminate\\Pipeline\\{closure}()
#35 /app/www/vendor/laravel/framework/src/Illuminate/Foundation/Http/Middleware/ConvertEmptyStringsToNull.php(31): Illuminate\\Foundation\\Http\\Middleware\\TransformsRequest->handle()
#36 /app/www/vendor/laravel/framework/src/Illuminate/Pipeline/Pipeline.php(167): Illuminate\\Foundation\\Http\\Middleware\\ConvertEmptyStringsToNull->handle()
#37 /app/www/vendor/laravel/framework/src/Illuminate/Foundation/Http/Middleware/TransformsRequest.php(21): Illuminate\\Pipeline\\Pipeline->Illuminate\\Pipeline\\{closure}()
#38 /app/www/vendor/laravel/framework/src/Illuminate/Foundation/Http/Middleware/TrimStrings.php(40): Illuminate\\Foundation\\Http\\Middleware\\TransformsRequest->handle()
#39 /app/www/vendor/laravel/framework/src/Illuminate/Pipeline/Pipeline.php(167): Illuminate\\Foundation\\Http\\Middleware\\TrimStrings->handle()
#40 /app/www/vendor/laravel/framework/src/Illuminate/Foundation/Http/Middleware/ValidatePostSize.php(27): Illuminate\\Pipeline\\Pipeline->Illuminate\\Pipeline\\{closure}()
#41 /app/www/vendor/laravel/framework/src/Illuminate/Pipeline/Pipeline.php(167): Illuminate\\Foundation\\Http\\Middleware\\ValidatePostSize->handle()
#42 /app/www/vendor/laravel/framework/src/Illuminate/Foundation/Http/Middleware/PreventRequestsDuringMaintenance.php(86): Illuminate\\Pipeline\\Pipeline->Illuminate\\Pipeline\\{closure}()
#43 /app/www/vendor/laravel/framework/src/Illuminate/Pipeline/Pipeline.php(167): Illuminate\\Foundation\\Http\\Middleware\\PreventRequestsDuringMaintenance->handle()
#44 /app/www/vendor/laravel/framework/src/Illuminate/Pipeline/Pipeline.php(103): Illuminate\\Pipeline\\Pipeline->Illuminate\\Pipeline\\{closure}()
#45 /app/www/vendor/laravel/framework/src/Illuminate/Foundation/Http/Kernel.php(142): Illuminate\\Pipeline\\Pipeline->then()
#46 /app/www/vendor/laravel/framework/src/Illuminate/Foundation/Http/Kernel.php(111): Illuminate\\Foundation\\Http\\Kernel->sendRequestThroughRouter()
#47 /app/www/public/index.php(55): Illuminate\\Foundation\\Http\\Kernel->handle()
#48 {main}
"} 
[2023-01-08 06:03:25] local.ERROR: Attempt to read property "cpu" on null {"exception":"[object] (ErrorException(code: 0): Attempt to read property \"cpu\" on null at /config/www/SupportedApps/Proxmox/Proxmox.php:59)
[stacktrace]
#0 /config/www/SupportedApps/Proxmox/Proxmox.php(59): Illuminate\\Foundation\\Bootstrap\\HandleExceptions->handleError()
#1 /app/www/app/Http/Controllers/ItemController.php(503): App\\SupportedApps\\Proxmox\\Proxmox->livestats()
#2 /app/www/vendor/laravel/framework/src/Illuminate/Routing/Controller.php(54): App\\Http\\Controllers\\ItemController->getStats()
#3 /app/www/vendor/laravel/framework/src/Illuminate/Routing/ControllerDispatcher.php(45): Illuminate\\Routing\\Controller->callAction()
#4 /app/www/vendor/laravel/framework/src/Illuminate/Routing/Route.php(262): Illuminate\\Routing\\ControllerDispatcher->dispatch()
#5 /app/www/vendor/laravel/framework/src/Illuminate/Routing/Route.php(205): Illuminate\\Routing\\Route->runController()
#6 /app/www/vendor/laravel/framework/src/Illuminate/Routing/Router.php(721): Illuminate\\Routing\\Route->run()
#7 /app/www/vendor/laravel/framework/src/Illuminate/Pipeline/Pipeline.php(128): Illuminate\\Routing\\Router->Illuminate\\Routing\\{closure}()
#8 /app/www/app/Http/Middleware/CheckAllowed.php(46): Illuminate\\Pipeline\\Pipeline->Illuminate\\Pipeline\\{closure}()
#9 /app/www/vendor/laravel/framework/src/Illuminate/Pipeline/Pipeline.php(167): App\\Http\\Middleware\\CheckAllowed->handle()
#10 /app/www/app/Http/Controllers/Controller.php(22): Illuminate\\Pipeline\\Pipeline->Illuminate\\Pipeline\\{closure}()
#11 /app/www/vendor/laravel/framework/src/Illuminate/Pipeline/Pipeline.php(149): App\\Http\\Controllers\\Controller->App\\Http\\Controllers\\{closure}()
#12 /app/www/vendor/laravel/framework/src/Illuminate/Routing/Middleware/SubstituteBindings.php(50): Illuminate\\Pipeline\\Pipeline->Illuminate\\Pipeline\\{closure}()
#13 /app/www/vendor/laravel/framework/src/Illuminate/Pipeline/Pipeline.php(167): Illuminate\\Routing\\Middleware\\SubstituteBindings->handle()
#14 /app/www/vendor/laravel/framework/src/Illuminate/Foundation/Http/Middleware/VerifyCsrfToken.php(78): Illuminate\\Pipeline\\Pipeline->Illuminate\\Pipeline\\{closure}()
#15 /app/www/vendor/laravel/framework/src/Illuminate/Pipeline/Pipeline.php(167): Illuminate\\Foundation\\Http\\Middleware\\VerifyCsrfToken->handle()
#16 /app/www/vendor/laravel/framework/src/Illuminate/View/Middleware/ShareErrorsFromSession.php(49): Illuminate\\Pipeline\\Pipeline->Illuminate\\Pipeline\\{closure}()
#17 /app/www/vendor/laravel/framework/src/Illuminate/Pipeline/Pipeline.php(167): Illuminate\\View\\Middleware\\ShareErrorsFromSession->handle()
#18 /app/www/vendor/laravel/framework/src/Illuminate/Session/Middleware/StartSession.php(121): Illuminate\\Pipeline\\Pipeline->Illuminate\\Pipeline\\{closure}()
#19 /app/www/vendor/laravel/framework/src/Illuminate/Session/Middleware/StartSession.php(64): Illuminate\\Session\\Middleware\\StartSession->handleStatefulRequest()
#20 /app/www/vendor/laravel/framework/src/Illuminate/Pipeline/Pipeline.php(167): Illuminate\\Session\\Middleware\\StartSession->handle()
#21 /app/www/vendor/laravel/framework/src/Illuminate/Cookie/Middleware/AddQueuedCookiesToResponse.php(37): Illuminate\\Pipeline\\Pipeline->Illuminate\\Pipeline\\{closure}()
#22 /app/www/vendor/laravel/framework/src/Illuminate/Pipeline/Pipeline.php(167): Illuminate\\Cookie\\Middleware\\AddQueuedCookiesToResponse->handle()
#23 /app/www/vendor/laravel/framework/src/Illuminate/Cookie/Middleware/EncryptCookies.php(67): Illuminate\\Pipeline\\Pipeline->Illuminate\\Pipeline\\{closure}()
#24 /app/www/vendor/laravel/framework/src/Illuminate/Pipeline/Pipeline.php(167): Illuminate\\Cookie\\Middleware\\EncryptCookies->handle()
#25 /app/www/vendor/laravel/framework/src/Illuminate/Pipeline/Pipeline.php(103): Illuminate\\Pipeline\\Pipeline->Illuminate\\Pipeline\\{closure}()
#26 /app/www/vendor/laravel/framework/src/Illuminate/Routing/Router.php(723): Illuminate\\Pipeline\\Pipeline->then()
#27 /app/www/vendor/laravel/framework/src/Illuminate/Routing/Router.php(698): Illuminate\\Routing\\Router->runRouteWithinStack()
#28 /app/www/vendor/laravel/framework/src/Illuminate/Routing/Router.php(662): Illuminate\\Routing\\Router->runRoute()
#29 /app/www/vendor/laravel/framework/src/Illuminate/Routing/Router.php(651): Illuminate\\Routing\\Router->dispatchToRoute()
#30 /app/www/vendor/laravel/framework/src/Illuminate/Foundation/Http/Kernel.php(167): Illuminate\\Routing\\Router->dispatch()
#31 /app/www/vendor/laravel/framework/src/Illuminate/Pipeline/Pipeline.php(128): Illuminate\\Foundation\\Http\\Kernel->Illuminate\\Foundation\\Http\\{closure}()
#32 /app/www/vendor/fideloper/proxy/src/TrustProxies.php(57): Illuminate\\Pipeline\\Pipeline->Illuminate\\Pipeline\\{closure}()
#33 /app/www/vendor/laravel/framework/src/Illuminate/Pipeline/Pipeline.php(167): Fideloper\\Proxy\\TrustProxies->handle()
#34 /app/www/vendor/laravel/framework/src/Illuminate/Foundation/Http/Middleware/TransformsRequest.php(21): Illuminate\\Pipeline\\Pipeline->Illuminate\\Pipeline\\{closure}()
#35 /app/www/vendor/laravel/framework/src/Illuminate/Foundation/Http/Middleware/ConvertEmptyStringsToNull.php(31): Illuminate\\Foundation\\Http\\Middleware\\TransformsRequest->handle()
#36 /app/www/vendor/laravel/framework/src/Illuminate/Pipeline/Pipeline.php(167): Illuminate\\Foundation\\Http\\Middleware\\ConvertEmptyStringsToNull->handle()
#37 /app/www/vendor/laravel/framework/src/Illuminate/Foundation/Http/Middleware/TransformsRequest.php(21): Illuminate\\Pipeline\\Pipeline->Illuminate\\Pipeline\\{closure}()
#38 /app/www/vendor/laravel/framework/src/Illuminate/Foundation/Http/Middleware/TrimStrings.php(40): Illuminate\\Foundation\\Http\\Middleware\\TransformsRequest->handle()
#39 /app/www/vendor/laravel/framework/src/Illuminate/Pipeline/Pipeline.php(167): Illuminate\\Foundation\\Http\\Middleware\\TrimStrings->handle()
#40 /app/www/vendor/laravel/framework/src/Illuminate/Foundation/Http/Middleware/ValidatePostSize.php(27): Illuminate\\Pipeline\\Pipeline->Illuminate\\Pipeline\\{closure}()
#41 /app/www/vendor/laravel/framework/src/Illuminate/Pipeline/Pipeline.php(167): Illuminate\\Foundation\\Http\\Middleware\\ValidatePostSize->handle()
#42 /app/www/vendor/laravel/framework/src/Illuminate/Foundation/Http/Middleware/PreventRequestsDuringMaintenance.php(86): Illuminate\\Pipeline\\Pipeline->Illuminate\\Pipeline\\{closure}()
#43 /app/www/vendor/laravel/framework/src/Illuminate/Pipeline/Pipeline.php(167): Illuminate\\Foundation\\Http\\Middleware\\PreventRequestsDuringMaintenance->handle()
#44 /app/www/vendor/laravel/framework/src/Illuminate/Pipeline/Pipeline.php(103): Illuminate\\Pipeline\\Pipeline->Illuminate\\Pipeline\\{closure}()
#45 /app/www/vendor/laravel/framework/src/Illuminate/Foundation/Http/Kernel.php(142): Illuminate\\Pipeline\\Pipeline->then()
#46 /app/www/vendor/laravel/framework/src/Illuminate/Foundation/Http/Kernel.php(111): Illuminate\\Foundation\\Http\\Kernel->sendRequestThroughRouter()
#47 /app/www/public/index.php(55): Illuminate\\Foundation\\Http\\Kernel->handle()
#48 {main}
"} 
[2023-01-08 06:03:25] local.ERROR: Attempt to read property "cpu" on null {"exception":"[object] (ErrorException(code: 0): Attempt to read property \"cpu\" on null at /config/www/SupportedApps/Proxmox/Proxmox.php:59)
[stacktrace]
#0 /config/www/SupportedApps/Proxmox/Proxmox.php(59): Illuminate\\Foundation\\Bootstrap\\HandleExceptions->handleError()
#1 /app/www/app/Http/Controllers/ItemController.php(503): App\\SupportedApps\\Proxmox\\Proxmox->livestats()
#2 /app/www/vendor/laravel/framework/src/Illuminate/Routing/Controller.php(54): App\\Http\\Controllers\\ItemController->getStats()
#3 /app/www/vendor/laravel/framework/src/Illuminate/Routing/ControllerDispatcher.php(45): Illuminate\\Routing\\Controller->callAction()
#4 /app/www/vendor/laravel/framework/src/Illuminate/Routing/Route.php(262): Illuminate\\Routing\\ControllerDispatcher->dispatch()
#5 /app/www/vendor/laravel/framework/src/Illuminate/Routing/Route.php(205): Illuminate\\Routing\\Route->runController()
#6 /app/www/vendor/laravel/framework/src/Illuminate/Routing/Router.php(721): Illuminate\\Routing\\Route->run()
#7 /app/www/vendor/laravel/framework/src/Illuminate/Pipeline/Pipeline.php(128): Illuminate\\Routing\\Router->Illuminate\\Routing\\{closure}()
#8 /app/www/app/Http/Middleware/CheckAllowed.php(46): Illuminate\\Pipeline\\Pipeline->Illuminate\\Pipeline\\{closure}()
#9 /app/www/vendor/laravel/framework/src/Illuminate/Pipeline/Pipeline.php(167): App\\Http\\Middleware\\CheckAllowed->handle()
#10 /app/www/app/Http/Controllers/Controller.php(22): Illuminate\\Pipeline\\Pipeline->Illuminate\\Pipeline\\{closure}()
#11 /app/www/vendor/laravel/framework/src/Illuminate/Pipeline/Pipeline.php(149): App\\Http\\Controllers\\Controller->App\\Http\\Controllers\\{closure}()
#12 /app/www/vendor/laravel/framework/src/Illuminate/Routing/Middleware/SubstituteBindings.php(50): Illuminate\\Pipeline\\Pipeline->Illuminate\\Pipeline\\{closure}()
#13 /app/www/vendor/laravel/framework/src/Illuminate/Pipeline/Pipeline.php(167): Illuminate\\Routing\\Middleware\\SubstituteBindings->handle()
#14 /app/www/vendor/laravel/framework/src/Illuminate/Foundation/Http/Middleware/VerifyCsrfToken.php(78): Illuminate\\Pipeline\\Pipeline->Illuminate\\Pipeline\\{closure}()
#15 /app/www/vendor/laravel/framework/src/Illuminate/Pipeline/Pipeline.php(167): Illuminate\\Foundation\\Http\\Middleware\\VerifyCsrfToken->handle()
#16 /app/www/vendor/laravel/framework/src/Illuminate/View/Middleware/ShareErrorsFromSession.php(49): Illuminate\\Pipeline\\Pipeline->Illuminate\\Pipeline\\{closure}()
#17 /app/www/vendor/laravel/framework/src/Illuminate/Pipeline/Pipeline.php(167): Illuminate\\View\\Middleware\\ShareErrorsFromSession->handle()
#18 /app/www/vendor/laravel/framework/src/Illuminate/Session/Middleware/StartSession.php(121): Illuminate\\Pipeline\\Pipeline->Illuminate\\Pipeline\\{closure}()
#19 /app/www/vendor/laravel/framework/src/Illuminate/Session/Middleware/StartSession.php(64): Illuminate\\Session\\Middleware\\StartSession->handleStatefulRequest()
#20 /app/www/vendor/laravel/framework/src/Illuminate/Pipeline/Pipeline.php(167): Illuminate\\Session\\Middleware\\StartSession->handle()
#21 /app/www/vendor/laravel/framework/src/Illuminate/Cookie/Middleware/AddQueuedCookiesToResponse.php(37): Illuminate\\Pipeline\\Pipeline->Illuminate\\Pipeline\\{closure}()
#22 /app/www/vendor/laravel/framework/src/Illuminate/Pipeline/Pipeline.php(167): Illuminate\\Cookie\\Middleware\\AddQueuedCookiesToResponse->handle()
#23 /app/www/vendor/laravel/framework/src/Illuminate/Cookie/Middleware/EncryptCookies.php(67): Illuminate\\Pipeline\\Pipeline->Illuminate\\Pipeline\\{closure}()
#24 /app/www/vendor/laravel/framework/src/Illuminate/Pipeline/Pipeline.php(167): Illuminate\\Cookie\\Middleware\\EncryptCookies->handle()
#25 /app/www/vendor/laravel/framework/src/Illuminate/Pipeline/Pipeline.php(103): Illuminate\\Pipeline\\Pipeline->Illuminate\\Pipeline\\{closure}()
#26 /app/www/vendor/laravel/framework/src/Illuminate/Routing/Router.php(723): Illuminate\\Pipeline\\Pipeline->then()
#27 /app/www/vendor/laravel/framework/src/Illuminate/Routing/Router.php(698): Illuminate\\Routing\\Router->runRouteWithinStack()
#28 /app/www/vendor/laravel/framework/src/Illuminate/Routing/Router.php(662): Illuminate\\Routing\\Router->runRoute()
#29 /app/www/vendor/laravel/framework/src/Illuminate/Routing/Router.php(651): Illuminate\\Routing\\Router->dispatchToRoute()
#30 /app/www/vendor/laravel/framework/src/Illuminate/Foundation/Http/Kernel.php(167): Illuminate\\Routing\\Router->dispatch()
#31 /app/www/vendor/laravel/framework/src/Illuminate/Pipeline/Pipeline.php(128): Illuminate\\Foundation\\Http\\Kernel->Illuminate\\Foundation\\Http\\{closure}()
#32 /app/www/vendor/fideloper/proxy/src/TrustProxies.php(57): Illuminate\\Pipeline\\Pipeline->Illuminate\\Pipeline\\{closure}()
#33 /app/www/vendor/laravel/framework/src/Illuminate/Pipeline/Pipeline.php(167): Fideloper\\Proxy\\TrustProxies->handle()
#34 /app/www/vendor/laravel/framework/src/Illuminate/Foundation/Http/Middleware/TransformsRequest.php(21): Illuminate\\Pipeline\\Pipeline->Illuminate\\Pipeline\\{closure}()
#35 /app/www/vendor/laravel/framework/src/Illuminate/Foundation/Http/Middleware/ConvertEmptyStringsToNull.php(31): Illuminate\\Foundation\\Http\\Middleware\\TransformsRequest->handle()
#36 /app/www/vendor/laravel/framework/src/Illuminate/Pipeline/Pipeline.php(167): Illuminate\\Foundation\\Http\\Middleware\\ConvertEmptyStringsToNull->handle()
#37 /app/www/vendor/laravel/framework/src/Illuminate/Foundation/Http/Middleware/TransformsRequest.php(21): Illuminate\\Pipeline\\Pipeline->Illuminate\\Pipeline\\{closure}()
#38 /app/www/vendor/laravel/framework/src/Illuminate/Foundation/Http/Middleware/TrimStrings.php(40): Illuminate\\Foundation\\Http\\Middleware\\TransformsRequest->handle()
#39 /app/www/vendor/laravel/framework/src/Illuminate/Pipeline/Pipeline.php(167): Illuminate\\Foundation\\Http\\Middleware\\TrimStrings->handle()
#40 /app/www/vendor/laravel/framework/src/Illuminate/Foundation/Http/Middleware/ValidatePostSize.php(27): Illuminate\\Pipeline\\Pipeline->Illuminate\\Pipeline\\{closure}()
#41 /app/www/vendor/laravel/framework/src/Illuminate/Pipeline/Pipeline.php(167): Illuminate\\Foundation\\Http\\Middleware\\ValidatePostSize->handle()
#42 /app/www/vendor/laravel/framework/src/Illuminate/Foundation/Http/Middleware/PreventRequestsDuringMaintenance.php(86): Illuminate\\Pipeline\\Pipeline->Illuminate\\Pipeline\\{closure}()
#43 /app/www/vendor/laravel/framework/src/Illuminate/Pipeline/Pipeline.php(167): Illuminate\\Foundation\\Http\\Middleware\\PreventRequestsDuringMaintenance->handle()
#44 /app/www/vendor/laravel/framework/src/Illuminate/Pipeline/Pipeline.php(103): Illuminate\\Pipeline\\Pipeline->Illuminate\\Pipeline\\{closure}()
#45 /app/www/vendor/laravel/framework/src/Illuminate/Foundation/Http/Kernel.php(142): Illuminate\\Pipeline\\Pipeline->then()
#46 /app/www/vendor/laravel/framework/src/Illuminate/Foundation/Http/Kernel.php(111): Illuminate\\Foundation\\Http\\Kernel->sendRequestThroughRouter()
#47 /app/www/public/index.php(55): Illuminate\\Foundation\\Http\\Kernel->handle()
#48 {main}
"} 
[2023-01-08 06:03:25] local.ERROR: cURL error 60: SSL: no alternative certificate subject name matches target host name '192.168.100.50' (see https://curl.haxx.se/libcurl/c/libcurl-errors.html) for https://192.168.100.50:32400/library/onDeck?X-Plex-Token=zGqxSysMJpbnktLCFc5r {"exception":"[object] (GuzzleHttp\\Exception\\RequestException(code: 0): cURL error 60: SSL: no alternative certificate subject name matches target host name '192.168.100.50' (see https://curl.haxx.se/libcurl/c/libcurl-errors.html) for https://192.168.100.50:32400/library/onDeck?X-Plex-Token=zGqxSysMJpbnktLCFc5r at /app/www/vendor/guzzlehttp/guzzle/src/Handler/CurlFactory.php:211)
[stacktrace]
#0 /app/www/vendor/guzzlehttp/guzzle/src/Handler/CurlFactory.php(158): GuzzleHttp\\Handler\\CurlFactory::createRejection()
#1 /app/www/vendor/guzzlehttp/guzzle/src/Handler/CurlFactory.php(110): GuzzleHttp\\Handler\\CurlFactory::finishError()
#2 /app/www/vendor/guzzlehttp/guzzle/src/Handler/CurlHandler.php(47): GuzzleHttp\\Handler\\CurlFactory::finish()
#3 /app/www/vendor/guzzlehttp/guzzle/src/Handler/Proxy.php(28): GuzzleHttp\\Handler\\CurlHandler->__invoke()
#4 /app/www/vendor/guzzlehttp/guzzle/src/Handler/Proxy.php(48): GuzzleHttp\\Handler\\Proxy::GuzzleHttp\\Handler\\{closure}()
#5 /app/www/vendor/guzzlehttp/guzzle/src/PrepareBodyMiddleware.php(35): GuzzleHttp\\Handler\\Proxy::GuzzleHttp\\Handler\\{closure}()
#6 /app/www/vendor/guzzlehttp/guzzle/src/Middleware.php(31): GuzzleHttp\\PrepareBodyMiddleware->__invoke()
#7 /app/www/vendor/guzzlehttp/guzzle/src/RedirectMiddleware.php(71): GuzzleHttp\\Middleware::GuzzleHttp\\{closure}()
#8 /app/www/vendor/guzzlehttp/guzzle/src/Middleware.php(61): GuzzleHttp\\RedirectMiddleware->__invoke()
#9 /app/www/vendor/guzzlehttp/guzzle/src/HandlerStack.php(75): GuzzleHttp\\Middleware::GuzzleHttp\\{closure}()
#10 /app/www/vendor/guzzlehttp/guzzle/src/Client.php(331): GuzzleHttp\\HandlerStack->__invoke()
#11 /app/www/vendor/guzzlehttp/guzzle/src/Client.php(168): GuzzleHttp\\Client->transfer()
#12 /app/www/vendor/guzzlehttp/guzzle/src/Client.php(187): GuzzleHttp\\Client->requestAsync()
#13 /app/www/app/SupportedApps.php(94): GuzzleHttp\\Client->request()
#14 /config/www/SupportedApps/Plex/Plex.php(45): App\\SupportedApps->execute()
#15 /app/www/app/Http/Controllers/ItemController.php(503): App\\SupportedApps\\Plex\\Plex->livestats()
#16 /app/www/vendor/laravel/framework/src/Illuminate/Routing/Controller.php(54): App\\Http\\Controllers\\ItemController->getStats()
#17 /app/www/vendor/laravel/framework/src/Illuminate/Routing/ControllerDispatcher.php(45): Illuminate\\Routing\\Controller->callAction()
#18 /app/www/vendor/laravel/framework/src/Illuminate/Routing/Route.php(262): Illuminate\\Routing\\ControllerDispatcher->dispatch()
#19 /app/www/vendor/laravel/framework/src/Illuminate/Routing/Route.php(205): Illuminate\\Routing\\Route->runController()
#20 /app/www/vendor/laravel/framework/src/Illuminate/Routing/Router.php(721): Illuminate\\Routing\\Route->run()
#21 /app/www/vendor/laravel/framework/src/Illuminate/Pipeline/Pipeline.php(128): Illuminate\\Routing\\Router->Illuminate\\Routing\\{closure}()
#22 /app/www/app/Http/Middleware/CheckAllowed.php(46): Illuminate\\Pipeline\\Pipeline->Illuminate\\Pipeline\\{closure}()
#23 /app/www/vendor/laravel/framework/src/Illuminate/Pipeline/Pipeline.php(167): App\\Http\\Middleware\\CheckAllowed->handle()
#24 /app/www/app/Http/Controllers/Controller.php(22): Illuminate\\Pipeline\\Pipeline->Illuminate\\Pipeline\\{closure}()
#25 /app/www/vendor/laravel/framework/src/Illuminate/Pipeline/Pipeline.php(149): App\\Http\\Controllers\\Controller->App\\Http\\Controllers\\{closure}()
#26 /app/www/vendor/laravel/framework/src/Illuminate/Routing/Middleware/SubstituteBindings.php(50): Illuminate\\Pipeline\\Pipeline->Illuminate\\Pipeline\\{closure}()
#27 /app/www/vendor/laravel/framework/src/Illuminate/Pipeline/Pipeline.php(167): Illuminate\\Routing\\Middleware\\SubstituteBindings->handle()
#28 /app/www/vendor/laravel/framework/src/Illuminate/Foundation/Http/Middleware/VerifyCsrfToken.php(78): Illuminate\\Pipeline\\Pipeline->Illuminate\\Pipeline\\{closure}()
#29 /app/www/vendor/laravel/framework/src/Illuminate/Pipeline/Pipeline.php(167): Illuminate\\Foundation\\Http\\Middleware\\VerifyCsrfToken->handle()
#30 /app/www/vendor/laravel/framework/src/Illuminate/View/Middleware/ShareErrorsFromSession.php(49): Illuminate\\Pipeline\\Pipeline->Illuminate\\Pipeline\\{closure}()
#31 /app/www/vendor/laravel/framework/src/Illuminate/Pipeline/Pipeline.php(167): Illuminate\\View\\Middleware\\ShareErrorsFromSession->handle()
#32 /app/www/vendor/laravel/framework/src/Illuminate/Session/Middleware/StartSession.php(121): Illuminate\\Pipeline\\Pipeline->Illuminate\\Pipeline\\{closure}()
#33 /app/www/vendor/laravel/framework/src/Illuminate/Session/Middleware/StartSession.php(64): Illuminate\\Session\\Middleware\\StartSession->handleStatefulRequest()
#34 /app/www/vendor/laravel/framework/src/Illuminate/Pipeline/Pipeline.php(167): Illuminate\\Session\\Middleware\\StartSession->handle()
#35 /app/www/vendor/laravel/framework/src/Illuminate/Cookie/Middleware/AddQueuedCookiesToResponse.php(37): Illuminate\\Pipeline\\Pipeline->Illuminate\\Pipeline\\{closure}()
#36 /app/www/vendor/laravel/framework/src/Illuminate/Pipeline/Pipeline.php(167): Illuminate\\Cookie\\Middleware\\AddQueuedCookiesToResponse->handle()
#37 /app/www/vendor/laravel/framework/src/Illuminate/Cookie/Middleware/EncryptCookies.php(67): Illuminate\\Pipeline\\Pipeline->Illuminate\\Pipeline\\{closure}()
#38 /app/www/vendor/laravel/framework/src/Illuminate/Pipeline/Pipeline.php(167): Illuminate\\Cookie\\Middleware\\EncryptCookies->handle()
#39 /app/www/vendor/laravel/framework/src/Illuminate/Pipeline/Pipeline.php(103): Illuminate\\Pipeline\\Pipeline->Illuminate\\Pipeline\\{closure}()
#40 /app/www/vendor/laravel/framework/src/Illuminate/Routing/Router.php(723): Illuminate\\Pipeline\\Pipeline->then()
#41 /app/www/vendor/laravel/framework/src/Illuminate/Routing/Router.php(698): Illuminate\\Routing\\Router->runRouteWithinStack()
#42 /app/www/vendor/laravel/framework/src/Illuminate/Routing/Router.php(662): Illuminate\\Routing\\Router->runRoute()
#43 /app/www/vendor/laravel/framework/src/Illuminate/Routing/Router.php(651): Illuminate\\Routing\\Router->dispatchToRoute()
#44 /app/www/vendor/laravel/framework/src/Illuminate/Foundation/Http/Kernel.php(167): Illuminate\\Routing\\Router->dispatch()
#45 /app/www/vendor/laravel/framework/src/Illuminate/Pipeline/Pipeline.php(128): Illuminate\\Foundation\\Http\\Kernel->Illuminate\\Foundation\\Http\\{closure}()
#46 /app/www/vendor/fideloper/proxy/src/TrustProxies.php(57): Illuminate\\Pipeline\\Pipeline->Illuminate\\Pipeline\\{closure}()
#47 /app/www/vendor/laravel/framework/src/Illuminate/Pipeline/Pipeline.php(167): Fideloper\\Proxy\\TrustProxies->handle()
#48 /app/www/vendor/laravel/framework/src/Illuminate/Foundation/Http/Middleware/TransformsRequest.php(21): Illuminate\\Pipeline\\Pipeline->Illuminate\\Pipeline\\{closure}()
#49 /app/www/vendor/laravel/framework/src/Illuminate/Foundation/Http/Middleware/ConvertEmptyStringsToNull.php(31): Illuminate\\Foundation\\Http\\Middleware\\TransformsRequest->handle()
#50 /app/www/vendor/laravel/framework/src/Illuminate/Pipeline/Pipeline.php(167): Illuminate\\Foundation\\Http\\Middleware\\ConvertEmptyStringsToNull->handle()
#51 /app/www/vendor/laravel/framework/src/Illuminate/Foundation/Http/Middleware/TransformsRequest.php(21): Illuminate\\Pipeline\\Pipeline->Illuminate\\Pipeline\\{closure}()
#52 /app/www/vendor/laravel/framework/src/Illuminate/Foundation/Http/Middleware/TrimStrings.php(40): Illuminate\\Foundation\\Http\\Middleware\\TransformsRequest->handle()
#53 /app/www/vendor/laravel/framework/src/Illuminate/Pipeline/Pipeline.php(167): Illuminate\\Foundation\\Http\\Middleware\\TrimStrings->handle()
#54 /app/www/vendor/laravel/framework/src/Illuminate/Foundation/Http/Middleware/ValidatePostSize.php(27): Illuminate\\Pipeline\\Pipeline->Illuminate\\Pipeline\\{closure}()
#55 /app/www/vendor/laravel/framework/src/Illuminate/Pipeline/Pipeline.php(167): Illuminate\\Foundation\\Http\\Middleware\\ValidatePostSize->handle()
#56 /app/www/vendor/laravel/framework/src/Illuminate/Foundation/Http/Middleware/PreventRequestsDuringMaintenance.php(86): Illuminate\\Pipeline\\Pipeline->Illuminate\\Pipeline\\{closure}()
#57 /app/www/vendor/laravel/framework/src/Illuminate/Pipeline/Pipeline.php(167): Illuminate\\Foundation\\Http\\Middleware\\PreventRequestsDuringMaintenance->handle()
#58 /app/www/vendor/laravel/framework/src/Illuminate/Pipeline/Pipeline.php(103): Illuminate\\Pipeline\\Pipeline->Illuminate\\Pipeline\\{closure}()
#59 /app/www/vendor/laravel/framework/src/Illuminate/Foundation/Http/Kernel.php(142): Illuminate\\Pipeline\\Pipeline->then()
#60 /app/www/vendor/laravel/framework/src/Illuminate/Foundation/Http/Kernel.php(111): Illuminate\\Foundation\\Http\\Kernel->sendRequestThroughRouter()
#61 /app/www/public/index.php(55): Illuminate\\Foundation\\Http\\Kernel->handle()
#62 {main}
"} 
[2023-01-08 06:03:46] local.ERROR: Attempt to read property "cpu" on null {"exception":"[object] (ErrorException(code: 0): Attempt to read property \"cpu\" on null at /config/www/SupportedApps/Proxmox/Proxmox.php:59)
[stacktrace]
#0 /config/www/SupportedApps/Proxmox/Proxmox.php(59): Illuminate\\Foundation\\Bootstrap\\HandleExceptions->handleError()
#1 /app/www/app/Http/Controllers/ItemController.php(503): App\\SupportedApps\\Proxmox\\Proxmox->livestats()
#2 /app/www/vendor/laravel/framework/src/Illuminate/Routing/Controller.php(54): App\\Http\\Controllers\\ItemController->getStats()
#3 /app/www/vendor/laravel/framework/src/Illuminate/Routing/ControllerDispatcher.php(45): Illuminate\\Routing\\Controller->callAction()
#4 /app/www/vendor/laravel/framework/src/Illuminate/Routing/Route.php(262): Illuminate\\Routing\\ControllerDispatcher->dispatch()
#5 /app/www/vendor/laravel/framework/src/Illuminate/Routing/Route.php(205): Illuminate\\Routing\\Route->runController()
#6 /app/www/vendor/laravel/framework/src/Illuminate/Routing/Router.php(721): Illuminate\\Routing\\Route->run()
#7 /app/www/vendor/laravel/framework/src/Illuminate/Pipeline/Pipeline.php(128): Illuminate\\Routing\\Router->Illuminate\\Routing\\{closure}()
#8 /app/www/app/Http/Middleware/CheckAllowed.php(46): Illuminate\\Pipeline\\Pipeline->Illuminate\\Pipeline\\{closure}()
#9 /app/www/vendor/laravel/framework/src/Illuminate/Pipeline/Pipeline.php(167): App\\Http\\Middleware\\CheckAllowed->handle()
#10 /app/www/app/Http/Controllers/Controller.php(22): Illuminate\\Pipeline\\Pipeline->Illuminate\\Pipeline\\{closure}()
#11 /app/www/vendor/laravel/framework/src/Illuminate/Pipeline/Pipeline.php(149): App\\Http\\Controllers\\Controller->App\\Http\\Controllers\\{closure}()
#12 /app/www/vendor/laravel/framework/src/Illuminate/Routing/Middleware/SubstituteBindings.php(50): Illuminate\\Pipeline\\Pipeline->Illuminate\\Pipeline\\{closure}()
#13 /app/www/vendor/laravel/framework/src/Illuminate/Pipeline/Pipeline.php(167): Illuminate\\Routing\\Middleware\\SubstituteBindings->handle()
#14 /app/www/vendor/laravel/framework/src/Illuminate/Foundation/Http/Middleware/VerifyCsrfToken.php(78): Illuminate\\Pipeline\\Pipeline->Illuminate\\Pipeline\\{closure}()
#15 /app/www/vendor/laravel/framework/src/Illuminate/Pipeline/Pipeline.php(167): Illuminate\\Foundation\\Http\\Middleware\\VerifyCsrfToken->handle()
#16 /app/www/vendor/laravel/framework/src/Illuminate/View/Middleware/ShareErrorsFromSession.php(49): Illuminate\\Pipeline\\Pipeline->Illuminate\\Pipeline\\{closure}()
#17 /app/www/vendor/laravel/framework/src/Illuminate/Pipeline/Pipeline.php(167): Illuminate\\View\\Middleware\\ShareErrorsFromSession->handle()
#18 /app/www/vendor/laravel/framework/src/Illuminate/Session/Middleware/StartSession.php(121): Illuminate\\Pipeline\\Pipeline->Illuminate\\Pipeline\\{closure}()
#19 /app/www/vendor/laravel/framework/src/Illuminate/Session/Middleware/StartSession.php(64): Illuminate\\Session\\Middleware\\StartSession->handleStatefulRequest()
#20 /app/www/vendor/laravel/framework/src/Illuminate/Pipeline/Pipeline.php(167): Illuminate\\Session\\Middleware\\StartSession->handle()
#21 /app/www/vendor/laravel/framework/src/Illuminate/Cookie/Middleware/AddQueuedCookiesToResponse.php(37): Illuminate\\Pipeline\\Pipeline->Illuminate\\Pipeline\\{closure}()
#22 /app/www/vendor/laravel/framework/src/Illuminate/Pipeline/Pipeline.php(167): Illuminate\\Cookie\\Middleware\\AddQueuedCookiesToResponse->handle()
#23 /app/www/vendor/laravel/framework/src/Illuminate/Cookie/Middleware/EncryptCookies.php(67): Illuminate\\Pipeline\\Pipeline->Illuminate\\Pipeline\\{closure}()
#24 /app/www/vendor/laravel/framework/src/Illuminate/Pipeline/Pipeline.php(167): Illuminate\\Cookie\\Middleware\\EncryptCookies->handle()
#25 /app/www/vendor/laravel/framework/src/Illuminate/Pipeline/Pipeline.php(103): Illuminate\\Pipeline\\Pipeline->Illuminate\\Pipeline\\{closure}()
#26 /app/www/vendor/laravel/framework/src/Illuminate/Routing/Router.php(723): Illuminate\\Pipeline\\Pipeline->then()
#27 /app/www/vendor/laravel/framework/src/Illuminate/Routing/Router.php(698): Illuminate\\Routing\\Router->runRouteWithinStack()
#28 /app/www/vendor/laravel/framework/src/Illuminate/Routing/Router.php(662): Illuminate\\Routing\\Router->runRoute()
#29 /app/www/vendor/laravel/framework/src/Illuminate/Routing/Router.php(651): Illuminate\\Routing\\Router->dispatchToRoute()
#30 /app/www/vendor/laravel/framework/src/Illuminate/Foundation/Http/Kernel.php(167): Illuminate\\Routing\\Router->dispatch()
#31 /app/www/vendor/laravel/framework/src/Illuminate/Pipeline/Pipeline.php(128): Illuminate\\Foundation\\Http\\Kernel->Illuminate\\Foundation\\Http\\{closure}()
#32 /app/www/vendor/fideloper/proxy/src/TrustProxies.php(57): Illuminate\\Pipeline\\Pipeline->Illuminate\\Pipeline\\{closure}()
#33 /app/www/vendor/laravel/framework/src/Illuminate/Pipeline/Pipeline.php(167): Fideloper\\Proxy\\TrustProxies->handle()
#34 /app/www/vendor/laravel/framework/src/Illuminate/Foundation/Http/Middleware/TransformsRequest.php(21): Illuminate\\Pipeline\\Pipeline->Illuminate\\Pipeline\\{closure}()
#35 /app/www/vendor/laravel/framework/src/Illuminate/Foundation/Http/Middleware/ConvertEmptyStringsToNull.php(31): Illuminate\\Foundation\\Http\\Middleware\\TransformsRequest->handle()
#36 /app/www/vendor/laravel/framework/src/Illuminate/Pipeline/Pipeline.php(167): Illuminate\\Foundation\\Http\\Middleware\\ConvertEmptyStringsToNull->handle()
#37 /app/www/vendor/laravel/framework/src/Illuminate/Foundation/Http/Middleware/TransformsRequest.php(21): Illuminate\\Pipeline\\Pipeline->Illuminate\\Pipeline\\{closure}()
#38 /app/www/vendor/laravel/framework/src/Illuminate/Foundation/Http/Middleware/TrimStrings.php(40): Illuminate\\Foundation\\Http\\Middleware\\TransformsRequest->handle()
#39 /app/www/vendor/laravel/framework/src/Illuminate/Pipeline/Pipeline.php(167): Illuminate\\Foundation\\Http\\Middleware\\TrimStrings->handle()
#40 /app/www/vendor/laravel/framework/src/Illuminate/Foundation/Http/Middleware/ValidatePostSize.php(27): Illuminate\\Pipeline\\Pipeline->Illuminate\\Pipeline\\{closure}()
#41 /app/www/vendor/laravel/framework/src/Illuminate/Pipeline/Pipeline.php(167): Illuminate\\Foundation\\Http\\Middleware\\ValidatePostSize->handle()
#42 /app/www/vendor/laravel/framework/src/Illuminate/Foundation/Http/Middleware/PreventRequestsDuringMaintenance.php(86): Illuminate\\Pipeline\\Pipeline->Illuminate\\Pipeline\\{closure}()
#43 /app/www/vendor/laravel/framework/src/Illuminate/Pipeline/Pipeline.php(167): Illuminate\\Foundation\\Http\\Middleware\\PreventRequestsDuringMaintenance->handle()
#44 /app/www/vendor/laravel/framework/src/Illuminate/Pipeline/Pipeline.php(103): Illuminate\\Pipeline\\Pipeline->Illuminate\\Pipeline\\{closure}()
#45 /app/www/vendor/laravel/framework/src/Illuminate/Foundation/Http/Kernel.php(142): Illuminate\\Pipeline\\Pipeline->then()
#46 /app/www/vendor/laravel/framework/src/Illuminate/Foundation/Http/Kernel.php(111): Illuminate\\Foundation\\Http\\Kernel->sendRequestThroughRouter()
#47 /app/www/public/index.php(55): Illuminate\\Foundation\\Http\\Kernel->handle()
#48 {main}
"} 
[2023-01-08 06:03:46] local.ERROR: Attempt to read property "cpu" on null {"exception":"[object] (ErrorException(code: 0): Attempt to read property \"cpu\" on null at /config/www/SupportedApps/Proxmox/Proxmox.php:59)
[stacktrace]
#0 /config/www/SupportedApps/Proxmox/Proxmox.php(59): Illuminate\\Foundation\\Bootstrap\\HandleExceptions->handleError()
#1 /app/www/app/Http/Controllers/ItemController.php(503): App\\SupportedApps\\Proxmox\\Proxmox->livestats()
#2 /app/www/vendor/laravel/framework/src/Illuminate/Routing/Controller.php(54): App\\Http\\Controllers\\ItemController->getStats()
#3 /app/www/vendor/laravel/framework/src/Illuminate/Routing/ControllerDispatcher.php(45): Illuminate\\Routing\\Controller->callAction()
#4 /app/www/vendor/laravel/framework/src/Illuminate/Routing/Route.php(262): Illuminate\\Routing\\ControllerDispatcher->dispatch()
#5 /app/www/vendor/laravel/framework/src/Illuminate/Routing/Route.php(205): Illuminate\\Routing\\Route->runController()
#6 /app/www/vendor/laravel/framework/src/Illuminate/Routing/Router.php(721): Illuminate\\Routing\\Route->run()
#7 /app/www/vendor/laravel/framework/src/Illuminate/Pipeline/Pipeline.php(128): Illuminate\\Routing\\Router->Illuminate\\Routing\\{closure}()
#8 /app/www/app/Http/Middleware/CheckAllowed.php(46): Illuminate\\Pipeline\\Pipeline->Illuminate\\Pipeline\\{closure}()
#9 /app/www/vendor/laravel/framework/src/Illuminate/Pipeline/Pipeline.php(167): App\\Http\\Middleware\\CheckAllowed->handle()
#10 /app/www/app/Http/Controllers/Controller.php(22): Illuminate\\Pipeline\\Pipeline->Illuminate\\Pipeline\\{closure}()
#11 /app/www/vendor/laravel/framework/src/Illuminate/Pipeline/Pipeline.php(149): App\\Http\\Controllers\\Controller->App\\Http\\Controllers\\{closure}()
#12 /app/www/vendor/laravel/framework/src/Illuminate/Routing/Middleware/SubstituteBindings.php(50): Illuminate\\Pipeline\\Pipeline->Illuminate\\Pipeline\\{closure}()
#13 /app/www/vendor/laravel/framework/src/Illuminate/Pipeline/Pipeline.php(167): Illuminate\\Routing\\Middleware\\SubstituteBindings->handle()
#14 /app/www/vendor/laravel/framework/src/Illuminate/Foundation/Http/Middleware/VerifyCsrfToken.php(78): Illuminate\\Pipeline\\Pipeline->Illuminate\\Pipeline\\{closure}()
#15 /app/www/vendor/laravel/framework/src/Illuminate/Pipeline/Pipeline.php(167): Illuminate\\Foundation\\Http\\Middleware\\VerifyCsrfToken->handle()
#16 /app/www/vendor/laravel/framework/src/Illuminate/View/Middleware/ShareErrorsFromSession.php(49): Illuminate\\Pipeline\\Pipeline->Illuminate\\Pipeline\\{closure}()
#17 /app/www/vendor/laravel/framework/src/Illuminate/Pipeline/Pipeline.php(167): Illuminate\\View\\Middleware\\ShareErrorsFromSession->handle()
#18 /app/www/vendor/laravel/framework/src/Illuminate/Session/Middleware/StartSession.php(121): Illuminate\\Pipeline\\Pipeline->Illuminate\\Pipeline\\{closure}()
#19 /app/www/vendor/laravel/framework/src/Illuminate/Session/Middleware/StartSession.php(64): Illuminate\\Session\\Middleware\\StartSession->handleStatefulRequest()
#20 /app/www/vendor/laravel/framework/src/Illuminate/Pipeline/Pipeline.php(167): Illuminate\\Session\\Middleware\\StartSession->handle()
#21 /app/www/vendor/laravel/framework/src/Illuminate/Cookie/Middleware/AddQueuedCookiesToResponse.php(37): Illuminate\\Pipeline\\Pipeline->Illuminate\\Pipeline\\{closure}()
#22 /app/www/vendor/laravel/framework/src/Illuminate/Pipeline/Pipeline.php(167): Illuminate\\Cookie\\Middleware\\AddQueuedCookiesToResponse->handle()
#23 /app/www/vendor/laravel/framework/src/Illuminate/Cookie/Middleware/EncryptCookies.php(67): Illuminate\\Pipeline\\Pipeline->Illuminate\\Pipeline\\{closure}()
#24 /app/www/vendor/laravel/framework/src/Illuminate/Pipeline/Pipeline.php(167): Illuminate\\Cookie\\Middleware\\EncryptCookies->handle()
#25 /app/www/vendor/laravel/framework/src/Illuminate/Pipeline/Pipeline.php(103): Illuminate\\Pipeline\\Pipeline->Illuminate\\Pipeline\\{closure}()
#26 /app/www/vendor/laravel/framework/src/Illuminate/Routing/Router.php(723): Illuminate\\Pipeline\\Pipeline->then()
#27 /app/www/vendor/laravel/framework/src/Illuminate/Routing/Router.php(698): Illuminate\\Routing\\Router->runRouteWithinStack()
#28 /app/www/vendor/laravel/framework/src/Illuminate/Routing/Router.php(662): Illuminate\\Routing\\Router->runRoute()
#29 /app/www/vendor/laravel/framework/src/Illuminate/Routing/Router.php(651): Illuminate\\Routing\\Router->dispatchToRoute()
#30 /app/www/vendor/laravel/framework/src/Illuminate/Foundation/Http/Kernel.php(167): Illuminate\\Routing\\Router->dispatch()
#31 /app/www/vendor/laravel/framework/src/Illuminate/Pipeline/Pipeline.php(128): Illuminate\\Foundation\\Http\\Kernel->Illuminate\\Foundation\\Http\\{closure}()
#32 /app/www/vendor/fideloper/proxy/src/TrustProxies.php(57): Illuminate\\Pipeline\\Pipeline->Illuminate\\Pipeline\\{closure}()
#33 /app/www/vendor/laravel/framework/src/Illuminate/Pipeline/Pipeline.php(167): Fideloper\\Proxy\\TrustProxies->handle()
#34 /app/www/vendor/laravel/framework/src/Illuminate/Foundation/Http/Middleware/TransformsRequest.php(21): Illuminate\\Pipeline\\Pipeline->Illuminate\\Pipeline\\{closure}()
#35 /app/www/vendor/laravel/framework/src/Illuminate/Foundation/Http/Middleware/ConvertEmptyStringsToNull.php(31): Illuminate\\Foundation\\Http\\Middleware\\TransformsRequest->handle()
#36 /app/www/vendor/laravel/framework/src/Illuminate/Pipeline/Pipeline.php(167): Illuminate\\Foundation\\Http\\Middleware\\ConvertEmptyStringsToNull->handle()
#37 /app/www/vendor/laravel/framework/src/Illuminate/Foundation/Http/Middleware/TransformsRequest.php(21): Illuminate\\Pipeline\\Pipeline->Illuminate\\Pipeline\\{closure}()
#38 /app/www/vendor/laravel/framework/src/Illuminate/Foundation/Http/Middleware/TrimStrings.php(40): Illuminate\\Foundation\\Http\\Middleware\\TransformsRequest->handle()
#39 /app/www/vendor/laravel/framework/src/Illuminate/Pipeline/Pipeline.php(167): Illuminate\\Foundation\\Http\\Middleware\\TrimStrings->handle()
#40 /app/www/vendor/laravel/framework/src/Illuminate/Foundation/Http/Middleware/ValidatePostSize.php(27): Illuminate\\Pipeline\\Pipeline->Illuminate\\Pipeline\\{closure}()
#41 /app/www/vendor/laravel/framework/src/Illuminate/Pipeline/Pipeline.php(167): Illuminate\\Foundation\\Http\\Middleware\\ValidatePostSize->handle()
#42 /app/www/vendor/laravel/framework/src/Illuminate/Foundation/Http/Middleware/PreventRequestsDuringMaintenance.php(86): Illuminate\\Pipeline\\Pipeline->Illuminate\\Pipeline\\{closure}()
#43 /app/www/vendor/laravel/framework/src/Illuminate/Pipeline/Pipeline.php(167): Illuminate\\Foundation\\Http\\Middleware\\PreventRequestsDuringMaintenance->handle()
#44 /app/www/vendor/laravel/framework/src/Illuminate/Pipeline/Pipeline.php(103): Illuminate\\Pipeline\\Pipeline->Illuminate\\Pipeline\\{closure}()
#45 /app/www/vendor/laravel/framework/src/Illuminate/Foundation/Http/Kernel.php(142): Illuminate\\Pipeline\\Pipeline->then()
#46 /app/www/vendor/laravel/framework/src/Illuminate/Foundation/Http/Kernel.php(111): Illuminate\\Foundation\\Http\\Kernel->sendRequestThroughRouter()
#47 /app/www/public/index.php(55): Illuminate\\Foundation\\Http\\Kernel->handle()
#48 {main}
"} 
[2023-01-08 06:03:46] local.ERROR: Attempt to read property "cpu" on null {"exception":"[object] (ErrorException(code: 0): Attempt to read property \"cpu\" on null at /config/www/SupportedApps/Proxmox/Proxmox.php:59)
[stacktrace]
#0 /config/www/SupportedApps/Proxmox/Proxmox.php(59): Illuminate\\Foundation\\Bootstrap\\HandleExceptions->handleError()
#1 /app/www/app/Http/Controllers/ItemController.php(503): App\\SupportedApps\\Proxmox\\Proxmox->livestats()
#2 /app/www/vendor/laravel/framework/src/Illuminate/Routing/Controller.php(54): App\\Http\\Controllers\\ItemController->getStats()
#3 /app/www/vendor/laravel/framework/src/Illuminate/Routing/ControllerDispatcher.php(45): Illuminate\\Routing\\Controller->callAction()
#4 /app/www/vendor/laravel/framework/src/Illuminate/Routing/Route.php(262): Illuminate\\Routing\\ControllerDispatcher->dispatch()
#5 /app/www/vendor/laravel/framework/src/Illuminate/Routing/Route.php(205): Illuminate\\Routing\\Route->runController()
#6 /app/www/vendor/laravel/framework/src/Illuminate/Routing/Router.php(721): Illuminate\\Routing\\Route->run()
#7 /app/www/vendor/laravel/framework/src/Illuminate/Pipeline/Pipeline.php(128): Illuminate\\Routing\\Router->Illuminate\\Routing\\{closure}()
#8 /app/www/app/Http/Middleware/CheckAllowed.php(46): Illuminate\\Pipeline\\Pipeline->Illuminate\\Pipeline\\{closure}()
#9 /app/www/vendor/laravel/framework/src/Illuminate/Pipeline/Pipeline.php(167): App\\Http\\Middleware\\CheckAllowed->handle()
#10 /app/www/app/Http/Controllers/Controller.php(22): Illuminate\\Pipeline\\Pipeline->Illuminate\\Pipeline\\{closure}()
#11 /app/www/vendor/laravel/framework/src/Illuminate/Pipeline/Pipeline.php(149): App\\Http\\Controllers\\Controller->App\\Http\\Controllers\\{closure}()
#12 /app/www/vendor/laravel/framework/src/Illuminate/Routing/Middleware/SubstituteBindings.php(50): Illuminate\\Pipeline\\Pipeline->Illuminate\\Pipeline\\{closure}()
#13 /app/www/vendor/laravel/framework/src/Illuminate/Pipeline/Pipeline.php(167): Illuminate\\Routing\\Middleware\\SubstituteBindings->handle()
#14 /app/www/vendor/laravel/framework/src/Illuminate/Foundation/Http/Middleware/VerifyCsrfToken.php(78): Illuminate\\Pipeline\\Pipeline->Illuminate\\Pipeline\\{closure}()
#15 /app/www/vendor/laravel/framework/src/Illuminate/Pipeline/Pipeline.php(167): Illuminate\\Foundation\\Http\\Middleware\\VerifyCsrfToken->handle()
#16 /app/www/vendor/laravel/framework/src/Illuminate/View/Middleware/ShareErrorsFromSession.php(49): Illuminate\\Pipeline\\Pipeline->Illuminate\\Pipeline\\{closure}()
#17 /app/www/vendor/laravel/framework/src/Illuminate/Pipeline/Pipeline.php(167): Illuminate\\View\\Middleware\\ShareErrorsFromSession->handle()
#18 /app/www/vendor/laravel/framework/src/Illuminate/Session/Middleware/StartSession.php(121): Illuminate\\Pipeline\\Pipeline->Illuminate\\Pipeline\\{closure}()
#19 /app/www/vendor/laravel/framework/src/Illuminate/Session/Middleware/StartSession.php(64): Illuminate\\Session\\Middleware\\StartSession->handleStatefulRequest()
#20 /app/www/vendor/laravel/framework/src/Illuminate/Pipeline/Pipeline.php(167): Illuminate\\Session\\Middleware\\StartSession->handle()
#21 /app/www/vendor/laravel/framework/src/Illuminate/Cookie/Middleware/AddQueuedCookiesToResponse.php(37): Illuminate\\Pipeline\\Pipeline->Illuminate\\Pipeline\\{closure}()
#22 /app/www/vendor/laravel/framework/src/Illuminate/Pipeline/Pipeline.php(167): Illuminate\\Cookie\\Middleware\\AddQueuedCookiesToResponse->handle()
#23 /app/www/vendor/laravel/framework/src/Illuminate/Cookie/Middleware/EncryptCookies.php(67): Illuminate\\Pipeline\\Pipeline->Illuminate\\Pipeline\\{closure}()
#24 /app/www/vendor/laravel/framework/src/Illuminate/Pipeline/Pipeline.php(167): Illuminate\\Cookie\\Middleware\\EncryptCookies->handle()
#25 /app/www/vendor/laravel/framework/src/Illuminate/Pipeline/Pipeline.php(103): Illuminate\\Pipeline\\Pipeline->Illuminate\\Pipeline\\{closure}()
#26 /app/www/vendor/laravel/framework/src/Illuminate/Routing/Router.php(723): Illuminate\\Pipeline\\Pipeline->then()
#27 /app/www/vendor/laravel/framework/src/Illuminate/Routing/Router.php(698): Illuminate\\Routing\\Router->runRouteWithinStack()
#28 /app/www/vendor/laravel/framework/src/Illuminate/Routing/Router.php(662): Illuminate\\Routing\\Router->runRoute()
#29 /app/www/vendor/laravel/framework/src/Illuminate/Routing/Router.php(651): Illuminate\\Routing\\Router->dispatchToRoute()
#30 /app/www/vendor/laravel/framework/src/Illuminate/Foundation/Http/Kernel.php(167): Illuminate\\Routing\\Router->dispatch()
#31 /app/www/vendor/laravel/framework/src/Illuminate/Pipeline/Pipeline.php(128): Illuminate\\Foundation\\Http\\Kernel->Illuminate\\Foundation\\Http\\{closure}()
#32 /app/www/vendor/fideloper/proxy/src/TrustProxies.php(57): Illuminate\\Pipeline\\Pipeline->Illuminate\\Pipeline\\{closure}()
#33 /app/www/vendor/laravel/framework/src/Illuminate/Pipeline/Pipeline.php(167): Fideloper\\Proxy\\TrustProxies->handle()
#34 /app/www/vendor/laravel/framework/src/Illuminate/Foundation/Http/Middleware/TransformsRequest.php(21): Illuminate\\Pipeline\\Pipeline->Illuminate\\Pipeline\\{closure}()
#35 /app/www/vendor/laravel/framework/src/Illuminate/Foundation/Http/Middleware/ConvertEmptyStringsToNull.php(31): Illuminate\\Foundation\\Http\\Middleware\\TransformsRequest->handle()
#36 /app/www/vendor/laravel/framework/src/Illuminate/Pipeline/Pipeline.php(167): Illuminate\\Foundation\\Http\\Middleware\\ConvertEmptyStringsToNull->handle()
#37 /app/www/vendor/laravel/framework/src/Illuminate/Foundation/Http/Middleware/TransformsRequest.php(21): Illuminate\\Pipeline\\Pipeline->Illuminate\\Pipeline\\{closure}()
#38 /app/www/vendor/laravel/framework/src/Illuminate/Foundation/Http/Middleware/TrimStrings.php(40): Illuminate\\Foundation\\Http\\Middleware\\TransformsRequest->handle()
#39 /app/www/vendor/laravel/framework/src/Illuminate/Pipeline/Pipeline.php(167): Illuminate\\Foundation\\Http\\Middleware\\TrimStrings->handle()
#40 /app/www/vendor/laravel/framework/src/Illuminate/Foundation/Http/Middleware/ValidatePostSize.php(27): Illuminate\\Pipeline\\Pipeline->Illuminate\\Pipeline\\{closure}()
#41 /app/www/vendor/laravel/framework/src/Illuminate/Pipeline/Pipeline.php(167): Illuminate\\Foundation\\Http\\Middleware\\ValidatePostSize->handle()
#42 /app/www/vendor/laravel/framework/src/Illuminate/Foundation/Http/Middleware/PreventRequestsDuringMaintenance.php(86): Illuminate\\Pipeline\\Pipeline->Illuminate\\Pipeline\\{closure}()
#43 /app/www/vendor/laravel/framework/src/Illuminate/Pipeline/Pipeline.php(167): Illuminate\\Foundation\\Http\\Middleware\\PreventRequestsDuringMaintenance->handle()
#44 /app/www/vendor/laravel/framework/src/Illuminate/Pipeline/Pipeline.php(103): Illuminate\\Pipeline\\Pipeline->Illuminate\\Pipeline\\{closure}()
#45 /app/www/vendor/laravel/framework/src/Illuminate/Foundation/Http/Kernel.php(142): Illuminate\\Pipeline\\Pipeline->then()
#46 /app/www/vendor/laravel/framework/src/Illuminate/Foundation/Http/Kernel.php(111): Illuminate\\Foundation\\Http\\Kernel->sendRequestThroughRouter()
#47 /app/www/public/index.php(55): Illuminate\\Foundation\\Http\\Kernel->handle()
#48 {main}
"} 
[2023-01-08 06:03:47] local.ERROR: cURL error 60: SSL: no alternative certificate subject name matches target host name '192.168.100.50' (see https://curl.haxx.se/libcurl/c/libcurl-errors.html) for https://192.168.100.50:32400/library/onDeck?X-Plex-Token=zGqxSysMJpbnktLCFc5r {"exception":"[object] (GuzzleHttp\\Exception\\RequestException(code: 0): cURL error 60: SSL: no alternative certificate subject name matches target host name '192.168.100.50' (see https://curl.haxx.se/libcurl/c/libcurl-errors.html) for https://192.168.100.50:32400/library/onDeck?X-Plex-Token=zGqxSysMJpbnktLCFc5r at /app/www/vendor/guzzlehttp/guzzle/src/Handler/CurlFactory.php:211)
[stacktrace]
#0 /app/www/vendor/guzzlehttp/guzzle/src/Handler/CurlFactory.php(158): GuzzleHttp\\Handler\\CurlFactory::createRejection()
#1 /app/www/vendor/guzzlehttp/guzzle/src/Handler/CurlFactory.php(110): GuzzleHttp\\Handler\\CurlFactory::finishError()
#2 /app/www/vendor/guzzlehttp/guzzle/src/Handler/CurlHandler.php(47): GuzzleHttp\\Handler\\CurlFactory::finish()
#3 /app/www/vendor/guzzlehttp/guzzle/src/Handler/Proxy.php(28): GuzzleHttp\\Handler\\CurlHandler->__invoke()
#4 /app/www/vendor/guzzlehttp/guzzle/src/Handler/Proxy.php(48): GuzzleHttp\\Handler\\Proxy::GuzzleHttp\\Handler\\{closure}()
#5 /app/www/vendor/guzzlehttp/guzzle/src/PrepareBodyMiddleware.php(35): GuzzleHttp\\Handler\\Proxy::GuzzleHttp\\Handler\\{closure}()
#6 /app/www/vendor/guzzlehttp/guzzle/src/Middleware.php(31): GuzzleHttp\\PrepareBodyMiddleware->__invoke()
#7 /app/www/vendor/guzzlehttp/guzzle/src/RedirectMiddleware.php(71): GuzzleHttp\\Middleware::GuzzleHttp\\{closure}()
#8 /app/www/vendor/guzzlehttp/guzzle/src/Middleware.php(61): GuzzleHttp\\RedirectMiddleware->__invoke()
#9 /app/www/vendor/guzzlehttp/guzzle/src/HandlerStack.php(75): GuzzleHttp\\Middleware::GuzzleHttp\\{closure}()
#10 /app/www/vendor/guzzlehttp/guzzle/src/Client.php(331): GuzzleHttp\\HandlerStack->__invoke()
#11 /app/www/vendor/guzzlehttp/guzzle/src/Client.php(168): GuzzleHttp\\Client->transfer()
#12 /app/www/vendor/guzzlehttp/guzzle/src/Client.php(187): GuzzleHttp\\Client->requestAsync()
#13 /app/www/app/SupportedApps.php(94): GuzzleHttp\\Client->request()
#14 /config/www/SupportedApps/Plex/Plex.php(45): App\\SupportedApps->execute()
#15 /app/www/app/Http/Controllers/ItemController.php(503): App\\SupportedApps\\Plex\\Plex->livestats()
#16 /app/www/vendor/laravel/framework/src/Illuminate/Routing/Controller.php(54): App\\Http\\Controllers\\ItemController->getStats()
#17 /app/www/vendor/laravel/framework/src/Illuminate/Routing/ControllerDispatcher.php(45): Illuminate\\Routing\\Controller->callAction()
#18 /app/www/vendor/laravel/framework/src/Illuminate/Routing/Route.php(262): Illuminate\\Routing\\ControllerDispatcher->dispatch()
#19 /app/www/vendor/laravel/framework/src/Illuminate/Routing/Route.php(205): Illuminate\\Routing\\Route->runController()
#20 /app/www/vendor/laravel/framework/src/Illuminate/Routing/Router.php(721): Illuminate\\Routing\\Route->run()
#21 /app/www/vendor/laravel/framework/src/Illuminate/Pipeline/Pipeline.php(128): Illuminate\\Routing\\Router->Illuminate\\Routing\\{closure}()
#22 /app/www/app/Http/Middleware/CheckAllowed.php(46): Illuminate\\Pipeline\\Pipeline->Illuminate\\Pipeline\\{closure}()
#23 /app/www/vendor/laravel/framework/src/Illuminate/Pipeline/Pipeline.php(167): App\\Http\\Middleware\\CheckAllowed->handle()
#24 /app/www/app/Http/Controllers/Controller.php(22): Illuminate\\Pipeline\\Pipeline->Illuminate\\Pipeline\\{closure}()
#25 /app/www/vendor/laravel/framework/src/Illuminate/Pipeline/Pipeline.php(149): App\\Http\\Controllers\\Controller->App\\Http\\Controllers\\{closure}()
#26 /app/www/vendor/laravel/framework/src/Illuminate/Routing/Middleware/SubstituteBindings.php(50): Illuminate\\Pipeline\\Pipeline->Illuminate\\Pipeline\\{closure}()
#27 /app/www/vendor/laravel/framework/src/Illuminate/Pipeline/Pipeline.php(167): Illuminate\\Routing\\Middleware\\SubstituteBindings->handle()
#28 /app/www/vendor/laravel/framework/src/Illuminate/Foundation/Http/Middleware/VerifyCsrfToken.php(78): Illuminate\\Pipeline\\Pipeline->Illuminate\\Pipeline\\{closure}()
#29 /app/www/vendor/laravel/framework/src/Illuminate/Pipeline/Pipeline.php(167): Illuminate\\Foundation\\Http\\Middleware\\VerifyCsrfToken->handle()
#30 /app/www/vendor/laravel/framework/src/Illuminate/View/Middleware/ShareErrorsFromSession.php(49): Illuminate\\Pipeline\\Pipeline->Illuminate\\Pipeline\\{closure}()
#31 /app/www/vendor/laravel/framework/src/Illuminate/Pipeline/Pipeline.php(167): Illuminate\\View\\Middleware\\ShareErrorsFromSession->handle()
#32 /app/www/vendor/laravel/framework/src/Illuminate/Session/Middleware/StartSession.php(121): Illuminate\\Pipeline\\Pipeline->Illuminate\\Pipeline\\{closure}()
#33 /app/www/vendor/laravel/framework/src/Illuminate/Session/Middleware/StartSession.php(64): Illuminate\\Session\\Middleware\\StartSession->handleStatefulRequest()
#34 /app/www/vendor/laravel/framework/src/Illuminate/Pipeline/Pipeline.php(167): Illuminate\\Session\\Middleware\\StartSession->handle()
#35 /app/www/vendor/laravel/framework/src/Illuminate/Cookie/Middleware/AddQueuedCookiesToResponse.php(37): Illuminate\\Pipeline\\Pipeline->Illuminate\\Pipeline\\{closure}()
#36 /app/www/vendor/laravel/framework/src/Illuminate/Pipeline/Pipeline.php(167): Illuminate\\Cookie\\Middleware\\AddQueuedCookiesToResponse->handle()
#37 /app/www/vendor/laravel/framework/src/Illuminate/Cookie/Middleware/EncryptCookies.php(67): Illuminate\\Pipeline\\Pipeline->Illuminate\\Pipeline\\{closure}()
#38 /app/www/vendor/laravel/framework/src/Illuminate/Pipeline/Pipeline.php(167): Illuminate\\Cookie\\Middleware\\EncryptCookies->handle()
#39 /app/www/vendor/laravel/framework/src/Illuminate/Pipeline/Pipeline.php(103): Illuminate\\Pipeline\\Pipeline->Illuminate\\Pipeline\\{closure}()
#40 /app/www/vendor/laravel/framework/src/Illuminate/Routing/Router.php(723): Illuminate\\Pipeline\\Pipeline->then()
#41 /app/www/vendor/laravel/framework/src/Illuminate/Routing/Router.php(698): Illuminate\\Routing\\Router->runRouteWithinStack()
#42 /app/www/vendor/laravel/framework/src/Illuminate/Routing/Router.php(662): Illuminate\\Routing\\Router->runRoute()
#43 /app/www/vendor/laravel/framework/src/Illuminate/Routing/Router.php(651): Illuminate\\Routing\\Router->dispatchToRoute()
#44 /app/www/vendor/laravel/framework/src/Illuminate/Foundation/Http/Kernel.php(167): Illuminate\\Routing\\Router->dispatch()
#45 /app/www/vendor/laravel/framework/src/Illuminate/Pipeline/Pipeline.php(128): Illuminate\\Foundation\\Http\\Kernel->Illuminate\\Foundation\\Http\\{closure}()
#46 /app/www/vendor/fideloper/proxy/src/TrustProxies.php(57): Illuminate\\Pipeline\\Pipeline->Illuminate\\Pipeline\\{closure}()
#47 /app/www/vendor/laravel/framework/src/Illuminate/Pipeline/Pipeline.php(167): Fideloper\\Proxy\\TrustProxies->handle()
#48 /app/www/vendor/laravel/framework/src/Illuminate/Foundation/Http/Middleware/TransformsRequest.php(21): Illuminate\\Pipeline\\Pipeline->Illuminate\\Pipeline\\{closure}()
#49 /app/www/vendor/laravel/framework/src/Illuminate/Foundation/Http/Middleware/ConvertEmptyStringsToNull.php(31): Illuminate\\Foundation\\Http\\Middleware\\TransformsRequest->handle()
#50 /app/www/vendor/laravel/framework/src/Illuminate/Pipeline/Pipeline.php(167): Illuminate\\Foundation\\Http\\Middleware\\ConvertEmptyStringsToNull->handle()
#51 /app/www/vendor/laravel/framework/src/Illuminate/Foundation/Http/Middleware/TransformsRequest.php(21): Illuminate\\Pipeline\\Pipeline->Illuminate\\Pipeline\\{closure}()
#52 /app/www/vendor/laravel/framework/src/Illuminate/Foundation/Http/Middleware/TrimStrings.php(40): Illuminate\\Foundation\\Http\\Middleware\\TransformsRequest->handle()
#53 /app/www/vendor/laravel/framework/src/Illuminate/Pipeline/Pipeline.php(167): Illuminate\\Foundation\\Http\\Middleware\\TrimStrings->handle()
#54 /app/www/vendor/laravel/framework/src/Illuminate/Foundation/Http/Middleware/ValidatePostSize.php(27): Illuminate\\Pipeline\\Pipeline->Illuminate\\Pipeline\\{closure}()
#55 /app/www/vendor/laravel/framework/src/Illuminate/Pipeline/Pipeline.php(167): Illuminate\\Foundation\\Http\\Middleware\\ValidatePostSize->handle()
#56 /app/www/vendor/laravel/framework/src/Illuminate/Foundation/Http/Middleware/PreventRequestsDuringMaintenance.php(86): Illuminate\\Pipeline\\Pipeline->Illuminate\\Pipeline\\{closure}()
#57 /app/www/vendor/laravel/framework/src/Illuminate/Pipeline/Pipeline.php(167): Illuminate\\Foundation\\Http\\Middleware\\PreventRequestsDuringMaintenance->handle()
#58 /app/www/vendor/laravel/framework/src/Illuminate/Pipeline/Pipeline.php(103): Illuminate\\Pipeline\\Pipeline->Illuminate\\Pipeline\\{closure}()
#59 /app/www/vendor/laravel/framework/src/Illuminate/Foundation/Http/Kernel.php(142): Illuminate\\Pipeline\\Pipeline->then()
#60 /app/www/vendor/laravel/framework/src/Illuminate/Foundation/Http/Kernel.php(111): Illuminate\\Foundation\\Http\\Kernel->sendRequestThroughRouter()
#61 /app/www/public/index.php(55): Illuminate\\Foundation\\Http\\Kernel->handle()
#62 {main}
"} 
